id_empresa,cnae_descricao,cnae_4dig,situacao_desc,classe_risco,sancionada,municipio,porte_desc,opcao_simples,opcao_mei,score_risco,score_risco_v2,if_score,if_anomalia,if_score_norm,if_score_risco,dbscan_cluster,dbscan_outlier,pca_1,pca_2,score_manual_norm,score_final,ranking,classe_final
EMP_RJ_00000,Comércio varejista de combustíveis (postos),4731,Ativa,Baixo,0,6001,,,,0,2,0.15551581481586035,0,0.9714196467108589,0.028580353289141103,0,0,0.13236385546933022,1.5400553643722867,0.16666666666666666,0.06429017664457054,1424,Baixo
EMP_RJ_00001,Comércio varejista de combustíveis (postos),4731,Ativa,Médio,0,6001,,,,0,3,0.12063698402569806,0,0.8774289356174373,0.12257106438256271,0,0,0.36414560909152455,1.628744405130512,0.25,0.13628553219128137,1037,Baixo
EMP_RJ_00002,Comércio atacadista de combustíveis,4681,Inapta,Crítico,0,6001,,,,4,10,0.06960857915943958,0,0.7399187051800271,0.2600812948199729,1,0,-1.566753041946274,0.849687259595221,0.8333333333333334,0.38004064740998644,290,Médio
EMP_RJ_00003,Comércio varejista de combustíveis (postos),4731,Ativa,Baixo,0,5869,,,,0,2,0.16004884640899852,0,0.9836351611990388,0.01636483880096118,2,0,-1.4288963048426695,0.18264899979805005,0.16666666666666666,0.058182419400480585,1472,Baixo
EMP_RJ_00004,Comércio varejista de combustíveis (postos),4731,Inapta,Crítico,0,5877,,,,4,10,-0.004350337961304573,1,0.5406158313623973,0.4593841686376027,13,0,-2.98119016282282,-1.643224202544886,0.8333333333333334,0.47969208431880134,167,Médio
EMP_RJ_00005,Comércio varejista de combustíveis (postos),4731,Ativa,Baixo,0,6001,,,,0,2,0.1524666018214561,0,0.9632026941603682,0.03679730583963181,0,0,-0.12976086512556792,1.235601096789398,0.16666666666666666,0.0683986529198159,1388,Baixo
EMP_RJ_00006,Comércio varejista de combustíveis (postos),4731,Inapta,Alto,0,6007,,,,4,8,0.10836964270517468,0,0.8443711722744378,0.1556288277255622,3,0,-2.7231460209154763,0.7406919116254133,0.6666666666666666,0.27781441386278105,528,Baixo
EMP_RJ_00007,Comércio varejista de combustíveis (postos),4731,Ativa,Médio,0,5915,,,,0,3,0.12042403924457673,0,0.8768550966742216,0.12314490332577843,2,0,-1.1097433954850258,0.1739025891599198,0.25,0.13657245166288923,1035,Baixo
EMP_RJ_00008,Comércio varejista de combustíveis (postos),4731,Inapta,Alto,0,6001,,,,4,8,0.13112460975226597,0,0.9056907602655219,0.09430923973447813,4,0,-0.8874133955862021,2.067791827015316,0.6666666666666666,0.24715461986723905,665,Baixo
EMP_RJ_00009,Comércio atacadista de combustíveis,4681,Ativa,Médio,0,5833,,,,0,4,0.06493123425523634,0,0.7273142983345071,0.2726857016654929,5,0,-1.5976688314514658,-2.3411773838999954,0.3333333333333333,0.23634285083274642,717,Baixo
EMP_RJ_00010,Comércio varejista de combustíveis (postos),4731,Ativa,Baixo,0,5867,,,,0,2,0.15441205821338444,0,0.9684452675361409,0.03155473246385909,2,0,-1.2294511938576305,0.35175144612359655,0.16666666666666666,0.06577736623192953,1410,Baixo
EMP_RJ_00011,Comércio varejista de combustíveis (postos),4731,Ativa,Médio,0,5869,,,,0,3,0.13098916540878303,0,0.9053257678082307,0.09467423219176929,2,0,-0.8492527668414936,0.5545624285873283,0.25,0.12233711609588464,1097,Baixo
EMP_RJ_00012,Comércio varejista de combustíveis (postos),4731,Ativa,Médio,0,5887,,,,0,3,0.09093930586410126,0,0.797400281416696,0.20259971858330394,2,0,-1.0586488491047747,0.5059024930131483,0.25,0.17629985929165198,877,Baixo
EMP_RJ_00013,Comércio varejista de combustíveis (postos),4731,Ativa,Médio,0,5859,,,,0,4,0.027229591925413965,0,0.6257167363838544,0.3742832636161456,5,0,-2.0016894242359635,-3.1568953874063097,0.3333333333333333,0.2871416318080728,471,Baixo
EMP_RJ_00014,Comércio varejista de combustíveis (postos),4731,Inapta,Crítico,0,5897,,,,4,10,0.08567627520538562,0,0.7832175813974429,0.2167824186025571,6,0,-2.8692537710514996,-0.21820611674776436,0.8333333333333334,0.35839120930127855,361,Médio
EMP_RJ_00015,Comércio varejista de combustíveis (postos),4731,Ativa,Baixo,0,6001,,,,0,2,0.13783464310099874,0,0.9237728115161002,0.07622718848389975,0,0,1.076338543120597,1.5942321938163495,0.16666666666666666,0.08811359424194987,1267,Baixo
EMP_RJ_00016,Comércio varejista de combustíveis (postos),4731,Ativa,Baixo,0,5833,,,,0,2,0.13411308204663436,0,0.9137440301047706,0.08625596989522943,2,0,-0.12140303995998478,0.5796220190126216,0.16666666666666666,0.0931279849476147,1240,Baixo
EMP_RJ_00017,Comércio varejista de combustíveis (postos),4731,Ativa,Baixo,0,5867,,,,0,2,0.1471576291289053,0,0.9488961905521924,0.05110380944780757,2,0,-0.9532241880771882,0.6312727902980987,0.16666666666666666,0.07555190472390377,1341,Baixo
EMP_RJ_00018,Comércio varejista de combustíveis (postos),4731,Ativa,Médio,0,5883,,S,N,0,4,0.11110553436690995,0,0.8517437933438801,0.14825620665611994,7,0,-1.9920015306148215,-0.8894620038236514,0.3333333333333333,0.17412810332805995,882,Baixo
EMP_RJ_00019,Comércio varejista de combustíveis (postos),4731,Ativa,Baixo,0,6001,,,,0,2,0.1567076920598232,0,0.9746314914647758,0.02536850853522421,0,0,0.08611325923143852,1.4914729510145608,0.16666666666666666,0.0626842542676121,1437,Baixo
EMP_RJ_00020,Comércio varejista de combustíveis (postos),4731,Inapta,Alto,0,6001,,,,4,8,0.13258874676830457,0,0.9096362847042161,0.09036371529578391,4,0,-0.8663781419300006,2.0306013582564084,0.6666666666666666,0.24518185764789194,687,Baixo
EMP_RJ_00021,Comércio varejista de combustíveis (postos),4731,Ativa,Alto,0,5865,,,,3,6,0.042803289959038426,0,0.6676843975517698,0.3323156024482302,8,0,2.205771301357763,1.3015056198266766,0.5,0.3161578012241151,411,Médio
EMP_RJ_00022,Transporte dutoviário de combustíveis,5221,Ativa,Médio,0,5833,,,,0,4,0.0587941759757209,0,0.7107762877806636,0.2892237122193364,5,0,-1.960979591029052,-1.6988417684339054,0.3333333333333333,0.24461185610966818,689,Baixo
EMP_RJ_00023,Comércio varejista de combustíveis (postos),4731,Ativa,Médio,0,5909,,,,0,3,0.12240713204157683,0,0.8821990918120073,0.11780090818799271,2,0,-1.3417040188673484,0.2450904095372645,0.25,0.13390045409399637,1048,Baixo
EMP_RJ_00024,Transporte dutoviário de combustíveis,5221,Ativa,Baixo,0,6001,,,,0,2,0.09407015021349319,0,0.8058372123589216,0.19416278764107842,-1,1,1.2964245898944942,3.1768668251557326,0.16666666666666666,0.3470813938205392,368,Médio
EMP_RJ_00025,Comércio varejista de combustíveis (postos),4731,Inapta,Alto,0,5877,,,,4,8,0.1400682011596544,0,0.9297917549682042,0.07020824503179579,3,0,-2.200127992129697,0.914187497615205,0.6666666666666666,0.23510412251589788,734,Baixo
EMP_RJ_00026,Comércio varejista de combustíveis (postos),4731,Inapta,Alto,0,5849,,,,4,8,0.06841467496077158,0,0.7367013982328608,0.26329860176713915,-1,1,-1.690219409446282,0.7983534510716291,0.6666666666666666,0.5316493008835697,117,Alto
EMP_RJ_00027,Comércio varejista de combustíveis (postos),4731,Ativa,Baixo,0,5813,,,,0,2,0.13008269698162434,0,0.9028830364975122,0.09711696350248777,2,0,-1.2921205996275693,0.4173823284579098,0.16666666666666666,0.09855848175124388,1214,Baixo
EMP_RJ_00028,Comércio varejista de combustíveis (postos),4731,Inapta,Crítico,0,5839,,,,7,12,0.018802411106706163,0,0.6030073536517188,0.39699264634828124,-1,1,1.1857050695863343,1.4282044700413692,1.0,0.6984963231741406,10,Alto
EMP_RJ_00029,Comércio varejista de combustíveis (postos),4731,Inapta,Alto,0,5909,,N,N,4,8,0.11094917791294279,0,0.8513224473881961,0.14867755261180393,3,0,-2.793464816528459,0.4005572109607829,0.6666666666666666,0.274338776305902,543,Baixo
EMP_RJ_00030,Comércio varejista de combustíveis (postos),4731,Inapta,Crítico,0,5833,,,,4,10,0.08535063679970972,0,0.7823400581371897,0.21765994186281035,6,0,-2.7335530227668183,-0.21962786370835718,0.8333333333333334,0.3588299709314052,360,Médio
EMP_RJ_00031,Comércio varejista de combustíveis (postos),4731,Ativa,Médio,0,5819,,,,0,4,0.09443044178990989,0,0.8068081182264981,0.19319188177350188,7,0,-1.8166937557843439,-0.7275057528846354,0.3333333333333333,0.19659594088675092,809,Baixo
EMP_RJ_00032,Comércio varejista de combustíveis (postos),4731,Ativa,Baixo,0,6001,,,,0,2,0.1380277081753885,0,0.9242930790599972,0.07570692094000275,0,0,1.0963735233189105,1.5588102326477333,0.16666666666666666,0.08785346047000137,1268,Baixo
EMP_RJ_00033,Comércio atacadista de combustíveis,4681,Ativa,Baixo,0,5819,,,,0,2,0.07278013155359708,0,0.7484653352717958,0.2515346647282042,-1,1,0.059746513353042874,-0.9633172976049649,0.16666666666666666,0.3757673323641021,300,Médio
EMP_RJ_00034,Comércio atacadista de combustíveis,4681,Ativa,Baixo,0,5867,,,,0,2,0.09829659354055303,0,0.8172265394867807,0.1827734605132193,9,0,-1.2618005011411904,-0.7819732956917952,0.16666666666666666,0.14138673025660964,1022,Baixo
EMP_RJ_00035,Comércio varejista de combustíveis (postos),4731,Ativa,Baixo,0,6001,,,,0,2,0.1579407276738693,0,0.9779542488950619,0.022045751104938116,0,0,0.10871855907571983,1.451506639427918,0.16666666666666666,0.061022875552469054,1449,Baixo
EMP_RJ_00036,Comércio varejista de combustíveis (postos),4731,Ativa,Médio,0,6001,,,,3,4,0.0757809868277573,0,0.7565519744944132,0.24344802550558675,10,0,2.1185010854008577,2.234023815341598,0.3333333333333333,0.22172401275279335,765,Baixo
EMP_RJ_00037,Comércio varejista de combustíveis (postos),4731,Ativa,Baixo,0,5897,,,,0,2,0.15984567775021047,0,0.9830876667366736,0.016912333263326418,2,0,-1.1431133542192637,0.4243842310884826,0.16666666666666666,0.058456166631663205,1467,Baixo
EMP_RJ_00038,Comércio varejista de combustíveis (postos),4731,Ativa,Baixo,0,6001,,,,0,2,0.15426392345232276,0,0.9680460772188506,0.03195392278114939,0,0,-0.08955197785979002,1.164511548397959,0.16666666666666666,0.06597696139057468,1408,Baixo
EMP_RJ_00039,Comércio varejista de combustíveis (postos),4731,Inapta,Alto,0,5843,,,,4,9,0.06478961971323405,0,0.726932678561068,0.273067321438932,3,0,-2.29952890085434,0.77085988536827,0.75,0.36153366071946597,352,Médio
EMP_RJ_00040,Comércio varejista de combustíveis (postos),4731,Ativa,Baixo,0,5877,,,,0,2,0.16282217254084574,0,0.9911086598605768,0.008891340139423165,2,0,-1.4231351158165049,0.04780293649170674,0.16666666666666666,0.05444567006971158,1496,Baixo
EMP_RJ_00041,Comércio varejista de combustíveis (postos),4731,Ativa,Baixo,0,5821,,,,0,2,0.14621287171035852,0,0.946350278904115,0.05364972109588495,2,0,-1.6751312557816256,0.11900752633892901,0.16666666666666666,0.07682486054794246,1332,Baixo
EMP_RJ_00042,Comércio varejista de combustíveis (postos),4731,Ativa,Baixo,0,776,,,,0,2,0.1299980188102406,0,0.9026548476115277,0.0973451523884723,2,0,-1.6574056229092193,-0.2090497119530003,0.16666666666666666,0.09867257619423614,1212,Baixo
EMP_RJ_00043,Comércio varejista de combustíveis (postos),4731,Ativa,Baixo,0,5875,,,,0,2,0.06330406022535684,0,0.7229294253133548,0.2770705746866452,9,0,-1.777582982553014,-1.3513720655405368,0.16666666666666666,0.1885352873433226,832,Baixo
EMP_RJ_00044,Comércio varejista de combustíveis (postos),4731,Ativa,Alto,0,5901,,,,3,6,0.08079995160353742,0,0.7700769711052935,0.2299230288947065,11,0,1.179180027933785,0.7389983212069873,0.5,0.2649615144473533,584,Baixo
EMP_RJ_00045,Comércio varejista de combustíveis (postos),4731,Ativa,Alto,0,5883,,,,3,6,0.07919304525742527,0,0.7657467149954983,0.2342532850045017,11,0,0.9580963694106805,0.4553348805869733,0.5,0.2671266425022508,577,Baixo
EMP_RJ_00046,Comércio varejista de combustíveis (postos),4731,Ativa,Baixo,0,5865,,,,0,2,0.16068742115868173,0,0.9853559784813072,0.014644021518692818,2,0,-1.281139527640451,0.10882507455418329,0.16666666666666666,0.057322010759346405,1476,Baixo
EMP_RJ_00047,Comércio varejista de combustíveis (postos),4731,Inapta,Crítico,0,5833,,,,4,10,0.08520614808176219,0,0.7819506930972154,0.21804930690278457,6,0,-2.7188672447308395,-0.24559241654441433,0.8333333333333334,0.3590246534513923,358,Médio
EMP_RJ_00048,Comércio varejista de combustíveis (postos),4731,Ativa,Baixo,0,6001,,,,0,2,0.1579407276738693,0,0.9779542488950619,0.022045751104938116,0,0,0.1172493591082875,1.436424126038821,0.16666666666666666,0.061022875552469054,1449,Baixo
EMP_RJ_00049,Comércio varejista de combustíveis (postos),4731,Ativa,Baixo,0,5853,,,,0,2,0.1576684554155624,0,0.9772205355626615,0.02277946443733847,2,0,-1.3796459552186935,-0.004569115074836001,0.16666666666666666,0.06138973221866923,1445,Baixo
EMP_RJ_00050,Comércio varejista de combustíveis (postos),4731,Inapta,Alto,0,5897,,,,4,8,0.13569878931779067,0,0.9180171594105851,0.08198284058941485,3,0,-2.1586390979454277,0.944603999642384,0.6666666666666666,0.2409914202947074,700,Baixo
EMP_RJ_00051,Comércio varejista de combustíveis (postos),4731,Ativa,Baixo,0,5853,,,,0,2,0.15923094908660657,0,0.9814311093661228,0.018568890633877233,2,0,-1.1760540014946794,0.27301769283340593,0.16666666666666666,0.05928444531693861,1464,Baixo
EMP_RJ_00052,Comércio atacadista de combustíveis,4681,Inapta,Alto,0,5869,,N,N,4,8,0.1398100180134424,0,0.929096008667223,0.07090399133277703,3,0,-2.1360168188262367,0.9254988237289654,0.6666666666666666,0.2354519956663885,733,Baixo
EMP_RJ_00053,Comércio varejista de combustíveis (postos),4731,Ativa,Médio,0,5801,,,,2,5,0.014904066191599175,0,0.5925021789552758,0.4074978210447242,-1,1,2.487371431394253,1.763750535428271,0.4166666666666667,0.5287489105223622,119,Alto
EMP_RJ_00054,Comércio varejista de combustíveis (postos),4731,Inapta,Alto,0,5833,,,,4,8,0.13388968216683572,0,0.9131420169900883,0.08685798300991165,3,0,-2.038944105520333,0.9714805214480109,0.6666666666666666,0.2434289915049558,691,Baixo
EMP_RJ_00055,Comércio varejista de combustíveis (postos),4731,Ativa,Baixo,0,5883,,S,N,0,2,0.15743580383269934,0,0.9765935911607158,0.023406408839284243,2,0,-1.0859922793313403,0.5654279313337388,0.16666666666666666,0.06170320441964212,1444,Baixo
EMP_RJ_00056,Comércio varejista de combustíveis (postos),4731,Ativa,Médio,0,5801,,N,N,0,4,0.06758914015275924,0,0.7344767650705779,0.2655232349294221,5,0,-2.1220110327920567,-1.8871384424235405,0.3333333333333333,0.23276161746471102,743,Baixo
EMP_RJ_00057,Comércio varejista de combustíveis (postos),4731,Inapta,Alto,0,5897,,,,4,8,0.13594869264363874,0,0.9186905934325678,0.08130940656743224,3,0,-2.152289622325205,0.9333780837195339,0.6666666666666666,0.2406547032837161,704,Baixo
EMP_RJ_00058,Comércio varejista de combustíveis (postos),4731,Inapta,Crítico,0,6001,,,,4,10,0.07199390737233463,0,0.7463466355275216,0.25365336447247844,1,0,-1.5066203159775036,0.7433722508785315,0.8333333333333334,0.3768266822362392,297,Médio
EMP_RJ_00059,Comércio atacadista de combustíveis,4681,Ativa,Médio,0,5865,,S,N,0,4,0.11936006072149347,0,0.87398791059868,0.12601208940132003,12,0,-1.3217199488380937,0.0011236731635942089,0.3333333333333333,0.16300604470066,941,Baixo
EMP_RJ_00060,Comércio varejista de combustíveis (postos),4731,Inapta,Alto,0,5909,,,,4,8,0.11675492912536123,0,0.8669676588968519,0.1330323411031481,3,0,-2.566156148006953,0.6362126988487252,0.6666666666666666,0.26651617055157406,578,Baixo
EMP_RJ_00061,Comércio varejista de combustíveis (postos),4731,Inapta,Alto,0,5925,,,,4,8,0.1321827098219936,0,0.9085421052134078,0.09145789478659216,3,0,-2.121761574464282,0.8379088792600733,0.6666666666666666,0.24572894739329607,681,Baixo
EMP_RJ_00062,Comércio atacadista de combustíveis,4681,Inapta,Crítico,0,5869,,,,4,10,0.01722938066560631,0,0.5987683855905452,0.40123161440945476,13,0,-2.927722323561853,-1.3521237548469598,0.8333333333333334,0.4506158072047274,194,Médio
EMP_RJ_00063,Comércio varejista de combustíveis (postos),4731,Inapta,Alto,0,5819,,,,4,8,0.12782242882144113,0,0.896792115247441,0.10320788475255904,3,0,-2.0705329501069842,0.9955825160905687,0.6666666666666666,0.2516039423762795,644,Baixo
EMP_RJ_00064,Comércio varejista de combustíveis (postos),4731,Inapta,Alto,0,5833,,,,4,8,0.11221382553398473,0,0.8547303921641966,0.14526960783580345,3,0,-1.7624392460015879,1.2505106135140982,0.6666666666666666,0.27263480391790174,547,Baixo
EMP_RJ_00065,Comércio varejista de combustíveis (postos),4731,Ativa,Baixo,0,2909,,,,0,2,0.12757872597176534,0,0.8961353901331639,0.1038646098668361,2,0,-0.14816499664373073,0.3424853963657945,0.16666666666666666,0.10193230493341804,1199,Baixo
EMP_RJ_00066,Comércio atacadista de combustíveis,4681,Inapta,Crítico,0,5867,,,,4,10,0.014094894968272653,0,0.5903216420234516,0.4096783579765484,13,0,-2.8838241133482385,-1.5455520479391558,0.8333333333333334,0.4548391789882742,193,Médio
EMP_RJ_00067,Comércio varejista de combustíveis (postos),4731,Ativa,Alto,0,5833,,,,3,6,0.039762096561174354,0,0.6594890560348033,0.34051094396519666,14,0,3.488866234848237,1.35781254257202,0.5,0.3202554719825983,401,Médio
EMP_RJ_00068,Comércio varejista de combustíveis (postos),4731,Ativa,Alto,0,5867,,,,3,6,0.05003129513353016,0,0.6871622679604598,0.31283773203954024,14,0,2.6662526017024755,0.8786748978636909,0.5,0.3064188660197701,432,Médio
EMP_RJ_00069,Extração de petróleo e gás natural,0600,Ativa,Médio,0,6007,,S,N,0,4,0.09979435655638308,0,0.821262678534968,0.17873732146503196,12,0,-1.8835181213432548,-0.28552583538132575,0.3333333333333333,0.18936866073251596,829,Baixo
EMP_RJ_00070,Comércio varejista de combustíveis (postos),4731,Ativa,Médio,0,5803,,,,0,3,0.10785462724908718,0,0.8429833198767187,0.1570166801232813,2,0,-1.438725394603782,0.21993954130711438,0.25,0.15350834006164066,978,Baixo
EMP_RJ_00071,Extração de petróleo e gás natural,0600,Ativa,Médio,0,6001,,,,0,4,0.050655646244274044,0,0.6888447556913082,0.3111552443086918,15,0,-0.24908140403309892,-1.5932635472885572,0.3333333333333333,0.2555776221543459,623,Baixo
EMP_RJ_00072,Comércio varejista de combustíveis (postos),4731,Inapta,Alto,0,6001,,,,4,8,0.08875858019828181,0,0.7915237095423929,0.20847629045760707,16,0,0.16879395316300477,2.053894398972711,0.6666666666666666,0.30423814522880355,436,Médio
EMP_RJ_00073,Comércio varejista de combustíveis (postos),4731,Inapta,Alto,0,5833,,,,4,8,0.09007388902833502,0,0.7950681750374642,0.2049318249625358,3,0,-1.4225830390750702,1.7943662409632195,0.6666666666666666,0.30246591248126786,440,Médio
EMP_RJ_00074,Comércio varejista de combustíveis (postos),4731,Inapta,Alto,0,2907,,,,4,8,0.06905790741209306,0,0.738434766987731,0.26156523301226897,17,0,-3.034948253585692,0.7342599612862164,0.6666666666666666,0.3307826165061345,389,Médio
EMP_RJ_00075,Comércio varejista de combustíveis (postos),4731,Ativa,Baixo,0,6001,,,,0,2,0.1220597419815132,0,0.8812629526687945,0.11873704733120549,0,0,1.1832869370182946,2.0120329060524647,0.16666666666666666,0.10936852366560273,1142,Baixo
EMP_RJ_00076,Comércio varejista de combustíveis (postos),4731,Ativa,Baixo,0,6001,,,,0,2,0.15412336086049383,0,0.9676672922177529,0.03233270778224706,0,0,-0.05833252186145005,1.1093153477896949,0.16666666666666666,0.06616635389112352,1403,Baixo
EMP_RJ_00077,Comércio varejista de combustíveis (postos),4731,Ativa,Médio,0,5837,,N,N,0,4,0.0663287886564895,0,0.7310803973977411,0.2689196026022589,5,0,-2.1033556707420304,-1.898085823651293,0.3333333333333333,0.23445980130112942,737,Baixo
EMP_RJ_00078,Extração de petróleo e gás natural,0600,Ativa,Médio,0,6001,,,,0,3,0.1038641034180558,0,0.8322297434517981,0.16777025654820188,0,0,1.4002655703060654,1.8424394717637758,0.25,0.15888512827410095,959,Baixo
EMP_RJ_00079,Comércio atacadista de combustíveis,4681,Ativa,Baixo,0,5869,,,,0,2,0.10150004481249553,0,0.8258591299773979,0.17414087002260215,9,0,-1.2310747049668676,-0.720480687676456,0.16666666666666666,0.13707043501130106,1032,Baixo
EMP_RJ_00080,Comércio varejista de combustíveis (postos),4731,Ativa,Baixo,0,5865,,,,0,2,0.1633870946826832,0,0.9926309997045688,0.007369000295431194,2,0,-1.1262714135585625,0.34220214969997553,0.16666666666666666,0.05368450014771559,1501,Baixo
EMP_RJ_00081,Comércio varejista de combustíveis (postos),4731,Ativa,Médio,0,6001,,,,0,3,0.11987599392594483,0,0.8753782361246367,0.12462176387536328,0,0,0.5069586625897098,1.5066038268849329,0.25,0.13731088193768165,1029,Baixo
EMP_RJ_00082,Extração de petróleo e gás natural,0600,Ativa,Baixo,0,6001,,,,2,2,-0.07378065963445668,1,0.35351651760486164,0.6464834823951384,-1,1,4.179176707753483,-0.3677368667429283,0.16666666666666666,0.5732417411975692,81,Alto
EMP_RJ_00083,Comércio varejista de combustíveis (postos),4731,Ativa,Baixo,0,5897,,,,0,2,0.16025823942544737,0,0.9841994289244229,0.015800571075577086,2,0,-1.3746854677877474,0.065912767957524,0.16666666666666666,0.05790028553778854,1475,Baixo
EMP_RJ_00084,Comércio varejista de combustíveis (postos),4731,Ativa,Baixo,0,6009,,,,0,2,0.1331630333911435,0,0.9111838597469923,0.08881614025300766,2,0,-1.4232612404393483,0.019816542601103784,0.16666666666666666,0.09440807012650382,1230,Baixo
EMP_RJ_00085,Comércio varejista de combustíveis (postos),4731,Inapta,Alto,0,5885,,,,4,8,0.11017282377704757,0,0.8492303452265121,0.15076965477348792,3,0,-2.638145769355276,0.6375683156076033,0.6666666666666666,0.27538482738674397,538,Baixo
EMP_RJ_00086,Comércio varejista de combustíveis (postos),4731,Ativa,Baixo,0,5895,,,,0,2,0.14668274258321995,0,0.9476164766653883,0.052383523334611715,2,0,-1.5385911216861898,0.059941175014201944,0.16666666666666666,0.07619176166730585,1339,Baixo
EMP_RJ_00087,Comércio varejista de combustíveis (postos),4731,Ativa,Médio,0,5907,,,,0,3,0.10854939870341734,0,0.8448555748107437,0.1551444251892563,2,0,-1.3740604572293205,0.22055569879093986,0.25,0.15257221259462816,982,Baixo
EMP_RJ_00088,Comércio varejista de combustíveis (postos),4731,Inapta,Alto,0,5867,,,,4,8,0.12918483573567408,0,0.900463499630643,0.09953650036935702,3,0,-2.11861420592648,0.7789149085716015,0.6666666666666666,0.2497682501846785,651,Baixo
EMP_RJ_00089,Comércio varejista de combustíveis (postos),4731,Ativa,Baixo,0,6001,,,,0,2,0.15420699456922704,0,0.9678926665086088,0.032107333491391166,0,0,0.01316332986793832,1.1132640177004531,0.16666666666666666,0.06605366674569557,1406,Baixo
EMP_RJ_00090,Comércio varejista de combustíveis (postos),4731,Ativa,Médio,0,6001,,,,0,3,0.09872643859351354,0,0.8183848765431692,0.18161512345683084,0,0,2.1956980334084735,2.1665645018739372,0.25,0.16580756172841543,924,Baixo
EMP_RJ_00091,Comércio varejista de combustíveis (postos),4731,Ativa,Médio,0,6001,,,,0,3,0.12375911186437566,0,0.8858423774970499,0.11415762250295014,0,0,0.44545251558564775,1.484993301600708,0.25,0.13207881125147508,1053,Baixo
EMP_RJ_00092,Comércio varejista de combustíveis (postos),4731,Inapta,Crítico,0,5815,,,,4,10,-0.02621763235852359,1,0.48168832423209745,0.5183116757679025,13,0,-3.377496109638841,-1.865903774733332,0.8333333333333334,0.5091558378839512,145,Alto
EMP_RJ_00093,Comércio varejista de combustíveis (postos),4731,Ativa,Baixo,0,786,,,,0,2,0.13722741218466028,0,0.9221364589110508,0.07786354108894922,2,0,-1.6735704807153888,-0.2714621558320699,0.16666666666666666,0.0889317705444746,1259,Baixo
EMP_RJ_00094,Comércio varejista de combustíveis (postos),4731,Ativa,Médio,0,5813,,,,0,3,0.10891801700649495,0,0.8458489193593828,0.15415108064061722,2,0,-1.2133432125046621,0.13904540459120682,0.25,0.15207554032030862,983,Baixo
EMP_RJ_00095,Comércio varejista de combustíveis (postos),4731,Inapta,Alto,0,5819,,,,4,8,0.12802314525029135,0,0.8973330014941521,0.10266699850584793,3,0,-2.053860345275472,0.9661052422641547,0.6666666666666666,0.2513334992529239,645,Baixo
EMP_RJ_00096,Comércio varejista de combustíveis (postos),4731,Ativa,Médio,0,6001,,,,0,3,0.0933315405032048,0,0.8038468230506283,0.19615317694937173,0,0,1.032858806566406,2.35907124862541,0.25,0.17307658847468588,891,Baixo
EMP_RJ_00097,Comércio varejista de combustíveis (postos),4731,Ativa,Baixo,0,5881,,,,0,2,0.13344047308885598,0,0.9119314981821918,0.08806850181780823,2,0,-1.4167897137915804,0.008701620069545153,0.16666666666666666,0.0940342509089041,1232,Baixo
EMP_RJ_00098,Comércio varejista de combustíveis (postos),4731,Inapta,Alto,0,6001,,,,4,8,0.13247557600078413,0,0.90933131459274,0.09066868540726003,4,0,-0.808148886635273,1.9276516948975517,0.6666666666666666,0.24533434270363,685,Baixo
EMP_RJ_00099,Comércio varejista de combustíveis (postos),4731,Inapta,Alto,0,5835,,N,N,4,8,0.06200676875472938,0,0.7194335126047757,0.2805664873952243,17,0,-3.25223193296724,0.41263265905363233,0.6666666666666666,0.3402832436976121,376,Médio
EMP_RJ_00100,Comércio varejista de combustíveis (postos),4731,Ativa,Médio,0,6001,,,,0,4,0.051055400926087735,0,0.6899220058730199,0.3100779941269801,15,0,-0.27728597440418695,-1.5433977004717827,0.3333333333333333,0.25503899706349004,629,Baixo
EMP_RJ_00101,Comércio varejista de combustíveis (postos),4731,Ativa,Médio,0,5819,,N,N,0,3,0.1255819276196949,0,0.8907544615650477,0.10924553843495233,2,0,-0.791075014170302,0.507209624708246,0.25,0.12962276921747617,1068,Baixo
EMP_RJ_00102,Comércio varejista de combustíveis (postos),4731,Ativa,Baixo,0,6001,,,,0,2,0.15788438326853965,0,0.977802413222733,0.02219758677726702,0,0,0.22164585451941646,1.3822042516702144,0.16666666666666666,0.061098793388633506,1448,Baixo
EMP_RJ_00103,Comércio varejista de combustíveis (postos),4731,Ativa,Baixo,0,6001,,,,0,2,0.11984932788437264,0,0.8753063770584744,0.12469362294152564,0,0,1.8741489557881381,1.7837992496316148,0.16666666666666666,0.11234681147076281,1130,Baixo
EMP_RJ_00104,Comércio varejista de combustíveis (postos),4731,Inapta,Alto,0,5819,,,,4,8,0.12802314525029135,0,0.8973330014941521,0.10266699850584793,3,0,-2.0500811893012174,0.9594236767593312,0.6666666666666666,0.2513334992529239,645,Baixo
EMP_RJ_00105,Comércio varejista de combustíveis (postos),4731,Ativa,Baixo,0,6001,,,,0,2,0.13680531377267835,0,0.9209989973335034,0.07900100266649657,0,0,0.6195069062140443,1.9538607177999707,0.16666666666666666,0.08950050133324827,1257,Baixo
EMP_RJ_00106,Extração de petróleo e gás natural,0600,Ativa,Baixo,0,6001,,,,0,2,0.14950920457747746,0,0.9552331646879043,0.04476683531209569,0,0,0.4222922134840832,1.664998868758037,0.16666666666666666,0.07238341765604783,1363,Baixo
EMP_RJ_00107,Extração de petróleo e gás natural,0600,Ativa,Médio,0,5833,,,,0,4,-0.006026391409347798,1,0.536099239153217,0.463900760846783,-1,1,2.245364413896868e-05,-4.443174275486636,0.3333333333333333,0.5319503804233915,116,Alto
EMP_RJ_00108,Comércio atacadista de combustíveis,4681,Ativa,Médio,0,5833,,,,0,4,0.06554093902775071,0,0.7289573174331245,0.27104268256687547,5,0,-1.4697757766975115,-2.56729307695493,0.3333333333333333,0.2355213412834377,731,Baixo
EMP_RJ_00109,Comércio varejista de combustíveis (postos),4731,Ativa,Médio,0,6001,,,,0,3,0.11031642813354259,0,0.8496173271085679,0.15038267289143215,0,0,1.5151487437601574,1.5776012051409867,0.25,0.15019133644571608,990,Baixo
EMP_RJ_00110,Comércio varejista de combustíveis (postos),4731,Ativa,Médio,0,6001,,,,3,4,0.07617723471174181,0,0.7576197746339601,0.24238022536603987,10,0,2.1696721654760203,2.143553029197242,0.3333333333333333,0.2211901126830199,766,Baixo
EMP_RJ_00111,Comércio varejista de combustíveis (postos),4731,Ativa,Baixo,0,6007,,,,0,2,0.1097735780005053,0,0.848154466431606,0.15184553356839403,2,0,-0.7136939025001066,0.3784119787338118,0.16666666666666666,0.125922766784197,1078,Baixo
EMP_RJ_00112,Comércio varejista de combustíveis (postos),4731,Ativa,Baixo,0,5915,,,,0,2,0.16119648008975163,0,0.986727779365562,0.013272220634438003,2,0,-1.1835566657406127,0.18275539377071337,0.16666666666666666,0.056636110317219,1479,Baixo
EMP_RJ_00113,Comércio varejista de combustíveis (postos),4731,Ativa,Baixo,0,5873,,,,0,2,0.14431232443097064,0,0.9412287256235298,0.05877127437647023,2,0,-1.8182322682330867,-0.268966831139272,0.16666666666666666,0.0793856371882351,1318,Baixo
EMP_RJ_00114,Comércio varejista de combustíveis (postos),4731,Ativa,Baixo,0,6001,,,,0,2,0.1495872122445842,0,0.955443378044717,0.04455662195528298,0,0,0.3635649489963874,1.6384752855592801,0.16666666666666666,0.07227831097764148,1366,Baixo
EMP_RJ_00115,Comércio varejista de combustíveis (postos),4731,Ativa,Médio,0,6001,,,,0,3,0.10440875882433825,0,0.8336974689396548,0.1663025310603452,0,0,1.5873392298353017,1.5803217447807094,0.25,0.1581512655301726,965,Baixo
EMP_RJ_00116,Comércio varejista de combustíveis (postos),4731,Inapta,Alto,0,6001,,,,4,8,0.07508943621227387,0,0.7546883990065355,0.2453116009934645,-1,1,0.00435696308081533,3.041290852487283,0.6666666666666666,0.5226558004967323,131,Alto
EMP_RJ_00117,Comércio varejista de combustíveis (postos),4731,Inapta,Alto,0,5819,,,,4,8,0.12802314525029135,0,0.8973330014941521,0.10266699850584793,3,0,-2.0396469185946073,0.9409758180124017,0.6666666666666666,0.2513334992529239,645,Baixo
EMP_RJ_00118,Comércio varejista de combustíveis (postos),4731,Ativa,Médio,0,5885,,,,0,3,0.07294072973967003,0,0.7488981117544744,0.2511018882455256,2,0,-0.25368011748090247,0.7862584964978823,0.25,0.2005509441227628,798,Baixo
EMP_RJ_00119,Comércio varejista de combustíveis (postos),4731,Ativa,Baixo,0,786,,,,0,2,0.12957887392621842,0,0.9015253451365902,0.09847465486340978,2,0,-1.1909589185743226,0.28070864414591573,0.16666666666666666,0.09923732743170488,1211,Baixo
EMP_RJ_00120,Comércio varejista de combustíveis (postos),4731,Inapta,Alto,0,2909,,,,4,8,0.13241607575587544,0,0.9091709746328701,0.09082902536712989,3,0,-2.1365487850817853,0.7292405180204574,0.6666666666666666,0.24541451268356493,684,Baixo
EMP_RJ_00121,Extração de petróleo e gás natural,0600,Ativa,Baixo,0,6001,,,,0,2,0.12700241088247477,0,0.8945823488233168,0.10541765117668322,0,0,1.8482122293621928,2.0217334064351884,0.16666666666666666,0.1027088255883416,1188,Baixo
EMP_RJ_00122,Comércio varejista de combustíveis (postos),4731,Suspensa,Alto,0,5833,,,,5,8,-0.04943803714759143,1,0.4191144847839826,0.5808855152160174,-1,1,1.4923558070589025,-1.1893782759725113,0.6666666666666666,0.6904427576080088,15,Alto
EMP_RJ_00123,Comércio varejista de combustíveis (postos),4731,Inapta,Crítico,0,6001,,N,N,7,10,0.03687452282423315,0,0.6517076854234254,0.3482923145765746,18,0,1.0138529442086253,2.4046276706126593,0.8333333333333334,0.4241461572882873,232,Médio
EMP_RJ_00124,Comércio atacadista de combustíveis,4681,Ativa,Baixo,0,6001,,N,N,0,2,0.1542533840445401,0,0.9680176758530492,0.03198232414695079,0,0,-0.032559344267179116,1.06374822533674,0.16666666666666666,0.06599116207347538,1407,Baixo
EMP_RJ_00125,Comércio varejista de combustíveis (postos),4731,Ativa,Baixo,0,2919,,,,0,2,0.13763347437648854,0,0.9232307064329275,0.07676929356707252,2,0,-1.4687336679294365,-0.03543801885411399,0.16666666666666666,0.08838464678353625,1265,Baixo
EMP_RJ_00126,Comércio varejista de combustíveis (postos),4731,Ativa,Baixo,0,5903,,,,0,2,0.10651076764293349,0,0.8393619163740607,0.16063808362593934,2,0,-0.462132601558557,0.07210739643373389,0.16666666666666666,0.13031904181296966,1062,Baixo
EMP_RJ_00127,Extração de petróleo e gás natural,0600,Ativa,Alto,0,5899,,,,2,7,-0.05534858180699864,1,0.40318687818417076,0.5968131218158292,-1,1,-0.632762308438498,-5.2296979528136776,0.5833333333333334,0.6734065609079147,21,Alto
EMP_RJ_00128,Comércio varejista de combustíveis (postos),4731,Ativa,Médio,0,6001,,,,3,4,0.0768292152315097,0,0.75937671749253,0.24062328250747,10,0,2.045523370663527,1.8558640072383317,0.3333333333333333,0.22031164125373498,767,Baixo
EMP_RJ_00129,Comércio varejista de combustíveis (postos),4731,Inapta,Alto,0,5801,,,,4,8,0.13930902419685443,0,0.9277459414772473,0.07225405852275268,3,0,-2.1719099037814007,0.7335636266958087,0.6666666666666666,0.23612702926137633,718,Baixo
EMP_RJ_00130,Comércio varejista de combustíveis (postos),4731,Ativa,Baixo,0,5819,,N,N,0,2,0.15132993406749728,0,0.9601396267337592,0.03986037326624081,2,0,-1.0076152822799125,0.391573526897135,0.16666666666666666,0.0699301866331204,1380,Baixo
EMP_RJ_00131,Comércio varejista de combustíveis (postos),4731,Ativa,Médio,0,6001,,,,3,4,0.06753737076245997,0,0.7343372580487865,0.26566274195121353,25,0,3.1733633704752986,1.9760271234050375,0.3333333333333333,0.23283137097560674,742,Baixo
EMP_RJ_00132,Comércio varejista de combustíveis (postos),4731,Ativa,Médio,0,6001,,,,0,3,0.11208536712102513,0,0.8543842252398336,0.1456157747601664,0,0,1.4626042426497035,1.5401464572844281,0.25,0.1478078873800832,996,Baixo
EMP_RJ_00133,Comércio varejista de combustíveis (postos),4731,Ativa,Médio,0,5805,,,,0,3,0.09865279002057026,0,0.8181864099780598,0.1818135900219402,2,0,-1.0966898454876675,0.07722056728649661,0.25,0.1659067950109701,923,Baixo
EMP_RJ_00134,Comércio varejista de combustíveis (postos),4731,Ativa,Baixo,0,5829,,,,0,2,0.14768298489694753,0,0.9503119077966262,0.04968809220337378,2,0,-1.5100809122029692,0.009534950878171867,0.16666666666666666,0.07484404610168688,1349,Baixo
EMP_RJ_00135,Extração de petróleo e gás natural,0600,Ativa,Baixo,0,6001,,,,0,2,0.1408825902056693,0,0.9319863527745968,0.06801364722540315,0,0,1.164870337077267,1.4377074618069958,0.16666666666666666,0.08400682361270156,1289,Baixo
EMP_RJ_00136,Comércio varejista de combustíveis (postos),4731,Ativa,Baixo,0,6001,,,,0,2,0.1414706142642576,0,0.9335709471590607,0.06642905284093925,0,0,1.2235976015649628,1.4642310450057527,0.16666666666666666,0.08321452642046961,1299,Baixo
EMP_RJ_00137,Comércio varejista de combustíveis (postos),4731,Inapta,Alto,0,5803,,,,4,8,0.10490383707940609,0,0.835031595003704,0.16496840499629595,3,0,-2.6613851945646654,0.6078929861041082,0.6666666666666666,0.282484202498148,485,Baixo
EMP_RJ_00138,Comércio varejista de combustíveis (postos),4731,Inapta,Alto,0,5837,,,,4,8,0.14118647812374963,0,0.9328052632961367,0.06719473670386333,3,0,-2.1708303437790404,0.7536903570620109,0.6666666666666666,0.23359736835193165,738,Baixo
EMP_RJ_00139,Comércio varejista de combustíveis (postos),4731,Ativa,Médio,0,5819,,,,0,3,0.11443095726605546,0,0.8607050703103428,0.13929492968965718,2,0,-0.5721582188122135,0.757701999931078,0.25,0.1446474648448286,1006,Baixo
EMP_RJ_00140,Comércio varejista de combustíveis (postos),4731,Inapta,Alto,0,6001,,,,4,8,0.11702492042120305,0,0.8676952255414415,0.13230477445855848,4,0,-0.5837995329933591,2.1685392861553003,0.6666666666666666,0.26615238722927925,582,Baixo
EMP_RJ_00141,Comércio varejista de combustíveis (postos),4731,Ativa,Médio,0,5869,,,,3,4,0.06533897830228419,0,0.7284130780830802,0.2715869219169198,19,0,1.8803273380139471,0.9122912373884124,0.3333333333333333,0.23579346095845988,725,Baixo
EMP_RJ_00142,Comércio varejista de combustíveis (postos),4731,Ativa,Baixo,0,5805,,,,0,2,0.11165658097742998,0,0.8532287417092652,0.14677125829073479,2,0,-1.0565821563029496,0.5221990454593848,0.16666666666666666,0.12338562914536738,1092,Baixo
EMP_RJ_00143,Comércio varejista de combustíveis (postos),4731,Ativa,Médio,0,5819,,,,0,3,0.10535211107862863,0,0.8362395939817977,0.1637604060182023,2,0,0.22332561575121734,0.5672267130956568,0.25,0.15688020300910116,968,Baixo
EMP_RJ_00144,Comércio atacadista de combustíveis,4681,Ativa,Baixo,0,5833,,,,0,2,0.07547457842863048,0,0.7557262718356231,0.24427372816437687,-1,1,-0.0468234920088971,-0.3983009598322003,0.16666666666666666,0.37213686408218843,314,Médio
EMP_RJ_00145,Comércio varejista de combustíveis (postos),4731,Inapta,Alto,0,5843,,,,4,9,0.06423564233277845,0,0.7254398324208993,0.27456016757910073,3,0,-2.2328799870223652,0.6530242094636817,0.75,0.36228008378955034,341,Médio
EMP_RJ_00146,Comércio varejista de combustíveis (postos),4731,Ativa,Baixo,0,5903,,,,0,2,0.13407539949989544,0,0.9136424840012011,0.08635751599879893,2,0,-1.5796745580101976,-0.3127400574606534,0.16666666666666666,0.09317875799939945,1239,Baixo
EMP_RJ_00147,Comércio varejista de combustíveis (postos),4731,Ativa,Baixo,0,5839,,,,0,2,0.15672652284238986,0,0.9746822362461743,0.02531776375382566,2,0,-0.951727937443469,0.487544658543783,0.16666666666666666,0.06265888187691282,1438,Baixo
EMP_RJ_00148,Comércio varejista de combustíveis (postos),4731,Ativa,Médio,0,6001,,,,0,3,0.09988132345283435,0,0.8214970350272547,0.17850296497274531,0,0,2.2265562795470206,2.1120069290066117,0.25,0.16425148248637267,935,Baixo
EMP_RJ_00149,Comércio varejista de combustíveis (postos),4731,Ativa,Médio,0,5807,,,,0,3,0.13577327738204087,0,0.9182178882185251,0.08178211178147488,2,0,-0.9753096853270989,0.31075961782396044,0.25,0.11589105589073743,1117,Baixo
EMP_RJ_00150,Comércio varejista de combustíveis (postos),4731,Inapta,Alto,0,1116,,N,N,4,8,0.0988759047288561,0,0.8187876546187804,0.18121234538121955,3,0,-2.6781752606846396,0.6077057841910651,0.6666666666666666,0.29060617269060973,462,Baixo
EMP_RJ_00151,Extração de petróleo e gás natural,0600,Ativa,Baixo,0,6001,,,,0,2,0.051068982347993175,0,0.6899586047920098,0.31004139520799023,-1,1,0.5673763435835173,-0.23293722939846345,0.16666666666666666,0.4050206976039951,256,Médio
EMP_RJ_00152,Comércio varejista de combustíveis (postos),4731,Ativa,Baixo,0,6001,,,,0,2,0.15437732364723888,0,0.9683516655862595,0.031648334413740487,0,0,-0.021791649074606137,1.0447108640597134,0.16666666666666666,0.06582416720687023,1409,Baixo
EMP_RJ_00153,Comércio varejista de combustíveis (postos),4731,Ativa,Médio,0,5819,,,,3,4,0.06171192596086578,0,0.7186389766863347,0.2813610233136653,19,0,1.7388126726256399,0.9572883336200027,0.3333333333333333,0.24068051165683263,703,Baixo
EMP_RJ_00154,Comércio varejista de combustíveis (postos),4731,Ativa,Médio,0,5839,,,,0,3,0.11069148123636452,0,0.8506280120149543,0.1493719879850457,2,0,0.2079976621192455,0.41227581768817273,0.25,0.14968599399252286,992,Baixo
EMP_RJ_00155,Comércio varejista de combustíveis (postos),4731,Ativa,Alto,0,6001,,,,3,6,0.06757653151103687,0,0.7344427875783696,0.26555721242163044,20,0,4.74243346582056,2.2737226531698695,0.5,0.2827786062108152,484,Baixo
EMP_RJ_00156,Comércio varejista de combustíveis (postos),4731,Ativa,Baixo,0,5833,,,,0,2,0.13824329171818123,0,0.9248740288805068,0.07512597111949315,2,0,-0.02759167984222749,0.413762960113007,0.16666666666666666,0.08756298555974656,1271,Baixo
EMP_RJ_00157,Comércio varejista de combustíveis (postos),4731,Ativa,Médio,0,5853,,,,0,3,0.10773346861126026,0,0.8426568242268796,0.1573431757731204,2,0,0.17609492364824278,0.36472810478269985,0.25,0.1536715878865602,976,Baixo
EMP_RJ_00158,Comércio atacadista de combustíveis,4681,Inapta,Alto,0,5897,,,,4,8,0.13621031361064423,0,0.9193956038979052,0.0806043961020948,3,0,-2.1296843224809234,0.893411772132891,0.6666666666666666,0.24030219805104738,706,Baixo
EMP_RJ_00159,Comércio atacadista de combustíveis,4681,Ativa,Baixo,0,5833,,,,0,2,0.1581833922418051,0,0.9786081760703931,0.021391823929606923,2,0,-1.2189219539309228,0.029019934617473753,0.16666666666666666,0.06069591196480346,1455,Baixo
EMP_RJ_00160,Comércio varejista de combustíveis (postos),4731,Inapta,Crítico,0,5869,,,,7,10,0.04493583241579652,0,0.6734311263671215,0.32656887363287845,-1,1,-0.2613850032144178,1.3094246713153477,0.8333333333333334,0.6132844368164392,49,Alto
EMP_RJ_00161,Transporte dutoviário de combustíveis,5221,Ativa,Baixo,0,5833,,,,0,2,0.10670259100534046,0,0.8398788377796385,0.16012116222036155,2,0,0.7252123604582289,1.2452415741196607,0.16666666666666666,0.13006058111018076,1065,Baixo
EMP_RJ_00162,Fabricação de combustíveis,1922,Ativa,Baixo,0,6001,,,,0,2,0.15843870894283052,0,0.9792961979375187,0.020703802062481347,0,0,0.18414834130473418,1.31814632323666,0.16666666666666666,0.06035190103124067,1458,Baixo
EMP_RJ_00163,Comércio varejista de combustíveis (postos),4731,Ativa,Baixo,0,5893,,,,0,2,0.14130284518155123,0,0.933118846700822,0.06688115329917799,2,0,-1.6930082664185506,0.025269254005319056,0.16666666666666666,0.08344057664958898,1295,Baixo
EMP_RJ_00164,Comércio varejista de combustíveis (postos),4731,Inapta,Crítico,0,5833,,,,7,12,0.018185990018319553,0,0.6013462355718439,0.39865376442815614,-1,1,1.4654512777904252,1.4081170937089114,1.0,0.6993268822140781,9,Alto
EMP_RJ_00165,Extração de petróleo e gás natural,0600,Ativa,Médio,0,6001,,,,2,4,0.029726898091318454,0,0.6324464224723443,0.3675535775276557,21,0,4.198088786840206,3.0038615221142626,0.3333333333333333,0.28377678876382784,481,Baixo
EMP_RJ_00166,Comércio varejista de combustíveis (postos),4731,Ativa,Médio,0,5819,,N,N,0,3,0.12627017031696175,0,0.8926091229471951,0.10739087705280492,2,0,-0.7601611972840947,0.45255380141923773,0.25,0.12869543852640247,1069,Baixo
EMP_RJ_00167,Comércio varejista de combustíveis (postos),4731,Ativa,Baixo,0,5819,,,,0,2,0.14881570054429538,0,0.9533643251726954,0.046635674827304574,2,0,-1.1899634194773268,0.07642754273348024,0.16666666666666666,0.07331783741365228,1356,Baixo
EMP_RJ_00168,Comércio varejista de combustíveis (postos),4731,Ativa,Alto,0,5865,,,,3,6,0.07830735934627298,0,0.7633599879548054,0.23664001204519458,11,0,1.1720245615060307,0.4202076249339251,0.5,0.2683200060225973,569,Baixo
EMP_RJ_00169,Comércio varejista de combustíveis (postos),4731,Ativa,Baixo,0,5833,,,,0,2,0.1601131570603913,0,0.9838084641371921,0.01619153586280786,2,0,-1.0130931050469032,0.3026518946377861,0.16666666666666666,0.058095767931403926,1474,Baixo
EMP_RJ_00170,Comércio varejista de combustíveis (postos),4731,Ativa,Médio,0,6001,,,,3,4,0.06826075078015237,0,0.7362866067142486,0.2637133932857514,25,0,3.190313829045113,1.9460585974702092,0.3333333333333333,0.23185669664287567,746,Baixo
EMP_RJ_00171,Comércio varejista de combustíveis (postos),4731,Inapta,Alto,0,5879,,,,4,9,0.04085509962227696,0,0.6624344568011987,0.3375655431988013,3,0,-2.304607645375945,0.7098632929699351,0.75,0.3937827715994006,269,Médio
EMP_RJ_00172,Comércio varejista de combustíveis (postos),4731,Inapta,Alto,0,6001,,S,N,4,8,0.13196453391646928,0,0.9079541695504536,0.0920458304495464,4,0,-0.7693433333145933,1.8590432380687991,0.6666666666666666,0.24602291522477318,673,Baixo
EMP_RJ_00173,Comércio atacadista de combustíveis,4681,Inapta,Crítico,0,5885,,,,4,10,0.05452061517464063,0,0.6992599895133547,0.30074001048664534,6,0,-3.26695339923828,-0.6698771581074948,0.8333333333333334,0.40037000524332267,263,Médio
EMP_RJ_00174,Comércio atacadista de combustíveis,4681,Ativa,Baixo,0,6001,,,,0,2,0.0660718968445172,0,0.7303881309560528,0.2696118690439472,-1,1,1.8757185402662484,0.8158150675021758,0.16666666666666666,0.3848059345219736,280,Médio
EMP_RJ_00175,Comércio varejista de combustíveis (postos),4731,Inapta,Alto,0,6001,,N,N,4,9,0.07750559391898998,0,0.761199408000339,0.23880059199966097,4,0,-0.4697059570681143,1.9581168881883992,0.75,0.34440029599983046,369,Médio
EMP_RJ_00176,Comércio atacadista de combustíveis,4681,Inapta,Alto,0,5877,,N,N,4,8,0.13224238218488205,0,0.9087029089930486,0.09129709100695138,3,0,-2.3048928080595825,0.46187372500488694,0.6666666666666666,0.24564854550347567,682,Baixo
EMP_RJ_00177,Extração de petróleo e gás natural,0600,Ativa,Médio,0,6001,,,,0,4,-0.0065898770772677695,1,0.5345807702877501,0.4654192297122499,-1,1,-0.27375504026460723,-2.332555341931617,0.3333333333333333,0.532709614856125,114,Alto
EMP_RJ_00178,Extração de petróleo e gás natural,0600,Ativa,Médio,0,5865,,,,0,4,0.027371403462152777,0,0.6260988870144051,0.3739011129855949,5,0,-1.5421603590286455,-3.1218096472237016,0.3333333333333333,0.28695055649279744,473,Baixo
EMP_RJ_00179,Extração de petróleo e gás natural,0600,Ativa,Médio,0,6001,,,,3,4,0.042112796461167445,0,0.6658236707613355,0.33417632923866447,-1,1,3.8540798362552326,3.0032500569934686,0.3333333333333333,0.4670881646193322,185,Médio
EMP_RJ_00180,Comércio varejista de combustíveis (postos),4731,Ativa,Baixo,0,5839,,,,0,2,0.16550435956334258,0,0.9983365588416725,0.0016634411583275055,2,0,-1.201903911891338,0.16196493980791218,0.16666666666666666,0.05083172057916375,1519,Baixo
EMP_RJ_00181,Comércio varejista de combustíveis (postos),4731,Ativa,Alto,0,6001,,,,3,6,0.06875189228797718,0,0.7376101241178471,0.2623898758821529,20,0,4.757911299577372,2.246357763409637,0.5,0.2811949379410764,502,Baixo
EMP_RJ_00182,Comércio varejista de combustíveis (postos),4731,Inapta,Alto,0,5833,,,,4,8,0.13356649982622515,0,0.9122711122803069,0.08772888771969312,3,0,-1.9663347113017586,0.8431066825723526,0.6666666666666666,0.24386444385984654,690,Baixo
EMP_RJ_00183,Comércio varejista de combustíveis (postos),4731,Inapta,Alto,0,5877,,,,4,8,0.13962421178093826,0,0.92859530209183,0.07140469790816995,3,0,-2.1034266080002526,0.7432188799576929,0.6666666666666666,0.23570234895408496,728,Baixo
EMP_RJ_00184,Comércio varejista de combustíveis (postos),4731,Inapta,Alto,0,5899,,,,4,8,0.10753447491340462,0,0.8421205803580101,0.15787941964198993,3,0,-2.656436238185541,0.22758414058739831,0.6666666666666666,0.2789397098209949,517,Baixo
EMP_RJ_00185,Comércio varejista de combustíveis (postos),4731,Ativa,Baixo,0,5865,,,,0,2,0.14133793281663903,0,0.9332134000931742,0.06678659990682578,2,0,-0.07630239893425694,0.33933413673685486,0.16666666666666666,0.08339329995341288,1296,Baixo
EMP_RJ_00186,Comércio varejista de combustíveis (postos),4731,Inapta,Crítico,0,6001,,N,N,7,10,0.03584032273909055,0,0.6489207456317725,0.3510792543682275,18,0,1.0463923780305726,2.347097754074233,0.8333333333333334,0.42553962718411376,228,Médio
EMP_RJ_00187,Comércio varejista de combustíveis (postos),4731,Ativa,Médio,0,2915,,N,N,0,4,0.08596411021192013,0,0.7839932328837131,0.21600676711628686,7,0,-2.114602897877576,-1.3127184657910185,0.3333333333333333,0.2080033835581434,784,Baixo
EMP_RJ_00188,Comércio varejista de combustíveis (postos),4731,Inapta,Alto,0,6001,,,,4,8,0.13196453391646928,0,0.9079541695504536,0.0920458304495464,4,0,-0.7634939944233147,1.8487015759410947,0.6666666666666666,0.24602291522477318,673,Baixo
EMP_RJ_00189,Comércio varejista de combustíveis (postos),4731,Ativa,Alto,0,5869,,,,3,6,0.03400186733813404,0,0.6439665161884455,0.35603348381155453,8,0,3.11998798169403,1.450938867977561,0.5,0.32801674190577723,393,Médio
EMP_RJ_00190,Comércio varejista de combustíveis (postos),4731,Suspensa,Alto,0,5837,,,,2,6,0.02329134010559497,0,0.6151040214325793,0.38489597856742075,-1,1,-1.9151479887834408,-2.300120359365225,0.5,0.5424479892837104,106,Alto
EMP_RJ_00191,Comércio varejista de combustíveis (postos),4731,Inapta,Crítico,0,6001,,N,N,7,10,0.03584032273909055,0,0.6489207456317725,0.3510792543682275,18,0,1.0470592270024983,2.3459187490140385,0.8333333333333334,0.42553962718411376,228,Médio
EMP_RJ_00192,Extração de petróleo e gás natural,0600,Ativa,Baixo,0,6001,,,,0,2,0.08071525723583567,0,0.7698487385738251,0.23015126142617492,0,0,2.1850925205162346,1.4874320132775432,0.16666666666666666,0.16507563071308745,933,Baixo
EMP_RJ_00193,Comércio varejista de combustíveis (postos),4731,Inapta,Alto,0,5869,,,,4,8,0.13949189075764662,0,0.9282387262895443,0.07176127371045571,3,0,-2.0583779268110476,0.7882327848606191,0.6666666666666666,0.23588063685522784,723,Baixo
EMP_RJ_00194,Comércio varejista de combustíveis (postos),4731,Ativa,Alto,0,5837,,,,3,6,0.08164401604564075,0,0.772351537520643,0.227648462479357,11,0,1.0644514133163494,0.31998144002518675,0.5,0.26382423123967846,589,Baixo
EMP_RJ_00195,Comércio varejista de combustíveis (postos),4731,Ativa,Médio,0,6005,,,,0,3,0.10531421780987626,0,0.8361374800291507,0.16386251997084933,2,0,-1.0173794689661564,0.3493858745632258,0.25,0.15693125998542468,967,Baixo
EMP_RJ_00196,Comércio varejista de combustíveis (postos),4731,Inapta,Alto,0,6001,,,,4,8,0.13196453391646928,0,0.9079541695504536,0.0920458304495464,4,0,-0.7594091993369273,1.8414796331170156,0.6666666666666666,0.24602291522477318,673,Baixo
EMP_RJ_00197,Transporte dutoviário de combustíveis,5221,Ativa,Baixo,0,5867,,,,0,2,0.1573134060162127,0,0.9762637561993011,0.023736243800698942,2,0,-1.1057818610592152,0.13310332194694807,0.16666666666666666,0.06186812190034947,1439,Baixo
EMP_RJ_00198,Extração de petróleo e gás natural,0600,Ativa,Baixo,0,6001,,,,0,2,0.08031981902676377,0,0.7687831203285409,0.2312168796714591,0,0,2.1813133645419795,1.4941135787823667,0.16666666666666666,0.16560843983572954,925,Baixo
EMP_RJ_00199,Comércio varejista de combustíveis (postos),4731,Inapta,Crítico,0,6001,,,,7,12,0.023520614109730886,0,0.6157218640091731,0.38427813599082694,-1,1,2.683936540668663,2.386052346052373,1.0,0.6921390679954135,14,Alto
EMP_RJ_00200,Comércio varejista de combustíveis (postos),4731,Ativa,Baixo,0,5885,,,,0,2,0.11447112767583623,0,0.8608133206528765,0.13918667934712348,2,0,-0.5963230568969163,0.34841071779538363,0.16666666666666666,0.11959333967356173,1105,Baixo
EMP_RJ_00201,Comércio varejista de combustíveis (postos),4731,Inapta,Alto,0,5877,,,,4,8,0.13962421178093826,0,0.92859530209183,0.07140469790816995,3,0,-2.0943401004910798,0.7271538623517673,0.6666666666666666,0.23570234895408496,728,Baixo
EMP_RJ_00202,Comércio varejista de combustíveis (postos),4731,Ativa,Baixo,0,5865,,,,0,2,0.16259632495062054,0,0.9905000507093208,0.00949994929067921,2,0,-1.2594908682240076,-0.05980364919599528,0.16666666666666666,0.0547499746453396,1492,Baixo
EMP_RJ_00203,Extração de petróleo e gás natural,0600,Ativa,Baixo,0,6001,,,,0,2,0.14997204866116376,0,0.9564804268112473,0.04351957318875266,0,0,0.4726019469705084,1.5760509641497655,0.16666666666666666,0.07175978659437632,1369,Baixo
EMP_RJ_00204,Comércio varejista de combustíveis (postos),4731,Ativa,Baixo,0,5897,,,,0,2,0.1387179108399509,0,0.9261530221191864,0.07384697788081362,2,0,-0.1183596821766483,0.3357433360087285,0.16666666666666666,0.0869234889404068,1277,Baixo
EMP_RJ_00205,Comércio varejista de combustíveis (postos),4731,Ativa,Médio,0,6001,,,,0,3,0.12484410925362216,0,0.8887662047538555,0.11123379524614452,0,0,0.5023062223091075,1.3844756045936963,0.25,0.13061689762307227,1061,Baixo
EMP_RJ_00206,Comércio varejista de combustíveis (postos),4731,Ativa,Baixo,0,5841,,,,0,2,0.10297569634629145,0,0.8298356834869466,0.17016431651305342,2,0,-0.4346870530432268,-0.010155138683539374,0.16666666666666666,0.1350821582565267,1042,Baixo
EMP_RJ_00207,Comércio varejista de combustíveis (postos),4731,Ativa,Baixo,0,5873,,,,0,2,0.1408170582987413,0,0.9318097588237123,0.06819024117628769,2,0,-1.373534999914156,0.21988291856778072,0.16666666666666666,0.08409512058814383,1288,Baixo
EMP_RJ_00208,Comércio varejista de combustíveis (postos),4731,Inapta,Crítico,0,5819,,,,4,10,0.07332859491524812,0,0.7499433223545741,0.25005667764542594,6,0,-2.668843543711235,-0.3657819027509162,0.8333333333333334,0.37502833882271297,302,Médio
EMP_RJ_00209,Extração de petróleo e gás natural,0600,Ativa,Médio,0,6001,,,,2,4,0.018027889179480894,0,0.6009201888859239,0.3990798111140761,21,0,3.7960666670724863,2.4570133949589903,0.3333333333333333,0.299539905557038,447,Baixo
EMP_RJ_00210,Comércio atacadista de combustíveis,4681,Ativa,Médio,0,6001,,N,N,0,4,-0.01527919131383737,1,0.511164996148907,0.488835003851093,-1,1,1.2106159800879044,-3.451286389603431,0.3333333333333333,0.5444175019255465,105,Alto
EMP_RJ_00211,Comércio varejista de combustíveis (postos),4731,Ativa,Baixo,0,5805,,N,N,0,2,0.06273550617175655,0,0.7213972982729033,0.27860270172709667,9,0,-1.0242064689474668,-1.2107237221618343,0.16666666666666666,0.18930135086354832,830,Baixo
EMP_RJ_00212,Comércio varejista de combustíveis (postos),4731,Inapta,Alto,0,5865,,,,4,8,0.13936514425463953,0,0.9278971725827153,0.07210282741728469,3,0,-2.0133364573365573,0.7656563903142579,0.6666666666666666,0.23605141370864233,720,Baixo
EMP_RJ_00213,Comércio varejista de combustíveis (postos),4731,Ativa,Baixo,0,5881,,,,0,2,0.1342264186679829,0,0.9140494471555187,0.08595055284448128,2,0,-1.3594636557130066,-0.09265120552177088,0.16666666666666666,0.09297527642224063,1241,Baixo
EMP_RJ_00214,Comércio varejista de combustíveis (postos),4731,Ativa,Médio,0,5893,,,,0,3,0.06090988397421643,0,0.7164776514657308,0.28352234853426916,2,0,0.3491763529577627,0.49709307802367275,0.25,0.2167611742671346,772,Baixo
EMP_RJ_00215,Comércio varejista de combustíveis (postos),4731,Ativa,Baixo,0,2921,,,,0,2,0.14452994416429893,0,0.9418151625258028,0.058184837474197226,2,0,-1.4096257981378502,-0.06659833284518517,0.16666666666666666,0.0790924187370986,1320,Baixo
EMP_RJ_00216,Comércio varejista de combustíveis (postos),4731,Ativa,Baixo,0,5921,,,,0,2,0.15305421848083578,0,0.9647861906943465,0.03521380930565354,2,0,-1.538066596290323,-0.059362284572215346,0.16666666666666666,0.06760690465282676,1393,Baixo
EMP_RJ_00217,Extração de petróleo e gás natural,0600,Ativa,Médio,0,5899,,,,2,5,-0.08419141549128151,1,0.3254618402021156,0.6745381597978843,-1,1,2.3277608900689426,-2.1606548401928993,0.4166666666666667,0.6622690798989421,27,Alto
EMP_RJ_00218,Comércio varejista de combustíveis (postos),4731,Inapta,Alto,0,5819,,N,N,4,8,0.10500374926621336,0,0.835300836181581,0.16469916381841898,3,0,-1.7350208448262652,1.170287438894239,0.6666666666666666,0.28234958190920945,488,Baixo
EMP_RJ_00219,Comércio varejista de combustíveis (postos),4731,Ativa,Baixo,0,5869,,,,0,2,0.16429746953190327,0,0.995084257956101,0.004915742043898996,2,0,-1.0835868649174598,0.20967844335138436,0.16666666666666666,0.052457871021949494,1511,Baixo
EMP_RJ_00220,Comércio varejista de combustíveis (postos),4731,Inapta,Alto,0,6001,,,,4,8,0.13196453391646928,0,0.9079541695504536,0.0920458304495464,4,0,-0.7472103848254258,1.8199120550664607,0.6666666666666666,0.24602291522477318,673,Baixo
EMP_RJ_00221,Comércio varejista de combustíveis (postos),4731,Ativa,Baixo,0,5843,,,,0,2,0.1484599958729907,0,0.9524057799967887,0.04759422000321134,2,0,-1.6699126299204763,-0.33344254946727175,0.16666666666666666,0.07379711000160566,1351,Baixo
EMP_RJ_00222,Comércio varejista de combustíveis (postos),4731,Inapta,Alto,0,5883,,,,4,8,0.13945870763227808,0,0.928149305128369,0.07185069487163098,3,0,-2.1535994110077845,0.6705430490796732,0.6666666666666666,0.23592534743581547,722,Baixo
EMP_RJ_00223,Comércio varejista de combustíveis (postos),4731,Inapta,Alto,0,5907,,,,4,8,0.08243932232045348,0,0.7744947114921683,0.2255052885078317,3,0,-2.357768481633802,0.8235795576421495,0.6666666666666666,0.3127526442539158,420,Médio
EMP_RJ_00224,Comércio varejista de combustíveis (postos),4731,Ativa,Baixo,0,5833,,N,N,0,2,0.15743221164291632,0,0.9765839110061796,0.023416088993820416,2,0,-1.122083770468303,-0.011836808741485972,0.16666666666666666,0.061708044496910204,1443,Baixo
EMP_RJ_00225,Comércio atacadista de combustíveis,4681,Inapta,Alto,0,2907,,,,4,8,0.0694331367679879,0,0.7394459268570472,0.26055407314295276,17,0,-2.9637977640598763,0.6084654643949273,0.6666666666666666,0.33027703657147633,391,Médio
EMP_RJ_00226,Extração de petróleo e gás natural,0600,Ativa,Baixo,0,6001,,,,0,2,0.11544499377841982,0,0.863437673746657,0.13656232625334297,0,0,1.95896689422288,2.1961806441993947,0.16666666666666666,0.11828116312667147,1109,Baixo
EMP_RJ_00227,Comércio varejista de combustíveis (postos),4731,Inapta,Alto,0,5921,,,,4,8,0.11798344326889731,0,0.8702782319672041,0.1297217680327959,3,0,-2.493711809948165,0.48534210251532905,0.6666666666666666,0.26486088401639796,585,Baixo
EMP_RJ_00228,Comércio varejista de combustíveis (postos),4731,Ativa,Baixo,0,5819,,,,0,2,0.12811964664609982,0,0.897593051346973,0.10240694865302702,2,0,0.03183610551629194,0.4073007483134681,0.16666666666666666,0.1012034743265135,1204,Baixo
EMP_RJ_00229,Extração de petróleo e gás natural,0600,Ativa,Médio,0,6001,,,,3,4,0.04241720395790821,0,0.6666439814320964,0.33335601856790364,-1,1,3.877101916706968,2.9625468672442046,0.3333333333333333,0.4666780092839518,186,Médio
EMP_RJ_00230,Comércio varejista de combustíveis (postos),4731,Ativa,Baixo,0,770,,,,0,2,0.13426622695793572,0,0.9141567216654525,0.08584327833454752,2,0,-1.6199798134943275,-0.39432630471464747,0.16666666666666666,0.09292163916727375,1243,Baixo
EMP_RJ_00231,Comércio atacadista de combustíveis,4681,Suspensa,Médio,0,6001,,,,2,4,0.077270353891703,0,0.7605654883149184,0.23943451168508156,-1,1,2.0083651696611247,1.4772219773776365,0.3333333333333333,0.41971725584254077,238,Médio
EMP_RJ_00232,Comércio varejista de combustíveis (postos),4731,Ativa,Alto,0,6001,,,,3,6,0.06860178737843164,0,0.7372056246874712,0.2627943753125288,20,0,4.782225572478884,2.203369982941052,0.5,0.2813971876562644,497,Baixo
EMP_RJ_00233,Comércio varejista de combustíveis (postos),4731,Inapta,Alto,0,5821,,,,4,8,0.11471455698960165,0,0.8614693086485592,0.1385306913514408,3,0,-2.521598417060219,0.4706844656099922,0.6666666666666666,0.26926534567572036,565,Baixo
EMP_RJ_00234,Comércio varejista de combustíveis (postos),4731,Ativa,Baixo,0,5867,,,,0,2,0.15738910152263735,0,0.9764677387960295,0.02353226120397045,2,0,-1.0879004198994164,0.10148883303373742,0.16666666666666666,0.06176613060198522,1441,Baixo
EMP_RJ_00235,Comércio varejista de combustíveis (postos),4731,Ativa,Baixo,0,6001,,,,0,2,0.150049309206701,0,0.9566886268411795,0.0433113731588205,0,0,0.48502304447265177,1.5540903844124794,0.16666666666666666,0.07165568657941024,1371,Baixo
EMP_RJ_00236,Comércio varejista de combustíveis (postos),4731,Ativa,Médio,0,5865,,,,0,4,0.06783184931498493,0,0.735130812417627,0.264869187582373,5,0,-1.837836997500925,-2.077108273550413,0.3333333333333333,0.23243459379118647,744,Baixo
EMP_RJ_00237,Comércio varejista de combustíveis (postos),4731,Inapta,Alto,0,6001,,,,4,8,0.09002347014718087,0,0.7949323073382077,0.20506769266179226,16,0,0.2544079377341571,1.902528350932096,0.6666666666666666,0.3025338463308961,439,Médio
EMP_RJ_00238,Comércio varejista de combustíveis (postos),4731,Ativa,Baixo,0,5865,,,,0,2,0.14141703399304956,0,0.933426560214965,0.06657343978503505,2,0,-0.04986237236806032,0.29258800922370576,0.16666666666666666,0.08328671989251751,1298,Baixo
EMP_RJ_00239,Comércio varejista de combustíveis (postos),4731,Ativa,Baixo,0,6001,,,,0,2,0.13675906548385564,0,0.9208743684553322,0.07912563154466778,0,0,0.6221904948913095,1.8187623661858185,0.16666666666666666,0.08956281577233388,1256,Baixo
EMP_RJ_00240,Comércio varejista de combustíveis (postos),4731,Ativa,Médio,0,2909,,,,0,3,0.13086113348783573,0,0.9049807501852235,0.0950192498147765,2,0,-0.7561956559699264,0.19283806566593722,0.25,0.12250962490738825,1096,Baixo
EMP_RJ_00241,Comércio varejista de combustíveis (postos),4731,Ativa,Alto,0,6001,,,,3,6,0.06860178737843164,0,0.7372056246874712,0.2627943753125288,20,0,4.786977216537197,2.1949690350567783,0.5,0.2813971876562644,497,Baixo
EMP_RJ_00242,Comércio varejista de combustíveis (postos),4731,Ativa,Alto,0,6001,,,,3,6,0.06860178737843164,0,0.7372056246874712,0.2627943753125288,20,0,4.786921645789537,2.195067285478461,0.5,0.2813971876562644,497,Baixo
EMP_RJ_00243,Comércio varejista de combustíveis (postos),4731,Ativa,Baixo,0,6001,,,,0,2,0.14182136180522031,0,0.9345161339684377,0.06548386603156231,0,0,1.21609698790009,1.3471384252409573,0.16666666666666666,0.08274193301578114,1306,Baixo
EMP_RJ_00244,Comércio varejista de combustíveis (postos),4731,Ativa,Baixo,0,5877,,,,0,2,0.1413804166215561,0,0.9333278845223723,0.06667211547762775,2,0,-0.12129309140471031,0.23716050405037,0.16666666666666666,0.08333605773881386,1297,Baixo
EMP_RJ_00245,Comércio varejista de combustíveis (postos),4731,Ativa,Médio,0,6001,,,,0,3,0.10210901738119527,0,0.8275001759491746,0.17249982405082542,0,0,0.920869103173974,1.9195311044946421,0.25,0.16124991202541272,951,Baixo
EMP_RJ_00246,Comércio atacadista de combustíveis,4681,Ativa,Médio,0,6001,,,,0,4,-0.03621657872438355,1,0.45474338204736003,0.5452566179526399,-1,1,1.1892755877850547,-3.6745280988659994,0.3333333333333333,0.57262830897632,82,Alto
EMP_RJ_00247,Extração de petróleo e gás natural,0600,Ativa,Baixo,0,6001,,,,0,2,0.1218543647670795,0,0.8807095066389335,0.11929049336106645,0,0,1.9313360869975607,1.682692050094506,0.16666666666666666,0.10964524668053321,1136,Baixo
EMP_RJ_00248,Comércio varejista de combustíveis (postos),4731,Inapta,Alto,0,5911,,,,4,9,0.06502650399863902,0,0.7275710291573372,0.2724289708426628,3,0,-2.203163534085693,0.5691063690168566,0.75,0.3612144854213314,353,Médio
EMP_RJ_00249,Comércio varejista de combustíveis (postos),4731,Ativa,Baixo,0,6001,,,,0,2,0.15459710897402618,0,0.9689439382824665,0.0310560617175335,0,0,0.09228891194971665,0.9733695116368961,0.16666666666666666,0.06552803085876674,1411,Baixo
EMP_RJ_00250,Comércio varejista de combustíveis (postos),4731,Inapta,Alto,0,5819,,N,N,4,8,0.12683585781815182,0,0.8941335252648471,0.10586647473515287,3,0,-1.9764715216247546,0.8292813302933812,0.6666666666666666,0.25293323736757645,642,Baixo
EMP_RJ_00251,Comércio varejista de combustíveis (postos),4731,Ativa,Baixo,0,5921,,,,0,2,0.1502034666686694,0,0.9571040470012743,0.04289595299872573,2,0,-1.7199701675064532,-0.3752942721093328,0.16666666666666666,0.07144797649936285,1373,Baixo
EMP_RJ_00252,Comércio varejista de combustíveis (postos),4731,Ativa,Baixo,0,5825,,N,N,0,2,0.14493432237541992,0,0.9429048720932652,0.057095127906734766,2,0,-1.5278004604769986,-0.06705189699912849,0.16666666666666666,0.07854756395336737,1324,Baixo
EMP_RJ_00253,Comércio varejista de combustíveis (postos),4731,Ativa,Baixo,0,5877,,,,0,2,0.1650498633519798,0,0.9971117923822618,0.0028882076177382254,2,0,-1.1086702019095984,0.12936565872214023,0.16666666666666666,0.05144410380886911,1516,Baixo
EMP_RJ_00254,Comércio varejista de combustíveis (postos),4731,Inapta,Alto,0,5915,,,,4,8,0.13409194227124704,0,0.9136870630999715,0.0863129369000285,3,0,-2.075998697054772,0.6157161679283959,0.6666666666666666,0.24315646845001423,694,Baixo
EMP_RJ_00255,Comércio varejista de combustíveis (postos),4731,Ativa,Baixo,0,6001,,,,0,2,0.15851416455586642,0,0.9794995340747849,0.02050046592521515,0,0,0.22871987739520158,1.2393435799127275,0.16666666666666666,0.06025023296260757,1460,Baixo
EMP_RJ_00256,Comércio varejista de combustíveis (postos),4731,Inapta,Alto,0,5819,,,,4,8,0.12683585781815182,0,0.8941335252648471,0.10586647473515287,3,0,-1.9707333242287968,0.8191361690090424,0.6666666666666666,0.25293323736757645,642,Baixo
EMP_RJ_00257,Comércio varejista de combustíveis (postos),4731,Ativa,Baixo,0,6001,,,,0,2,0.11390383588696018,0,0.8592845951358228,0.14071540486417722,0,0,1.0990916450102488,2.381029202237301,0.16666666666666666,0.1203577024320886,1103,Baixo
EMP_RJ_00258,Comércio varejista de combustíveis (postos),4731,Ativa,Médio,0,6001,,,,0,3,0.1140458986374015,0,0.8596674227315699,0.14033257726843007,0,0,0.7302958050561247,1.618927256400829,0.25,0.14516628863421505,1004,Baixo
EMP_RJ_00259,Extração de petróleo e gás natural,0600,Ativa,Médio,0,6001,,,,0,4,0.04488403421427478,0,0.6732915417054773,0.32670845829452266,15,0,-0.5393382034108275,-1.0800877740715875,0.3333333333333333,0.2633542291472613,591,Baixo
EMP_RJ_00260,Comércio varejista de combustíveis (postos),4731,Ativa,Médio,0,5819,,,,0,4,0.09457032378717711,0,0.8071850691762421,0.1928149308237579,7,0,-1.6833403573727344,-0.9632753551154949,0.3333333333333333,0.19640746541187892,810,Baixo
EMP_RJ_00261,Comércio varejista de combustíveis (postos),4731,Ativa,Médio,0,5819,,,,0,3,0.10519202319229487,0,0.8358081926437059,0.16419180735629413,2,0,0.28188829553190786,0.4636875472067026,0.25,0.15709590367814708,966,Baixo
EMP_RJ_00262,Comércio varejista de combustíveis (postos),4731,Ativa,Baixo,0,5913,,,,0,2,0.1453424369234645,0,0.9440046502598287,0.055995349740171285,2,0,-1.5982981758489263,-0.09972451803960548,0.16666666666666666,0.07799767487008563,1326,Baixo
EMP_RJ_00263,Comércio varejista de combustíveis (postos),4731,Ativa,Médio,0,6001,,N,N,0,3,0.12237228819501489,0,0.8821051953756477,0.11789480462435231,0,0,0.5989776935287454,1.3439136124997852,0.25,0.13394740231217617,1047,Baixo
EMP_RJ_00264,Extração de petróleo e gás natural,0600,Ativa,Alto,0,6001,,,,5,8,-0.008250721626707258,1,0.5301051626862051,0.4698948373137949,22,0,6.538445075165978,3.2692408080066278,0.6666666666666666,0.43494741865689746,214,Médio
EMP_RJ_00265,Comércio varejista de combustíveis (postos),4731,Ativa,Baixo,0,2923,,N,N,0,2,0.13355088082637018,0,0.9122290225407806,0.08777097745921936,2,0,-1.3453443164052994,-0.1232373905695886,0.16666666666666666,0.09388548872960967,1234,Baixo
EMP_RJ_00266,Comércio varejista de combustíveis (postos),4731,Ativa,Baixo,0,5921,,N,N,0,2,0.1502034666686694,0,0.9571040470012743,0.04289595299872573,2,0,-1.7178444138417686,-0.37905261915389676,0.16666666666666666,0.07144797649936285,1373,Baixo
EMP_RJ_00267,Comércio varejista de combustíveis (postos),4731,Ativa,Alto,0,6001,,,,3,6,0.07611295309472754,0,0.7574465499370155,0.24255345006298445,20,0,4.00691144569628,1.8436756160297503,0.5,0.27127672503149225,553,Baixo
EMP_RJ_00268,Comércio varejista de combustíveis (postos),4731,Ativa,Baixo,0,6001,,,,0,2,0.1579611999335198,0,0.978009417093039,0.021990582906960987,0,0,0.23661161382967394,1.2253909463729833,0.16666666666666666,0.06099529145348049,1451,Baixo
EMP_RJ_00269,Comércio varejista de combustíveis (postos),4731,Ativa,Alto,0,6001,,,,3,6,0.068570650409159,0,0.7371217174630337,0.2628782825369663,20,0,4.801079501722741,2.170036111648391,0.5,0.28143914126848313,496,Baixo
EMP_RJ_00270,Comércio varejista de combustíveis (postos),4731,Ativa,Médio,0,6001,,,,0,3,0.0850219162860184,0,0.7814542292796021,0.21854577072039794,0,0,2.3467171562825997,2.269823940825022,0.25,0.18427288536019898,839,Baixo
EMP_RJ_00271,Comércio varejista de combustíveis (postos),4731,Ativa,Alto,0,6001,,,,3,6,0.06906989097259308,0,0.7384670600247197,0.26153293997528027,20,0,4.802621762536991,2.167309394031497,0.5,0.2807664699876401,505,Baixo
EMP_RJ_00272,Comércio atacadista de combustíveis,4681,Ativa,Baixo,0,5833,,,,0,2,0.08348839550469567,0,0.77732173098629,0.22267826901371002,9,0,-1.052729690711296,-1.522990525499917,0.16666666666666666,0.161339134506855,950,Baixo
EMP_RJ_00273,Comércio varejista de combustíveis (postos),4731,Ativa,Alto,0,5911,,,,3,6,0.03923770453257036,0,0.6580759358543495,0.34192406414565046,8,0,1.847756776099716,0.7734776915366491,0.5,0.32096203207282525,399,Médio
EMP_RJ_00274,Comércio varejista de combustíveis (postos),4731,Inapta,Alto,0,5897,,,,4,9,0.08075425456946095,0,0.7699538277363672,0.23004617226363278,3,0,-1.6748405806079458,0.8484333894804671,0.75,0.34002308613181637,377,Médio
EMP_RJ_00275,Comércio varejista de combustíveis (postos),4731,Ativa,Baixo,0,5869,,,,0,2,0.15584291589905547,0,0.9723011115625307,0.02769888843746926,2,0,-0.8567505477510686,0.44616905982363064,0.16666666666666666,0.06384944421873462,1429,Baixo
EMP_RJ_00276,Comércio varejista de combustíveis (postos),4731,Ativa,Médio,0,5801,,,,0,3,0.11055585702500254,0,0.850262534853633,0.149737465146367,2,0,0.1815267164442971,0.5223051026393658,0.25,0.1498687325731835,991,Baixo
EMP_RJ_00277,Comércio varejista de combustíveis (postos),4731,Ativa,Baixo,0,5811,,,,0,2,0.14724821916729786,0,0.949140310608215,0.05085968939178498,2,0,-1.541500003631714,-0.11725332800034455,0.16666666666666666,0.07542984469589248,1343,Baixo
EMP_RJ_00278,Comércio varejista de combustíveis (postos),4731,Ativa,Médio,0,5837,,,,3,4,0.07811476829127445,0,0.7628409977880064,0.2371590022119936,-1,1,0.8000207162928247,0.6050835875559599,0.3333333333333333,0.4185795011059968,240,Médio
EMP_RJ_00279,Comércio varejista de combustíveis (postos),4731,Ativa,Baixo,0,5833,,,,0,2,0.15920074348244906,0,0.9813497119640466,0.018650288035953366,2,0,-0.9597407005593962,0.2083245110271836,0.16666666666666666,0.05932514401797668,1463,Baixo
EMP_RJ_00280,Comércio varejista de combustíveis (postos),4731,Ativa,Baixo,0,5921,,,,0,2,0.14923948240334217,0,0.9545063232666091,0.045493676733390886,2,0,-1.7060623799377206,-0.39988331904182994,0.16666666666666666,0.07274683836669543,1361,Baixo
EMP_RJ_00281,Comércio varejista de combustíveis (postos),4731,Ativa,Baixo,0,5895,,,,0,2,0.1468906843567203,0,0.9481768336129852,0.051823166387014785,2,0,-1.7065988430511978,-0.41091252878755724,0.16666666666666666,0.07591158319350738,1340,Baixo
EMP_RJ_00282,Fabricação de combustíveis,1922,Ativa,Médio,0,5833,,,,0,4,0.02271912329988035,0,0.6135620240877631,0.38643797591223694,5,0,-1.554499283241784,-2.939444683173093,0.3333333333333333,0.29321898795611845,456,Baixo
EMP_RJ_00283,Comércio varejista de combustíveis (postos),4731,Ativa,Baixo,0,5801,,,,0,2,0.16506020673754268,0,0.9971396655116684,0.002860334488331562,2,0,-1.1379170985090272,0.05034023944826695,0.16666666666666666,0.05143016724416578,1517,Baixo
EMP_RJ_00284,Comércio atacadista de combustíveis,4681,Ativa,Baixo,0,5833,,,,0,2,0.07226379451262022,0,0.747073921495994,0.25292607850400595,-1,1,0.15350030700303952,-0.8828284098298893,0.16666666666666666,0.376463039252003,298,Médio
EMP_RJ_00285,Comércio varejista de combustíveis (postos),4731,Ativa,Médio,0,5847,,,,0,4,0.07106425523443477,0,0.7438414292596734,0.25615857074032655,5,0,-1.8714816513050174,-2.2193511794654213,0.3333333333333333,0.22807928537016325,756,Baixo
EMP_RJ_00286,Comércio varejista de combustíveis (postos),4731,Inapta,Alto,0,5893,,,,4,8,0.10610034633493276,0,0.8382559220011713,0.16174407799882873,3,0,-2.5915774903622912,0.4690629423991204,0.6666666666666666,0.2808720389994144,504,Baixo
EMP_RJ_00287,Comércio atacadista de combustíveis,4681,Inapta,Crítico,0,5807,,,,4,10,0.08168795642556048,0,0.7724699470963314,0.22753005290366857,6,0,-2.839948417766546,-0.5854454506641389,0.8333333333333334,0.3637650264518343,337,Médio
EMP_RJ_00288,Comércio varejista de combustíveis (postos),4731,Ativa,Médio,0,6001,,,,0,3,0.11401887570154795,0,0.8595946019144964,0.14040539808550356,0,0,1.6026661990053523,1.4228698117425396,0.25,0.1452026990427518,1002,Baixo
EMP_RJ_00289,Comércio varejista de combustíveis (postos),4731,Ativa,Médio,0,6001,,N,N,0,3,0.10803292243210477,0,0.8434637858400755,0.15653621415992447,0,0,1.6689239900677273,1.436079389142491,0.25,0.15326810707996225,979,Baixo
EMP_RJ_00290,Comércio varejista de combustíveis (postos),4731,Ativa,Médio,0,5833,,,,3,4,0.060988413783645834,0,0.7166892718802655,0.28331072811973446,19,0,2.04771697963076,0.8339521945414121,0.3333333333333333,0.2416553640598672,698,Baixo
EMP_RJ_00291,Comércio varejista de combustíveis (postos),4731,Inapta,Alto,0,5897,,,,4,8,0.135725870149758,0,0.918090136244841,0.08190986375515896,3,0,-2.0291482116295634,0.7156633385488723,0.6666666666666666,0.24095493187757946,702,Baixo
EMP_RJ_00292,Comércio atacadista de combustíveis,4681,Ativa,Baixo,0,5819,,,,0,2,0.08053329301866174,0,0.769358385377394,0.23064161462260602,9,0,-1.2101691925087081,-1.2763838092144637,0.16666666666666666,0.165320807311303,928,Baixo
EMP_RJ_00293,Comércio varejista de combustíveis (postos),4731,Ativa,Baixo,0,5813,,,,0,2,0.130145517913469,0,0.9030523249719784,0.0969476750280216,2,0,-1.1420390256367874,0.15203720197895323,0.16666666666666666,0.09847383751401079,1215,Baixo
EMP_RJ_00294,Comércio varejista de combustíveis (postos),4731,Ativa,Médio,0,5901,,,,0,3,0.13816885488960873,0,0.9246734381413516,0.07532656185864839,2,0,-0.7726216795451589,0.17003837973922886,0.25,0.11266328092932419,1128,Baixo
EMP_RJ_00295,Comércio varejista de combustíveis (postos),4731,Ativa,Baixo,0,5847,,,,0,2,0.13779582743124502,0,0.9236682118973897,0.07633178810261032,2,0,-0.057871739571701886,0.4274533903482789,0.16666666666666666,0.08816589405130515,1266,Baixo
EMP_RJ_00296,Comércio varejista de combustíveis (postos),4731,Ativa,Médio,0,5909,,,,0,3,0.11579560352867285,0,0.8643824892406404,0.13561751075935957,2,0,-0.9855435276280747,0.25293511618104797,0.25,0.1428087553796798,1012,Baixo
EMP_RJ_00297,Comércio varejista de combustíveis (postos),4731,Ativa,Baixo,0,6001,,,,0,2,0.15799971300501614,0,0.9781132012765774,0.021886798723422585,0,0,0.2492827796962894,1.2029882397381244,0.16666666666666666,0.06094339936171129,1452,Baixo
EMP_RJ_00298,Comércio varejista de combustíveis (postos),4731,Inapta,Crítico,0,5837,,,,7,12,0.023353385432506035,0,0.6152712198238177,0.3847287801761823,-1,1,1.3491262294100197,1.1628146639301549,1.0,0.6923643900880911,13,Alto
EMP_RJ_00299,Comércio varejista de combustíveis (postos),4731,Inapta,Alto,0,5877,,,,4,8,0.13883008643601097,0,0.9264553104643561,0.07354468953564386,3,0,-2.044447147612108,0.6389428359061172,0.6666666666666666,0.2367723447678219,716,Baixo
EMP_RJ_00300,Comércio varejista de combustíveis (postos),4731,Ativa,Alto,0,6001,,,,3,6,0.06917971395142802,0,0.738763008588397,0.26123699141160295,20,0,4.814903933169982,2.145594440348418,0.5,0.28061849570580144,507,Baixo
EMP_RJ_00301,Comércio varejista de combustíveis (postos),4731,Ativa,Baixo,0,5803,,,,0,2,0.1345908253626122,0,0.9150314423537371,0.08496855764626288,2,0,-1.7546257057332828,-0.35756598786855615,0.16666666666666666,0.09248427882313143,1245,Baixo
EMP_RJ_00302,Comércio varejista de combustíveis (postos),4731,Inapta,Crítico,0,5833,,,,4,10,0.08417563993783278,0,0.7791737022680731,0.22082629773192686,6,0,-2.581623548849654,-0.4882400851234627,0.8333333333333334,0.36041314886596343,355,Médio
EMP_RJ_00303,Comércio varejista de combustíveis (postos),4731,Ativa,Alto,0,5901,,,,3,6,0.047332338486108017,0,0.67988917856054,0.32011082143946,14,0,3.4300358361254415,0.995178374671006,0.5,0.31005541071973,425,Médio
EMP_RJ_00304,Comércio varejista de combustíveis (postos),4731,Inapta,Alto,0,5921,,,,4,8,0.11906773242322605,0,0.8732001506880285,0.12679984931197152,3,0,-2.4535029226823872,0.41425255412388984,0.6666666666666666,0.2633999246559857,590,Baixo
EMP_RJ_00305,Comércio varejista de combustíveis (postos),4731,Ativa,Médio,0,6001,,,,0,3,0.10803292243210477,0,0.8434637858400755,0.15653621415992447,0,0,1.670771889994109,1.4328122942063413,0.25,0.15326810707996225,979,Baixo
EMP_RJ_00306,Comércio varejista de combustíveis (postos),4731,Ativa,Médio,0,5813,,,,0,3,0.10275405036151691,0,0.8292383967302519,0.1707616032697481,2,0,-1.2361223352508883,-0.3278658072769651,0.25,0.16038080163487406,954,Baixo
EMP_RJ_00307,Comércio varejista de combustíveis (postos),4731,Inapta,Alto,0,6001,,,,4,8,0.0663599397233609,0,0.7311643426120797,0.26883565738792026,16,0,1.0162053997176288,2.1557665114713553,0.6666666666666666,0.3344178286939601,387,Médio
EMP_RJ_00308,Comércio varejista de combustíveis (postos),4731,Ativa,Alto,0,2923,,,,3,6,0.024361090857866363,0,0.6179867623852109,0.3820132376147891,14,0,2.459565132200278,0.43385726592587115,0.5,0.3410066188073946,375,Médio
EMP_RJ_00309,Comércio varejista de combustíveis (postos),4731,Ativa,Médio,0,780,,,,0,4,0.017822255047974744,0,0.6003660505215498,0.3996339494784502,5,0,-2.0549589621761646,-2.942945601721572,0.3333333333333333,0.2998169747392251,445,Baixo
EMP_RJ_00310,Comércio varejista de combustíveis (postos),4731,Ativa,Médio,0,5807,,,,0,3,0.12849987838924593,0,0.8986176915401493,0.10138230845985075,2,0,-0.6960100956357681,0.4544948574325301,0.25,0.12569115422992538,1079,Baixo
EMP_RJ_00311,Comércio varejista de combustíveis (postos),4731,Ativa,Baixo,0,5867,,,,0,2,0.1577982063614209,0,0.9775701855764379,0.022429814423562067,2,0,-1.0476081765121479,0.03025190900977403,0.16666666666666666,0.06121490721178103,1447,Baixo
EMP_RJ_00312,Comércio varejista de combustíveis (postos),4731,Inapta,Alto,0,6001,,,,4,8,0.1320386567356126,0,0.9081539141038604,0.09184608589613963,4,0,-0.7040143973062262,1.743541278094373,0.6666666666666666,0.2459230429480698,677,Baixo
EMP_RJ_00313,Comércio varejista de combustíveis (postos),4731,Inapta,Alto,0,5911,,,,4,8,0.12001580092712244,0,0.8757549849765572,0.12424501502344276,3,0,-2.467830083733407,0.40820407799501046,0.6666666666666666,0.2621225075117214,598,Baixo
EMP_RJ_00314,Comércio varejista de combustíveis (postos),4731,Ativa,Médio,0,5837,,,,0,3,0.13047671505879244,0,0.9039448278023726,0.09605517219762738,2,0,-0.5599450976480265,0.4472443313074381,0.25,0.12302758609881369,1093,Baixo
EMP_RJ_00315,Comércio varejista de combustíveis (postos),4731,Ativa,Médio,0,2911,,,,3,4,0.042681756806273397,0,0.6673568926672587,0.3326431073327413,19,0,1.4846448935593173,0.47533523548627166,0.3333333333333333,0.2663215536663706,581,Baixo
EMP_RJ_00316,Comércio varejista de combustíveis (postos),4731,Ativa,Médio,0,6001,,,,0,3,0.10072479179168847,0,0.8237699950765935,0.17623000492340646,0,0,2.311670127389229,1.9615251347611429,0.25,0.16311500246170324,940,Baixo
EMP_RJ_00317,Comércio atacadista de combustíveis,4681,Ativa,Médio,0,6001,,N,N,0,4,0.051055400926087735,0,0.6899220058730199,0.3100779941269801,15,0,-0.2716311331297199,-1.5533954861235975,0.3333333333333333,0.25503899706349004,629,Baixo
EMP_RJ_00318,Comércio varejista de combustíveis (postos),4731,Inapta,Alto,0,2907,,N,N,4,8,0.07133765626726801,0,0.7445781843890031,0.25542181561099686,17,0,-2.9106398571891807,0.5144819572602146,0.6666666666666666,0.3277109078054984,394,Médio
EMP_RJ_00319,Comércio varejista de combustíveis (postos),4731,Ativa,Baixo,0,5877,,,,0,2,0.16350337072303567,0,0.992944337837421,0.007055662162579024,2,0,-1.2706499344227362,-0.22179178914022746,0.16666666666666666,0.05352783108128951,1502,Baixo
EMP_RJ_00320,Comércio varejista de combustíveis (postos),4731,Ativa,Médio,0,6001,,,,0,3,0.10129099051169138,0,0.825295775015532,0.17470422498446803,0,0,2.249691629030053,1.9407497380612222,0.25,0.16235211249223402,944,Baixo
EMP_RJ_00321,Comércio atacadista de combustíveis,4681,Inapta,Alto,0,5813,,,,4,8,0.1080323259374249,0,0.8434621784192459,0.15653782158075413,3,0,-2.3492079769399363,0.37354471147163065,0.6666666666666666,0.2782689107903771,524,Baixo
EMP_RJ_00322,Comércio varejista de combustíveis (postos),4731,Ativa,Alto,0,5867,,,,3,6,0.05251580929682481,0,0.6938574824398284,0.30614251756017163,14,0,2.8012594024236552,0.6399820771725723,0.5,0.3030712587800858,437,Médio
EMP_RJ_00323,Comércio varejista de combustíveis (postos),4731,Ativa,Médio,0,5925,,,,0,3,0.1336089656511008,0,0.9123855482572822,0.08761445174271776,2,0,-0.5915399161573436,0.4133690764804323,0.25,0.11880722587135888,1108,Baixo
EMP_RJ_00324,Comércio varejista de combustíveis (postos),4731,Inapta,Alto,0,6001,,N,N,4,8,0.13163090406683803,0,0.9070551111216465,0.0929448888783535,4,0,-0.6921212219068574,1.7225140773630743,0.6666666666666666,0.24647244443917674,669,Baixo
EMP_RJ_00325,Comércio varejista de combustíveis (postos),4731,Ativa,Baixo,0,5899,,N,N,0,2,0.1488936797483999,0,0.9535744618280317,0.04642553817196826,2,0,-1.4221582838082933,-0.17220600183138218,0.16666666666666666,0.07321276908598412,1358,Baixo
EMP_RJ_00326,Comércio varejista de combustíveis (postos),4731,Ativa,Médio,0,5869,,,,0,3,0.1295980521212856,0,0.9015770261176042,0.09842297388239585,2,0,-0.5268384182164778,0.4917167665035752,0.25,0.12421148694119792,1084,Baixo
EMP_RJ_00327,Comércio varejista de combustíveis (postos),4731,Inapta,Alto,0,6001,,N,N,4,8,0.13163090406683803,0,0.9070551111216465,0.0929448888783535,4,0,-0.6899398974945125,1.7186574798968273,0.6666666666666666,0.24647244443917674,669,Baixo
EMP_RJ_00328,Comércio atacadista de combustíveis,4681,Ativa,Médio,0,5833,,,,0,4,0.06231786562028224,0,0.7202718496404454,0.27972815035955456,5,0,-1.770577988277171,-2.0354729441476658,0.3333333333333333,0.23986407517977726,707,Baixo
EMP_RJ_00329,Comércio varejista de combustíveis (postos),4731,Inapta,Alto,0,5837,,,,4,8,0.13389711497973733,0,0.913162046771885,0.08683795322811505,3,0,-2.0051619220721015,0.5911413403322161,0.6666666666666666,0.2434189766140575,692,Baixo
EMP_RJ_00330,Extração de petróleo e gás natural,0600,Ativa,Alto,0,5899,,,,2,7,-0.042171930892505816,1,0.4386950291521294,0.5613049708478706,-1,1,-0.6170767574101154,-4.996458457899295,0.5833333333333334,0.6556524854239354,29,Alto
EMP_RJ_00331,Extração de petróleo e gás natural,0600,Inapta,Alto,0,6001,,,,4,8,0.11588203242634981,0,0.8646153959455857,0.13538460405441433,4,0,-0.49012709974475305,2.002925853309893,0.6666666666666666,0.2676923020272072,574,Baixo
EMP_RJ_00332,Comércio varejista de combustíveis (postos),4731,Inapta,Alto,0,5819,,S,N,4,8,0.1257856531274409,0,0.8913034566118173,0.10869654338818269,3,0,-1.9303855100938678,0.747800994563396,0.6666666666666666,0.25434827169409135,634,Baixo
EMP_RJ_00333,Comércio varejista de combustíveis (postos),4731,Ativa,Baixo,0,6001,,,,0,2,0.14172953677115407,0,0.934268685873059,0.065731314126941,0,0,1.264558821460133,1.2614576155688353,0.16666666666666666,0.08286565706347049,1305,Baixo
EMP_RJ_00334,Comércio atacadista de combustíveis,4681,Ativa,Médio,0,5833,,,,0,4,0.06554093902775071,0,0.7289573174331245,0.27104268256687547,5,0,-1.4723183109696494,-2.5627978517477445,0.3333333333333333,0.2355213412834377,731,Baixo
EMP_RJ_00335,Comércio varejista de combustíveis (postos),4731,Ativa,Baixo,0,6001,,,,0,2,0.15830352871913528,0,0.9789319172244603,0.02106808277553973,0,0,0.3412303922314448,1.1707780703176454,0.16666666666666666,0.06053404138776986,1457,Baixo
EMP_RJ_00336,Comércio varejista de combustíveis (postos),4731,Inapta,Alto,0,6001,,,,4,8,0.11977870238791305,0,0.8751160570138176,0.12488394298618244,4,0,-0.8841812100912961,1.424538696464472,0.6666666666666666,0.26244197149309123,596,Baixo
EMP_RJ_00337,Comércio varejista de combustíveis (postos),4731,Ativa,Baixo,0,6001,,N,N,0,2,0.13697206658308742,0,0.9214483591633614,0.07855164083663857,0,0,0.7394526537858656,1.7417959087064627,0.16666666666666666,0.08927582041831927,1258,Baixo
EMP_RJ_00338,Comércio varejista de combustíveis (postos),4731,Inapta,Alto,0,6001,,,,4,8,0.11977870238791305,0,0.8751160570138176,0.12488394298618244,4,0,-0.8840144978483145,1.4242439451994233,0.6666666666666666,0.26244197149309123,596,Baixo
EMP_RJ_00339,Extração de petróleo e gás natural,0600,Ativa,Baixo,0,6001,,,,0,2,0.12334175771845862,0,0.8847177006640297,0.11528229933597034,0,0,1.9894819861707977,1.5798897623681731,0.16666666666666666,0.10764114966798516,1148,Baixo
EMP_RJ_00340,Comércio varejista de combustíveis (postos),4731,Ativa,Médio,0,5897,,,,0,3,0.13009776151699415,0,0.9029236320782592,0.09707636792174079,2,0,-0.878743706686425,-0.051727169833264815,0.25,0.12353818396087039,1088,Baixo
EMP_RJ_00341,Comércio atacadista de combustíveis,4681,Ativa,Médio,0,5897,,S,N,0,4,0.1197314410438346,0,0.874988698176479,0.12501130182352105,12,0,-1.2279090847705683,-0.2426828297917354,0.3333333333333333,0.1625056509117605,942,Baixo
EMP_RJ_00342,Comércio varejista de combustíveis (postos),4731,Inapta,Alto,0,6001,,,,4,8,0.08971199346725006,0,0.7940929467870516,0.20590705321294844,16,0,0.30935817378357433,1.8053759992829168,0.6666666666666666,0.30295352660647423,438,Médio
EMP_RJ_00343,Comércio varejista de combustíveis (postos),4731,Ativa,Alto,0,5867,,,,3,6,0.06807319346042212,0,0.7357811813472608,0.2642188186527392,11,0,1.2187874283285933,0.1646574209327973,0.5,0.28210940932636963,495,Baixo
EMP_RJ_00344,Comércio varejista de combustíveis (postos),4731,Inapta,Alto,0,5851,,,,4,8,0.10460718412602721,0,0.8342321811069541,0.16576781889304593,3,0,-2.4387074258013914,0.3985549954994345,0.6666666666666666,0.282883909446523,483,Baixo
EMP_RJ_00345,Comércio varejista de combustíveis (postos),4731,Ativa,Baixo,0,5879,,,,0,2,0.13330290308895731,0,0.9115607775524381,0.08843922244756186,2,0,-1.5525374874332325,-0.10375348204536884,0.16666666666666666,0.09421961122378092,1231,Baixo
EMP_RJ_00346,Comércio varejista de combustíveis (postos),4731,Ativa,Baixo,0,2927,,,,0,2,0.14340256770480797,0,0.9387771330765063,0.06122286692349366,2,0,-1.4892333925009749,-0.1621979646599613,0.16666666666666666,0.08061143346174682,1315,Baixo
EMP_RJ_00347,Comércio varejista de combustíveis (postos),4731,Ativa,Baixo,0,5869,,,,0,2,0.16191048564587063,0,0.9886518659368128,0.011348134063187243,2,0,-1.2166951780875839,-0.19252385638795222,0.16666666666666666,0.05567406703159362,1486,Baixo
EMP_RJ_00348,Comércio varejista de combustíveis (postos),4731,Ativa,Baixo,0,5813,,,,0,2,0.13848455505189805,0,0.9255241800404823,0.07447581995951769,2,0,-1.3114937139769445,-0.18590449050629196,0.16666666666666666,0.08723790997975883,1275,Baixo
EMP_RJ_00349,Comércio varejista de combustíveis (postos),4731,Ativa,Baixo,0,5829,,,,0,2,0.14746051394888277,0,0.9497123979468829,0.05028760205311711,2,0,-1.4025006913856308,-0.18066752889973273,0.16666666666666666,0.07514380102655854,1346,Baixo
EMP_RJ_00350,Comércio varejista de combustíveis (postos),4731,Ativa,Baixo,0,6005,,,,0,2,0.11219235135216482,0,0.8546725240082499,0.1453274759917501,2,0,-0.44251857006274714,-0.07986106761198698,0.16666666666666666,0.12266373799587504,1095,Baixo
EMP_RJ_00351,Comércio varejista de combustíveis (postos),4731,Ativa,Baixo,0,5837,,,,0,2,0.16374206212853143,0,0.9935875582214243,0.006412441778575695,2,0,-1.0358867745838296,0.02233915842058895,0.16666666666666666,0.05320622088928784,1508,Baixo
EMP_RJ_00352,Comércio varejista de combustíveis (postos),4731,Ativa,Baixo,0,5879,,N,N,0,2,0.1346058585702553,0,0.9150719535132107,0.08492804648678931,2,0,-1.614238132054106,-0.12502013085370384,0.16666666666666666,0.09246402324339464,1246,Baixo
EMP_RJ_00353,Comércio varejista de combustíveis (postos),4731,Ativa,Médio,0,5901,,,,0,3,0.13420177871021155,0,0.913983047935712,0.08601695206428805,2,0,-0.6064438829143363,0.38341988358139206,0.25,0.11800847603214402,1110,Baixo
EMP_RJ_00354,Comércio varejista de combustíveis (postos),4731,Ativa,Baixo,0,5807,,,,0,2,0.16002129661817965,0,0.9835609206247168,0.016439079375283216,2,0,-1.1036237985921722,0.03913916532275132,0.16666666666666666,0.058219539687641604,1471,Baixo
EMP_RJ_00355,Extração de petróleo e gás natural,0600,Ativa,Baixo,0,6001,,,,0,2,0.10061698753032622,0,0.8234794865086515,0.17652051349134845,0,0,2.1335588189729213,2.3468553905257328,0.16666666666666666,0.13826025674567421,1026,Baixo
EMP_RJ_00356,Comércio varejista de combustíveis (postos),4731,Ativa,Médio,0,5807,,,,0,3,0.12818061144156506,0,0.8977573379456815,0.10224266205431853,2,0,-0.669764566686383,0.40809260639527084,0.25,0.12612133102715928,1077,Baixo
EMP_RJ_00357,Comércio varejista de combustíveis (postos),4731,Ativa,Alto,0,5877,,,,3,6,0.07106874964620241,0,0.7438535407022998,0.2561464592977002,14,0,2.7187889757926,0.6465922540526402,0.5,0.27807322964885006,525,Baixo
EMP_RJ_00358,Comércio varejista de combustíveis (postos),4731,Ativa,Médio,0,2911,,N,N,0,3,0.08748586863857066,0,0.7880940342406678,0.21190596575933218,2,0,-0.1373067141072815,0.01279608560065369,0.25,0.1809529828796661,861,Baixo
EMP_RJ_00359,Comércio varejista de combustíveis (postos),4731,Inapta,Crítico,0,5897,,,,4,10,0.08411470721568176,0,0.779009502099831,0.220990497900169,6,0,-2.6657642218255497,-0.5779768772590055,0.8333333333333334,0.3604952489500845,354,Médio
EMP_RJ_00360,Comércio varejista de combustíveis (postos),4731,Inapta,Alto,0,5819,,,,4,8,0.12474732193813776,0,0.8885053844109394,0.1114946155890606,3,0,-1.9176309881057618,0.7252509122960126,0.6666666666666666,0.25574730779453025,620,Baixo
EMP_RJ_00361,Comércio varejista de combustíveis (postos),4731,Ativa,Médio,0,6001,,,,0,4,0.018916978034749232,0,0.6033160861060646,0.3966839138939354,15,0,-0.5871186222798738,-1.2565833558210067,0.3333333333333333,0.2983419569469677,449,Baixo
EMP_RJ_00362,Comércio atacadista de combustíveis,4681,Ativa,Médio,0,6009,,S,N,0,4,0.09234779371790935,0,0.8011958437089737,0.19880415629102632,12,0,-1.5322323170230139,-0.6045083638647363,0.3333333333333333,0.19940207814551314,803,Baixo
EMP_RJ_00363,Comércio varejista de combustíveis (postos),4731,Inapta,Alto,0,5839,,,,4,8,0.14011432286267334,0,0.9299160427257173,0.07008395727428274,3,0,-2.0669612139290727,0.5465093292838368,0.6666666666666666,0.23504197863714135,735,Baixo
EMP_RJ_00364,Comércio varejista de combustíveis (postos),4731,Ativa,Baixo,0,6001,,,,0,2,0.1487956897283439,0,0.9533104004631158,0.04668959953688423,0,0,0.5553399727835602,1.4297696438464333,0.16666666666666666,0.0733447997684421,1355,Baixo
EMP_RJ_00365,Comércio varejista de combustíveis (postos),4731,Ativa,Médio,0,5925,,,,3,4,0.07728961707367882,0,0.7606173983167966,0.23938260168320336,19,0,1.7019694781394716,0.8359053040055158,0.3333333333333333,0.21969130084160166,768,Baixo
EMP_RJ_00366,Comércio varejista de combustíveis (postos),4731,Ativa,Baixo,0,5807,,,,0,2,0.15973179010451133,0,0.9827807647975456,0.017219235202454386,2,0,-1.3597324680528102,-0.27595151565289083,0.16666666666666666,0.05860961760122719,1466,Baixo
EMP_RJ_00367,Comércio varejista de combustíveis (postos),4731,Inapta,Alto,0,6001,,,,4,8,0.13098978493645774,0,0.9053274372978716,0.09467256270212843,4,0,-0.6699604880438595,1.6833337691498944,0.6666666666666666,0.2473362813510642,664,Baixo
EMP_RJ_00368,Comércio varejista de combustíveis (postos),4731,Inapta,Alto,0,6001,,N,N,4,8,0.1300722394580464,0,0.9028548557914765,0.09714514420852349,4,0,-0.6675568806408728,1.6790841699969161,0.6666666666666666,0.24857257210426173,658,Baixo
EMP_RJ_00369,Comércio varejista de combustíveis (postos),4731,Inapta,Alto,0,1116,,,,4,8,0.10018072291757713,0,0.8223038501628154,0.17769614983718462,3,0,-2.5627588741804894,0.4036489212950992,0.6666666666666666,0.2888480749185923,467,Baixo
EMP_RJ_00370,Comércio varejista de combustíveis (postos),4731,Ativa,Médio,0,5925,,,,0,3,0.13949022006560824,0,0.9282342241451447,0.07176577585485533,2,0,-0.700308298588102,0.09848737141442869,0.25,0.11088288792742766,1134,Baixo
EMP_RJ_00371,Comércio atacadista de combustíveis,4681,Inapta,Crítico,0,5863,,,,4,10,0.053277776252826314,0,0.6959108143435019,0.3040891856564981,6,0,-3.1622026946645114,-0.8752751202244397,0.8333333333333334,0.40204459282824906,259,Médio
EMP_RJ_00372,Comércio varejista de combustíveis (postos),4731,Ativa,Médio,0,5819,,N,N,0,3,0.10709327473552105,0,0.8409316437590941,0.15906835624090587,2,0,0.3424655874819619,0.3565865351165503,0.25,0.15453417812045295,974,Baixo
EMP_RJ_00373,Comércio varejista de combustíveis (postos),4731,Inapta,Alto,0,5827,,,,4,8,0.09340477979157935,0,0.8040441866846249,0.19595581331537515,3,0,-2.6007411619884,0.36756032343921075,0.6666666666666666,0.29797790665768753,450,Baixo
EMP_RJ_00374,Comércio varejista de combustíveis (postos),4731,Inapta,Alto,0,5919,,,,4,8,0.10139921964049398,0,0.8255874285069685,0.17441257149303147,3,0,-2.2848980824475635,0.3325670005786066,0.6666666666666666,0.28720628574651574,470,Baixo
EMP_RJ_00375,Comércio atacadista de combustíveis,4681,Inapta,Crítico,0,5833,,S,N,4,10,0.09156288674728985,0,0.7990806935551583,0.20091930644484168,-1,1,-2.0471311304241424,0.29932255485333903,0.8333333333333334,0.5504596532224209,101,Alto
EMP_RJ_00376,Comércio varejista de combustíveis (postos),4731,Ativa,Baixo,0,5867,,N,N,0,2,0.09810712611890426,0,0.8167159668188796,0.1832840331811204,9,0,-0.9148011365353238,-1.3954702650724118,0.16666666666666666,0.1416420165905602,1020,Baixo
EMP_RJ_00377,Comércio varejista de combustíveis (postos),4731,Ativa,Baixo,0,5819,,,,0,2,0.1485375975179633,0,0.9526148992140261,0.04738510078597391,2,0,-1.1442505555238431,-0.13474683458771058,0.16666666666666666,0.07369255039298694,1352,Baixo
EMP_RJ_00378,Comércio varejista de combustíveis (postos),4731,Ativa,Baixo,0,5829,,,,0,2,0.1502767662078161,0,0.9573015729977352,0.04269842700226478,2,0,-1.4465421778373475,-0.23315566493454692,0.16666666666666666,0.07134921350113238,1375,Baixo
EMP_RJ_00379,Comércio varejista de combustíveis (postos),4731,Inapta,Alto,0,5825,,N,N,4,8,0.11446457491554862,0,0.8607956624176345,0.1392043375823655,3,0,-2.4862224291152306,0.35220804765018815,0.6666666666666666,0.2696021687911827,563,Baixo
EMP_RJ_00380,Comércio atacadista de combustíveis,4681,Ativa,Baixo,0,6001,,,,0,2,0.12738742684202453,0,0.89561988141832,0.10438011858167995,0,0,2.1428872483122716,1.5007461878640418,0.16666666666666666,0.10219005929083996,1196,Baixo
EMP_RJ_00381,Extração de petróleo e gás natural,0600,Ativa,Alto,0,6001,,,,5,8,-0.007262900332483224,1,0.5327671219254905,0.46723287807450953,22,0,6.641857144775438,3.086407646685327,0.6666666666666666,0.4336164390372548,216,Médio
EMP_RJ_00382,Extração de petróleo e gás natural,0600,Ativa,Baixo,0,6001,,,,0,2,0.12272733110578016,0,0.8830619572537127,0.11693804274628727,0,0,1.9975960055959119,1.5655441271416977,0.16666666666666666,0.10846902137314363,1146,Baixo
EMP_RJ_00383,Extração de petróleo e gás natural,0600,Ativa,Alto,0,6001,,,,3,6,0.06803144971278319,0,0.7356686912082452,0.2643313087917548,20,0,4.909338509229615,2.1089872961424367,0.5,0.2821656543958774,494,Baixo
EMP_RJ_00384,Comércio varejista de combustíveis (postos),4731,Inapta,Alto,0,6001,,N,N,4,8,0.11568566505377487,0,0.864086229440696,0.13591377055930398,4,0,-1.28850164965275,2.7769182665090266,0.6666666666666666,0.267956885279652,572,Baixo
EMP_RJ_00385,Comércio varejista de combustíveis (postos),4731,Inapta,Alto,0,5859,,,,4,8,0.10754641654373709,0,0.8421527604024994,0.15784723959750058,3,0,-2.58243705281425,0.025783520486557257,0.6666666666666666,0.27892361979875024,518,Baixo
EMP_RJ_00386,Comércio varejista de combustíveis (postos),4731,Ativa,Baixo,0,6001,,,,0,2,0.14126969052347976,0,0.9330295022526969,0.06697049774730313,0,0,1.297515035889534,1.2031908208677875,0.16666666666666666,0.08348524887365155,1294,Baixo
EMP_RJ_00387,Comércio varejista de combustíveis (postos),4731,Ativa,Baixo,0,5817,,,,0,2,0.13559528446658092,0,0.917738236799178,0.08226176320082201,2,0,-1.5305418334529273,-0.5580763051103576,0.16666666666666666,0.091130881600411,1252,Baixo
EMP_RJ_00388,Comércio varejista de combustíveis (postos),4731,Ativa,Médio,0,5819,,,,0,3,0.12791331062907485,0,0.8970370215568393,0.10296297844316071,2,0,-0.6401598789646129,0.24039074190404697,0.25,0.12648148922158037,1074,Baixo
EMP_RJ_00389,Comércio varejista de combustíveis (postos),4731,Inapta,Crítico,0,5819,,,,4,10,0.06733999741524876,0,0.7338053806654281,0.2661946193345719,6,0,-2.570071976664767,-0.5404106170313092,0.8333333333333334,0.38309730966728595,283,Médio
EMP_RJ_00390,Comércio varejista de combustíveis (postos),4731,Ativa,Baixo,0,5833,,,,0,2,0.07876951773497276,0,0.7646054022822816,0.23539459771771842,9,0,-0.9081798787820498,-1.64820169783828,0.16666666666666666,0.1676972988588592,909,Baixo
EMP_RJ_00391,Comércio varejista de combustíveis (postos),4731,Ativa,Baixo,0,6001,,S,N,0,2,0.1549093204074508,0,0.9697852788312832,0.030214721168716818,0,0,0.10554569820274333,0.8195776752216073,0.16666666666666666,0.0651073605843584,1412,Baixo
EMP_RJ_00392,Comércio varejista de combustíveis (postos),4731,Inapta,Alto,0,5801,,,,4,8,0.13932949873283296,0,0.9278011158094235,0.07219888419057652,3,0,-2.0323459566187196,0.4868137345963061,0.6666666666666666,0.23609944209528824,719,Baixo
EMP_RJ_00393,Comércio varejista de combustíveis (postos),4731,Inapta,Alto,0,2909,,S,N,4,8,0.13216684317675037,0,0.9084993481245005,0.0915006518754995,3,0,-1.9910799282801648,0.4720507133715675,0.6666666666666666,0.24575032593774973,680,Baixo
EMP_RJ_00394,Comércio varejista de combustíveis (postos),4731,Ativa,Médio,0,5897,,,,0,3,0.1107018254801792,0,0.8506558874571593,0.14934411254284075,2,0,0.4155241581206403,0.2813753232780313,0.25,0.14967205627142038,993,Baixo
EMP_RJ_00395,Comércio varejista de combustíveis (postos),4731,Ativa,Baixo,0,5903,,,,0,2,0.11161046745795072,0,0.8531044760045761,0.14689552399542394,2,0,-0.8474525390795011,0.3053027957851276,0.16666666666666666,0.12344776199771196,1090,Baixo
EMP_RJ_00396,Comércio varejista de combustíveis (postos),4731,Ativa,Baixo,0,6001,,S,N,0,2,0.15739682157536156,0,0.9764885426254237,0.023511457374576272,0,0,0.31145790320825334,1.0930622596093953,0.16666666666666666,0.06175572868728813,1442,Baixo
EMP_RJ_00397,Comércio varejista de combustíveis (postos),4731,Inapta,Alto,0,6001,,,,4,8,0.1300722394580464,0,0.9028548557914765,0.09714514420852349,4,0,-0.6477163980593711,1.6440060853041902,0.6666666666666666,0.24857257210426173,658,Baixo
EMP_RJ_00398,Comércio varejista de combustíveis (postos),4731,Ativa,Baixo,0,5867,,,,0,2,0.15417477854912104,0,0.9678058514815633,0.032194148518436716,2,0,-1.192970874941434,-0.35028456225732496,0.16666666666666666,0.06609707425921835,1405,Baixo
EMP_RJ_00399,Comércio varejista de combustíveis (postos),4731,Ativa,Médio,0,5865,,,,0,3,0.11263898052482862,0,0.8558760905436733,0.1441239094563267,2,0,0.473587197222618,0.256667855239938,0.25,0.14706195472816336,997,Baixo
EMP_RJ_00400,Comércio varejista de combustíveis (postos),4731,Inapta,Alto,0,5865,,,,4,8,0.13876486853213676,0,0.9262795626820398,0.07372043731796019,3,0,-1.9091741826336803,0.5814968483002382,0.6666666666666666,0.23686021865898008,715,Baixo
EMP_RJ_00401,Comércio atacadista de combustíveis,4681,Inapta,Alto,0,5807,,N,N,4,8,0.1340072384719666,0,0.913458805152491,0.086541194847509,3,0,-2.095029767033635,0.5167150298839573,0.6666666666666666,0.24327059742375448,693,Baixo
EMP_RJ_00402,Comércio varejista de combustíveis (postos),4731,Inapta,Alto,0,6001,,,,4,8,0.12640883895346067,0,0.8929828041588532,0.10701719584114677,4,0,-0.5772348850414578,1.6497480938258553,0.6666666666666666,0.25350859792057334,640,Baixo
EMP_RJ_00403,Fabricação de combustíveis,1922,Ativa,Baixo,0,5833,,,,0,2,0.1577118188536636,0,0.9773373904081438,0.022662609591856175,2,0,-1.0848739211735572,-0.2079777978844213,0.16666666666666666,0.061331304795928084,1446,Baixo
EMP_RJ_00404,Comércio atacadista de combustíveis,4681,Ativa,Médio,0,5807,,,,0,4,0.10783490508787097,0,0.8429301730276123,0.1570698269723877,7,0,-1.8087900657581986,-1.2636575295754662,0.3333333333333333,0.17853491348619382,873,Baixo
EMP_RJ_00405,Comércio varejista de combustíveis (postos),4731,Ativa,Médio,0,6001,,,,0,3,0.1205302052414608,0,0.8771411904828446,0.12285880951715544,0,0,0.4817362093490562,0.9136586700484364,0.25,0.13642940475857773,1036,Baixo
EMP_RJ_00406,Extração de petróleo e gás natural,0600,Inapta,Alto,0,6001,,,,4,8,0.06453732490096314,0,0.7262528000137283,0.2737471999862717,16,0,1.0789640160800276,2.0448089019149567,0.6666666666666666,0.3368735999931358,382,Médio
EMP_RJ_00407,Comércio varejista de combustíveis (postos),4731,Ativa,Alto,0,5875,,,,3,6,0.027994256617376534,0,0.6277773380874488,0.37222266191255116,14,0,2.533461470377384,0.33694673634472444,0.5,0.33611133095627554,384,Médio
EMP_RJ_00408,Extração de petróleo e gás natural,0600,Ativa,Baixo,0,6001,,,,0,2,0.07939890585566756,0,0.7663014636374844,0.23369853636251559,-1,1,-0.03720605495623404,-0.18621789165120092,0.16666666666666666,0.3668492681812578,327,Médio
EMP_RJ_00409,Comércio varejista de combustíveis (postos),4731,Ativa,Alto,0,6001,,,,3,6,0.04947147522188128,0,0.6856536774948936,0.3143463225051064,-1,1,3.7002431833527183,1.9520445335724508,0.5,0.5071731612525532,148,Alto
EMP_RJ_00410,Comércio varejista de combustíveis (postos),4731,Ativa,Baixo,0,6001,,,,0,2,0.1420531117582854,0,0.935140648678105,0.06485935132189502,0,0,1.3168831671159218,1.1689478647593659,0.16666666666666666,0.0824296756609475,1308,Baixo
EMP_RJ_00411,Comércio varejista de combustíveis (postos),4731,Ativa,Alto,0,788,,,,3,6,0.014282331349992183,0,0.5908267414893307,0.4091732585106693,8,0,2.0622029331458407,0.5665967509519819,0.5,0.3545866292553347,365,Médio
EMP_RJ_00412,Comércio varejista de combustíveis (postos),4731,Inapta,Alto,0,6003,,,,4,8,0.11960118499925626,0,0.8746376870337089,0.12536231296629108,3,0,-2.405702799960881,0.2914842278730762,0.6666666666666666,0.2626811564831455,594,Baixo
EMP_RJ_00413,Comércio atacadista de combustíveis,4681,Ativa,Médio,0,5907,,S,N,0,4,0.10157661744481222,0,0.8260654762338145,0.17393452376618546,12,0,-1.942189464421956,-0.8583481552315289,0.3333333333333333,0.1869672618830927,834,Baixo
EMP_RJ_00414,Comércio varejista de combustíveis (postos),4731,Inapta,Alto,0,5865,,,,4,8,0.1397063297263504,0,0.9288165917368084,0.07118340826319158,3,0,-1.8975588609726137,0.5609608996773534,0.6666666666666666,0.23559170413159577,730,Baixo
EMP_RJ_00415,Comércio varejista de combustíveis (postos),4731,Ativa,Baixo,0,5869,,,,0,2,0.16390047255309315,0,0.9940144391721862,0.005985560827813763,2,0,-1.1712622954083791,-0.2728494812479693,0.16666666666666666,0.05299278041390688,1509,Baixo
EMP_RJ_00416,Comércio varejista de combustíveis (postos),4731,Ativa,Médio,0,6001,,,,0,3,0.0955921528815723,0,0.8099386718923413,0.19006132810765874,0,0,2.3447364474386196,1.5806320557783997,0.25,0.17003066405382938,904,Baixo
EMP_RJ_00417,Comércio varejista de combustíveis (postos),4731,Ativa,Alto,0,6001,,,,3,6,0.03792830408977532,0,0.6545473921521604,0.3454526078478396,-1,1,3.90466869829164,2.2281575851554494,0.5,0.5227263039239198,130,Alto
EMP_RJ_00418,Comércio varejista de combustíveis (postos),4731,Ativa,Médio,0,6001,,,,0,4,0.027668519948803594,0,0.6268995500304878,0.3731004499695122,15,0,-0.30153011083896736,-1.7615055567862274,0.3333333333333333,0.2865502249847561,474,Baixo
EMP_RJ_00419,Comércio varejista de combustíveis (postos),4731,Ativa,Médio,0,5859,,,,0,3,0.09212317484437915,0,0.8005905456766192,0.19940945432338075,2,0,-0.10502151343034669,-0.08956351343149654,0.25,0.1747047271616904,880,Baixo
EMP_RJ_00420,Comércio atacadista de combustíveis,4681,Inapta,Crítico,0,5869,,N,N,4,10,0.08810133999641773,0,0.7897525930074369,0.21024740699256306,6,0,-2.59840369437291,-0.6761795477614055,0.8333333333333334,0.35512370349628153,364,Médio
EMP_RJ_00421,Extração de petróleo e gás natural,0600,Ativa,Médio,0,6001,,,,0,4,-0.059912650564280634,1,0.39088772542423367,0.6091122745757663,-1,1,1.1527365615280079,-4.392841817988601,0.3333333333333333,0.6045561372878832,59,Alto
EMP_RJ_00422,Comércio varejista de combustíveis (postos),4731,Ativa,Baixo,0,5925,,,,0,2,0.1582091938155552,0,0.9786777055875575,0.02132229441244249,2,0,-0.763564218924147,0.21902848576707137,0.16666666666666666,0.06066114720622124,1456,Baixo
EMP_RJ_00423,Comércio varejista de combustíveis (postos),4731,Inapta,Alto,0,5853,,N,N,4,8,0.13467833042135746,0,0.9152672490740146,0.08473275092598542,3,0,-1.988784830340649,0.43469483114710145,0.6666666666666666,0.2423663754629927,696,Baixo
EMP_RJ_00424,Comércio varejista de combustíveis (postos),4731,Ativa,Médio,0,5865,,,,0,4,0.11591253007006902,0,0.8646975803294914,0.1353024196705086,7,0,-1.605525391553559,-1.229655071488092,0.3333333333333333,0.16765120983525428,911,Baixo
EMP_RJ_00425,Comércio varejista de combustíveis (postos),4731,Inapta,Alto,0,6001,,S,N,4,8,0.11494097575322598,0,0.8620794569854108,0.13792054301458923,4,0,-0.42697948814873105,1.891280490801714,0.6666666666666666,0.2689602715072946,566,Baixo
EMP_RJ_00426,Comércio varejista de combustíveis (postos),4731,Suspensa,Médio,0,6001,,,,2,4,0.11443002031488375,0,0.8607025454347982,0.13929745456520182,-1,1,0.4724732259712538,0.8694577324540891,0.3333333333333333,0.3696487272826009,322,Médio
EMP_RJ_00427,Comércio varejista de combustíveis (postos),4731,Ativa,Baixo,0,5899,,S,N,0,2,0.14633388662641594,0,0.94667638725567,0.05332361274432995,2,0,-1.556669930923516,-0.571927210008032,0.16666666666666666,0.07666180637216496,1335,Baixo
EMP_RJ_00428,Comércio varejista de combustíveis (postos),4731,Ativa,Baixo,0,5833,,,,0,2,0.1586396662517417,0,0.9798377333025547,0.020162266697445252,2,0,-0.8005606813418312,0.05724703627444629,0.16666666666666666,0.06008113334872262,1461,Baixo
EMP_RJ_00429,Comércio varejista de combustíveis (postos),4731,Ativa,Baixo,0,5927,,,,0,2,0.12129087712324316,0,0.8791910324488104,0.12080896755118964,2,0,-1.4006560437426707,0.02822331601911647,0.16666666666666666,0.11040448377559481,1135,Baixo
EMP_RJ_00430,Comércio varejista de combustíveis (postos),4731,Ativa,Alto,0,5869,,,,3,6,0.06873611487920395,0,0.7375676075014294,0.26243239249857064,14,0,2.879404908072716,0.6176363393375379,0.5,0.2812161962492853,500,Baixo
EMP_RJ_00431,Comércio atacadista de combustíveis,4681,Ativa,Alto,0,6009,,S,N,0,6,0.04512676287741829,0,0.6739456416031737,0.3260543583968263,23,0,-2.157094078688782,-1.918930154349707,0.5,0.31302717919841316,419,Médio
EMP_RJ_00432,Comércio varejista de combustíveis (postos),4731,Inapta,Alto,0,5885,,,,4,8,0.11130557330753155,0,0.8522828539101162,0.14771714608988384,3,0,-2.4471884591267905,0.29995463567701347,0.6666666666666666,0.2738585730449419,545,Baixo
EMP_RJ_00433,Comércio varejista de combustíveis (postos),4731,Inapta,Crítico,0,6001,,,,4,10,0.07547802734449643,0,0.7557355658987381,0.24426443410126186,1,0,-1.2969202180004822,0.372621200498647,0.8333333333333334,0.37213221705063093,315,Médio
EMP_RJ_00434,Comércio varejista de combustíveis (postos),4731,Inapta,Crítico,0,6001,,S,N,4,10,0.07547802734449643,0,0.7557355658987381,0.24426443410126186,1,0,-1.2969202180004822,0.372621200498647,0.8333333333333334,0.37213221705063093,315,Médio
EMP_RJ_00435,Comércio varejista de combustíveis (postos),4731,Inapta,Crítico,0,5901,,S,N,4,10,0.08800706444461265,0,0.7894985413104006,0.21050145868959935,6,0,-2.6823718078954584,-0.7767632357510952,0.8333333333333334,0.3552507293447997,363,Médio
EMP_RJ_00436,Comércio varejista de combustíveis (postos),4731,Ativa,Médio,0,5833,,,,0,4,0.1118354762764126,0,0.8537108248520118,0.14628917514798823,7,0,-1.5384608799466168,-1.1876758656094548,0.3333333333333333,0.1731445875739941,890,Baixo
EMP_RJ_00437,Comércio varejista de combustíveis (postos),4731,Ativa,Médio,0,6001,,,,0,3,0.1246878816583985,0,0.8883452060438979,0.11165479395610212,0,0,0.7005974339594844,1.164249295692951,0.25,0.13082739697805107,1059,Baixo
EMP_RJ_00438,Comércio varejista de combustíveis (postos),4731,Inapta,Crítico,0,6001,,,,4,10,0.07562580646253364,0,0.7561337978369772,0.2438662021630228,1,0,-1.2954613133077235,0.37004185851427757,0.8333333333333334,0.3719331010815114,318,Médio
EMP_RJ_00439,Comércio atacadista de combustíveis,4681,Inapta,Crítico,0,5873,,S,N,4,12,0.016793291755018147,0,0.5975932227230533,0.40240677727694674,-1,1,-3.261591355405051,-1.330256604653429,1.0,0.7012033886384734,7,Crítico
EMP_RJ_00440,Comércio varejista de combustíveis (postos),4731,Ativa,Baixo,0,5901,,,,0,2,0.1636121440657271,0,0.993237457864554,0.006762542135446026,2,0,-1.1833177765940854,-0.37022137748952194,0.16666666666666666,0.05338127106772301,1505,Baixo
EMP_RJ_00441,Comércio varejista de combustíveis (postos),4731,Ativa,Médio,0,5803,,,,0,3,0.10395286633174738,0,0.8324689398121,0.16753106018789998,2,0,-1.372111376804601,-0.4050192841064956,0.25,0.15876553009395,961,Baixo
EMP_RJ_00442,Comércio varejista de combustíveis (postos),4731,Inapta,Alto,0,5907,,,,4,8,0.09807644390063364,0,0.8166332850475057,0.18336671495249435,3,0,-2.6988570551904845,0.0211952697851462,0.6666666666666666,0.2916833574762472,460,Baixo
EMP_RJ_00443,Comércio varejista de combustíveis (postos),4731,Inapta,Alto,0,6001,,,,4,8,0.130542175969165,0,0.904121230433291,0.09587876956670904,4,0,-0.6216375813529674,1.5978985855319798,0.6666666666666666,0.2479393847833545,660,Baixo
EMP_RJ_00444,Comércio varejista de combustíveis (postos),4731,Ativa,Baixo,0,6001,,,,0,2,0.14936180715873548,0,0.9548359613445858,0.045164038655414185,0,0,0.5383497911223052,1.3294546256599586,0.16666666666666666,0.07258201932770708,1362,Baixo
EMP_RJ_00445,Comércio varejista de combustíveis (postos),4731,Inapta,Alto,0,6001,,,,4,8,0.12632582101468942,0,0.892759089231436,0.10724091076856401,4,0,-0.5567275534880305,1.613491004072935,0.6666666666666666,0.253620455384282,637,Baixo
EMP_RJ_00446,Comércio varejista de combustíveis (postos),4731,Ativa,Baixo,0,2909,,N,N,0,2,0.16222116940602782,0,0.9894890897450888,0.010510910254911243,2,0,-1.0011863077431444,-0.13320505913634578,0.16666666666666666,0.05525545512745562,1488,Baixo
EMP_RJ_00447,Comércio varejista de combustíveis (postos),4731,Ativa,Baixo,0,5813,,,,0,2,0.07676117812742528,0,0.7591933725910881,0.2408066274089119,2,0,0.40178117685864256,0.1082456188890661,0.16666666666666666,0.17040331370445594,902,Baixo
EMP_RJ_00448,Comércio varejista de combustíveis (postos),4731,Inapta,Alto,0,6001,,,,4,8,0.12632582101468942,0,0.892759089231436,0.10724091076856401,4,0,-0.5530595390090964,1.6070059394114773,0.6666666666666666,0.253620455384282,637,Baixo
EMP_RJ_00449,Comércio varejista de combustíveis (postos),4731,Inapta,Crítico,0,6001,,,,4,10,0.07562580646253364,0,0.7561337978369772,0.2438662021630228,1,0,-1.2931688474000576,0.365988760204665,0.8333333333333334,0.3719331010815114,318,Médio
EMP_RJ_00450,Comércio varejista de combustíveis (postos),4731,Ativa,Baixo,0,5875,,,,0,2,0.13756219413301995,0,0.9230386219903373,0.07696137800966274,2,0,-1.219095847198574,-0.3127067961710464,0.16666666666666666,0.08848068900483136,1264,Baixo
EMP_RJ_00451,Comércio varejista de combustíveis (postos),4731,Inapta,Alto,0,5833,,,,4,8,0.13063548448925077,0,0.9043726761943802,0.09562732380561978,3,0,-1.818045466489698,0.5809304006078629,0.6666666666666666,0.24781366190280987,661,Baixo
EMP_RJ_00452,Comércio varejista de combustíveis (postos),4731,Inapta,Crítico,0,5865,,,,7,10,0.04516834895447819,0,0.6740577068549581,0.32594229314504186,-1,1,-0.07111102518253559,1.0300763048274444,0.8333333333333334,0.6129711465725209,51,Alto
EMP_RJ_00453,Comércio varejista de combustíveis (postos),4731,Ativa,Baixo,0,5883,,,,0,2,0.16612164271840912,0,1.0,0.0,2,0,-1.0645452281906722,-0.11002919066041339,0.16666666666666666,0.049999999999999996,1520,Baixo
EMP_RJ_00454,Comércio varejista de combustíveis (postos),4731,Inapta,Alto,0,6001,,,,4,8,0.12632582101468942,0,0.892759089231436,0.10724091076856401,4,0,-0.551156068335054,1.603640594053645,0.6666666666666666,0.253620455384282,637,Baixo
EMP_RJ_00455,Extração de petróleo e gás natural,0600,Ativa,Médio,0,5899,,,,0,4,0.03013235991826685,0,0.633539052144061,0.36646094785593897,5,0,-1.9944372738607918,-3.0987476204135898,0.3333333333333333,0.28323047392796946,482,Baixo
EMP_RJ_00456,Transporte dutoviário de combustíveis,5221,Ativa,Médio,0,5897,,,,0,4,0.06533038749749454,0,0.7283899277700464,0.2716100722299536,5,0,-1.6276372588451906,-2.5266910217811573,0.3333333333333333,0.23580503611497677,724,Baixo
EMP_RJ_00457,Extração de petróleo e gás natural,0600,Ativa,Médio,0,5897,,,,0,4,0.06537031191441461,0,0.7284975152163942,0.27150248478360584,5,0,-1.587345015457922,-2.5979279458051208,0.3333333333333333,0.2357512423918029,727,Baixo
EMP_RJ_00458,Comércio varejista de combustíveis (postos),4731,Ativa,Baixo,0,5883,,,,0,2,0.16374027878933411,0,0.9935827525179223,0.006417247482077726,2,0,-1.2622322722757473,-0.3980559111180428,0.16666666666666666,0.05320862374103886,1507,Baixo
EMP_RJ_00459,Comércio varejista de combustíveis (postos),4731,Ativa,Médio,0,6001,,,,0,3,0.11574372649150022,0,0.8642426921344069,0.13575730786559315,0,0,1.6357356824660503,1.2340490158453665,0.25,0.14287865393279658,1011,Baixo
EMP_RJ_00460,Comércio varejista de combustíveis (postos),4731,Ativa,Baixo,0,6001,,,,0,2,0.15584249321310611,0,0.9722999725176703,0.027700027482329692,0,0,0.14460131988789499,0.750527091495282,0.16666666666666666,0.06385001374116483,1428,Baixo
EMP_RJ_00461,Transporte dutoviário de combustíveis,5221,Ativa,Baixo,0,5923,,,,0,2,0.14628182632773384,0,0.9465360963003251,0.05346390369967491,2,0,-1.4966227581347677,-0.27670409486602204,0.16666666666666666,0.07673195184983744,1334,Baixo
EMP_RJ_00462,Comércio atacadista de combustíveis,4681,Ativa,Baixo,0,6001,,,,0,2,0.08173020896127292,0,0.7725838083063302,0.22741619169366978,-1,1,-0.014545184364292044,-0.2262824536595267,0.16666666666666666,0.3637080958468349,338,Médio
EMP_RJ_00463,Comércio varejista de combustíveis (postos),4731,Ativa,Médio,0,5853,,S,N,0,4,0.11588550746186915,0,0.8646247603953718,0.13537523960462816,7,0,-1.688970765982443,-1.3696772727147224,0.3333333333333333,0.16768761980231406,910,Baixo
EMP_RJ_00464,Comércio varejista de combustíveis (postos),4731,Inapta,Crítico,0,6001,,,,4,10,0.07547802734449643,0,0.7557355658987381,0.24426443410126186,1,0,-1.2855271793300576,0.3524782535624938,0.8333333333333334,0.37213221705063093,315,Médio
EMP_RJ_00465,Comércio varejista de combustíveis (postos),4731,Ativa,Baixo,0,5865,,,,0,2,0.16528347497408552,0,0.9977413238769814,0.002258676123018555,2,0,-0.9175438036655992,-0.026829518300459012,0.16666666666666666,0.05112933806150927,1518,Baixo
EMP_RJ_00466,Comércio varejista de combustíveis (postos),4731,Ativa,Baixo,0,5819,,,,0,2,0.15039184522450538,0,0.9576116854173753,0.04238831458262471,2,0,-0.8976571118974415,0.06681307282433402,0.16666666666666666,0.07119415729131234,1377,Baixo
EMP_RJ_00467,Comércio varejista de combustíveis (postos),4731,Ativa,Baixo,0,774,,,,0,2,0.1425499018806582,0,0.9364793878447625,0.06352061215523752,2,0,-1.5658491725660195,-0.5813886970407813,0.16666666666666666,0.08176030607761875,1310,Baixo
EMP_RJ_00468,Comércio varejista de combustíveis (postos),4731,Ativa,Médio,0,5867,,,,0,3,0.10777539732031155,0,0.8427698127958677,0.1572301872041323,2,0,0.3329120312448438,0.07180172287724497,0.25,0.15361509360206616,977,Baixo
EMP_RJ_00469,Comércio varejista de combustíveis (postos),4731,Inapta,Alto,0,5825,,,,4,8,0.11386130529763666,0,0.8591699846330284,0.1408300153669716,3,0,-2.436357261610089,0.26404614641537977,0.6666666666666666,0.2704150076834858,556,Baixo
EMP_RJ_00470,Comércio varejista de combustíveis (postos),4731,Ativa,Médio,0,5897,,,,0,3,0.11601841971498833,0,0.8649829294308782,0.13501707056912182,2,0,0.38978089343617567,0.19653582016738502,0.25,0.14250853528456092,1015,Baixo
EMP_RJ_00471,Comércio varejista de combustíveis (postos),4731,Ativa,Baixo,0,5879,,,,0,2,0.13164152717465277,0,0.9070837380404654,0.09291626195953462,2,0,-1.7451373354380555,-0.5311281532701286,0.16666666666666666,0.0964581309797673,1218,Baixo
EMP_RJ_00472,Comércio varejista de combustíveis (postos),4731,Ativa,Baixo,0,5819,,N,N,0,2,0.14985439757424684,0,0.9561633832329588,0.0438366167670412,2,0,-0.8271478135056977,0.07250595613515767,0.16666666666666666,0.07191830838352059,1367,Baixo
EMP_RJ_00473,Comércio varejista de combustíveis (postos),4731,Ativa,Médio,0,5809,,,,0,4,0.08630504558259072,0,0.7849119780709879,0.2150880219290121,7,0,-1.9555522807434387,-1.5826747109645152,0.3333333333333333,0.20754401096450603,786,Baixo
EMP_RJ_00474,Comércio varejista de combustíveis (postos),4731,Inapta,Alto,0,6001,,,,4,8,0.13089164972853923,0,0.9050629846838761,0.09493701531612386,4,0,-0.6071463009338003,1.5722779091718126,0.6666666666666666,0.24746850765806191,662,Baixo
EMP_RJ_00475,Comércio varejista de combustíveis (postos),4731,Ativa,Baixo,0,5865,,,,0,2,0.16366255678925062,0,0.9933733089703619,0.006626691029638088,2,0,-0.8451866053474734,-0.02440372992578495,0.16666666666666666,0.05331334551481904,1506,Baixo
EMP_RJ_00476,Comércio varejista de combustíveis (postos),4731,Ativa,Baixo,0,5825,,N,N,0,2,0.14621558360900638,0,0.9463575868693349,0.05364241313066509,2,0,-1.4044089814168852,-0.28520876906736276,0.16666666666666666,0.07682120656533253,1333,Baixo
EMP_RJ_00477,Comércio varejista de combustíveis (postos),4731,Ativa,Baixo,0,5897,,,,0,2,0.16213285381406417,0,0.989251098817605,0.010748901182395021,2,0,-1.1660134286424446,-0.30302064962122777,0.16666666666666666,0.055374450591197506,1487,Baixo
EMP_RJ_00478,Comércio varejista de combustíveis (postos),4731,Ativa,Médio,0,5877,,,,0,3,0.1419416367916818,0,0.9348402483738855,0.06515975162611454,2,0,-0.687128036669595,0.012910903968716905,0.25,0.10757987581305727,1149,Baixo
EMP_RJ_00479,Comércio varejista de combustíveis (postos),4731,Inapta,Alto,0,5837,,,,4,9,0.09145626579855182,0,0.7987933737522201,0.20120662624777985,3,0,-1.6927123255538796,0.5372091574099902,0.75,0.3256033131238899,396,Médio
EMP_RJ_00480,Comércio varejista de combustíveis (postos),4731,Ativa,Médio,0,5919,,,,0,4,0.09508500734345426,0,0.8085720271776046,0.19142797282239543,7,0,-2.00738155128553,-1.5627366693685898,0.3333333333333333,0.1957139864111977,811,Baixo
EMP_RJ_00481,Comércio varejista de combustíveis (postos),4731,Inapta,Alto,0,5803,,,,4,8,0.10507913466223007,0,0.8355039830995582,0.1644960169004418,3,0,-2.479097611237899,0.2856074456168229,0.6666666666666666,0.2822480084502209,490,Baixo
EMP_RJ_00482,Comércio varejista de combustíveis (postos),4731,Ativa,Baixo,0,5839,,N,N,0,2,0.16495205046373512,0,0.9968482083482806,0.0031517916517194156,2,0,-0.9768392491888015,-0.10559699913607962,0.16666666666666666,0.051575895825859704,1515,Baixo
EMP_RJ_00483,Comércio varejista de combustíveis (postos),4731,Ativa,Baixo,0,6003,,N,N,0,2,0.14863474135065802,0,0.9528766802917304,0.04712331970826955,2,0,-1.6145520677144845,-0.5999315070804921,0.16666666666666666,0.07356165985413476,1354,Baixo
EMP_RJ_00484,Comércio varejista de combustíveis (postos),4731,Ativa,Baixo,0,6001,,,,0,2,0.1553416737673614,0,0.970950375218433,0.02904962478156703,0,0,0.15395196101512598,0.7339951159711683,0.16666666666666666,0.0645248123907835,1420,Baixo
EMP_RJ_00485,Comércio varejista de combustíveis (postos),4731,Ativa,Médio,0,1116,,,,0,3,0.09864981147673557,0,0.8181783834632167,0.1818216165367833,2,0,-1.110076332124335,-0.13027861747390526,0.25,0.16591080826839166,922,Baixo
EMP_RJ_00486,Comércio varejista de combustíveis (postos),4731,Ativa,Médio,0,6001,,,,0,4,0.1019586480668011,0,0.8270949640063899,0.17290503599361007,24,0,-0.31944769496560493,-0.2106739922719805,0.3333333333333333,0.186452517996805,835,Baixo
EMP_RJ_00487,Comércio varejista de combustíveis (postos),4731,Ativa,Alto,0,5915,,,,3,6,0.05972292299790527,0,0.7132790549624588,0.2867209450375412,14,0,2.8514887939915337,0.46332195509803703,0.5,0.2933604725187706,454,Baixo
EMP_RJ_00488,Extração de petróleo e gás natural,0600,Ativa,Médio,0,5847,,,,0,4,-0.04455084988626734,1,0.43228437022831134,0.5677156297716887,-1,1,-0.23652203457907572,-6.475011863480939,0.3333333333333333,0.5838578148858443,74,Alto
EMP_RJ_00489,Comércio varejista de combustíveis (postos),4731,Ativa,Médio,0,6003,,,,0,3,0.12403167262116532,0,0.8865768682688577,0.11342313173114227,2,0,-1.1141571910080186,-0.21825974071643536,0.25,0.13171156586557115,1055,Baixo
EMP_RJ_00490,Comércio varejista de combustíveis (postos),4731,Inapta,Alto,0,5865,,,,4,8,0.13788051515965566,0,0.9238964265374414,0.07610357346255858,3,0,-1.86706182469386,0.5070419545509666,0.6666666666666666,0.23805178673127927,713,Baixo
EMP_RJ_00491,Comércio varejista de combustíveis (postos),4731,Ativa,Médio,0,6001,,,,0,3,0.12452446267973782,0,0.8879048281509896,0.11209517184901041,0,0,0.7226748117009913,1.1252163631122953,0.25,0.13104758592450522,1057,Baixo
EMP_RJ_00492,Comércio varejista de combustíveis (postos),4731,Ativa,Baixo,0,5807,,,,0,2,0.14155432035373006,0,0.9337965164999511,0.0662034835000489,2,0,-0.69113041207325,0.45457182868537366,0.16666666666666666,0.08310174175002444,1303,Baixo
EMP_RJ_00493,Comércio varejista de combustíveis (postos),4731,Inapta,Alto,0,6001,,,,4,8,0.1265661257765826,0,0.8934066572530065,0.1065933427469935,4,0,-0.5343167512605607,1.5738685689621823,0.6666666666666666,0.25329667137349676,641,Baixo
EMP_RJ_00494,Comércio atacadista de combustíveis,4681,Inapta,Crítico,0,6001,,,,4,10,0.006360439925321426,0,0.5694790015754201,0.4305209984245799,-1,1,-1.4431177026477513,-0.6270823033994355,0.8333333333333334,0.6652604992122899,26,Alto
EMP_RJ_00495,Comércio varejista de combustíveis (postos),4731,Ativa,Médio,0,5877,,,,0,4,0.11769716959029741,0,0.8695067879133362,0.13049321208666376,7,0,-1.6511829329959378,-1.3306496991143826,0.3333333333333333,0.16524660604333186,930,Baixo
EMP_RJ_00496,Comércio varejista de combustíveis (postos),4731,Ativa,Médio,0,5883,,,,0,3,0.13326889820313664,0,0.9114691419291524,0.0885308580708476,2,0,-0.5484502347367518,0.24388468425667947,0.25,0.1192654290354238,1106,Baixo
EMP_RJ_00497,Comércio varejista de combustíveis (postos),4731,Inapta,Crítico,0,6001,,,,4,10,0.07488015894802169,0,0.7541244432076417,0.24587555679235829,1,0,-1.2703690499389644,0.3256785721421321,0.8333333333333334,0.37293777839617914,312,Médio
EMP_RJ_00498,Comércio varejista de combustíveis (postos),4731,Ativa,Médio,0,6001,,,,0,4,0.10418646091604955,0,0.833098425393719,0.16690157460628097,24,0,-0.309513560987939,-0.22823759722376424,0.3333333333333333,0.18345078730314046,841,Baixo
EMP_RJ_00499,Comércio varejista de combustíveis (postos),4731,Ativa,Médio,0,5871,,,,0,3,0.060693896273245396,0,0.7158956125285935,0.28410438747140654,2,0,0.6148592222132334,0.19673292403552042,0.25,0.21705219373570328,771,Baixo
EMP_RJ_00500,Comércio varejista de combustíveis (postos),4731,Ativa,Baixo,0,5867,,,,0,2,0.1584651567673282,0,0.9793674689570768,0.020632531042923175,2,0,-0.9395556043396954,-0.16078569935243486,0.16666666666666666,0.06031626552146158,1459,Baixo
EMP_RJ_00501,Comércio varejista de combustíveis (postos),4731,Ativa,Médio,0,5877,,,,3,4,0.05133288130586067,0,0.6906697539373468,0.30933024606265325,19,0,2.557887607728497,0.7987397385773878,0.3333333333333333,0.2546651230313266,631,Baixo
EMP_RJ_00502,Extração de petróleo e gás natural,0600,Ativa,Médio,0,6001,,,,0,4,0.10267291728542127,0,0.8290197610895876,0.17098023891041236,24,0,-0.3158630366081619,-0.21701168130091397,0.3333333333333333,0.18549011945520616,837,Baixo
EMP_RJ_00503,Comércio atacadista de combustíveis,4681,Ativa,Baixo,1,5833,,,,0,2,0.09150820870538223,0,0.7989333483625682,0.20106665163743176,9,0,-0.7650919615565708,-1.326734140653634,0.16666666666666666,0.15053332581871587,988,Baixo
EMP_RJ_00504,Comércio varejista de combustíveis (postos),4731,Inapta,Alto,0,782,,S,N,4,8,0.11420225229450803,0,0.860088761150335,0.13991123884966505,3,0,-2.3389842091515067,0.19980510922313563,0.6666666666666666,0.2699556194248325,559,Baixo
EMP_RJ_00505,Comércio varejista de combustíveis (postos),4731,Ativa,Alto,0,5919,,,,3,6,0.059811408300718905,0,0.7135175032230329,0.28648249677696713,11,0,0.9291697710310326,-0.1939893657664058,0.5,0.29324124838848353,455,Baixo
EMP_RJ_00506,Comércio varejista de combustíveis (postos),4731,Ativa,Baixo,0,5853,,,,0,2,0.1639901261006228,0,0.9942560355930943,0.005743964406905722,2,0,-0.9910272587429872,-0.18446444968971448,0.16666666666666666,0.05287198220345286,1510,Baixo
EMP_RJ_00507,Comércio varejista de combustíveis (postos),4731,Inapta,Alto,0,5923,,S,N,4,8,0.11060610690029299,0,0.8503979471195807,0.14960205288041928,3,0,-2.4316217133700313,0.23149757641439497,0.6666666666666666,0.27480102644020965,540,Baixo
EMP_RJ_00508,Comércio atacadista de combustíveis,4681,Inapta,Alto,0,6001,,,,4,8,0.1298263750993105,0,0.9021923058898143,0.09780769411018575,4,0,-0.5906404083452698,1.5430953866104473,0.6666666666666666,0.24890384705509286,654,Baixo
EMP_RJ_00509,Comércio varejista de combustíveis (postos),4731,Ativa,Baixo,0,5865,,,,0,2,0.16286053156663488,0,0.9912120289251094,0.0087879710748906,2,0,-1.0291603594806278,-0.33667562084002145,0.16666666666666666,0.054393985537445295,1497,Baixo
EMP_RJ_00510,Comércio varejista de combustíveis (postos),4731,Ativa,Baixo,0,5809,,,,0,2,0.1382895556793956,0,0.9249986999922966,0.07500130000770344,2,0,-1.2633191855261101,-0.38736585186600975,0.16666666666666666,0.08750065000385171,1273,Baixo
EMP_RJ_00511,Comércio varejista de combustíveis (postos),4731,Ativa,Médio,0,6001,,,,2,4,0.05847309761162289,0,0.7099110528208152,0.29008894717918476,21,0,3.8775270169605904,2.649316192385799,0.3333333333333333,0.24504447358959236,688,Baixo
EMP_RJ_00512,Comércio atacadista de combustíveis,4681,Inapta,Crítico,0,5833,,S,N,4,10,0.09051156161818047,0,0.7962476055692146,0.2037523944307854,-1,1,-1.9728127631483376,0.1679272470957382,0.8333333333333334,0.5518761972153927,100,Alto
EMP_RJ_00513,Comércio varejista de combustíveis (postos),4731,Ativa,Médio,0,5901,,,,0,3,0.14454715141690738,0,0.9418615322541449,0.05813846774585507,2,0,-0.7155435622950811,-0.06122981930727405,0.25,0.10406923387292753,1173,Baixo
EMP_RJ_00514,Comércio varejista de combustíveis (postos),4731,Ativa,Médio,0,5839,,,,0,3,0.11612847794855125,0,0.8652795119538561,0.1347204880461439,2,0,0.40085844302177337,0.07129679239975058,0.25,0.14236024402307196,1017,Baixo
EMP_RJ_00515,Comércio varejista de combustíveis (postos),4731,Inapta,Alto,0,5885,,,,4,8,0.11107083871786122,0,0.8516502962669409,0.1483497037330591,3,0,-2.4122454179018566,0.23817511998560895,0.6666666666666666,0.27417485186652957,544,Baixo
EMP_RJ_00516,Comércio atacadista de combustíveis,4681,Inapta,Alto,0,6003,,N,N,4,8,0.11830075105184168,0,0.8711333060473487,0.12886669395265127,3,0,-2.356879756541045,0.20516479046001576,0.6666666666666666,0.2644333469763256,587,Baixo
EMP_RJ_00517,Comércio varejista de combustíveis (postos),4731,Inapta,Alto,0,6001,,,,4,8,0.1298263750993105,0,0.9021923058898143,0.09780769411018575,4,0,-0.5864722571373916,1.5357260681538438,0.6666666666666666,0.24890384705509286,654,Baixo
EMP_RJ_00518,Comércio varejista de combustíveis (postos),4731,Ativa,Médio,0,782,,S,N,0,4,0.09943881486825384,0,0.8203045725625612,0.17969542743743883,7,0,-2.0548980469145848,-1.5767599779808832,0.3333333333333333,0.1898477137187194,827,Baixo
EMP_RJ_00519,Comércio varejista de combustíveis (postos),4731,Ativa,Baixo,0,5865,,,,0,2,0.1644851776474605,0,0.9955900896843884,0.004409910315611554,2,0,-1.0908887894753312,-0.357893144437515,0.16666666666666666,0.05220495515780577,1512,Baixo
EMP_RJ_00520,Comércio atacadista de combustíveis,4681,Ativa,Alto,0,5871,,S,N,0,6,0.04951657696759448,0,0.6857752166937459,0.31422478330625414,23,0,-2.318839626845879,-1.9350559200439732,0.5,0.3071123916531271,431,Médio
EMP_RJ_00521,Comércio varejista de combustíveis (postos),4731,Inapta,Alto,0,5849,,,,4,8,0.10710187102414942,0,0.8409548088498566,0.15904519115014337,3,0,-2.67075189072499,0.04091866095278025,0.6666666666666666,0.27952259557507164,512,Baixo
EMP_RJ_00522,Extração de petróleo e gás natural,0600,Ativa,Baixo,0,6001,,,,0,2,0.12451739462735129,0,0.8878857813178588,0.11211421868214122,0,0,2.0931163387709,1.3966635993601408,0.16666666666666666,0.1060571093410706,1157,Baixo
EMP_RJ_00523,Comércio varejista de combustíveis (postos),4731,Ativa,Baixo,0,5813,,,,0,2,0.13890898502596505,0,0.9266679246605908,0.07333207533940922,2,0,-1.2163345906617493,-0.35414639054691033,0.16666666666666666,0.0866660376697046,1280,Baixo
EMP_RJ_00524,Comércio varejista de combustíveis (postos),4731,Ativa,Médio,0,6001,,,,0,3,0.1254878102023635,0,0.8905008360053357,0.1094991639946643,0,0,0.47208205664566893,0.800373522539046,0.25,0.12974958199733216,1066,Baixo
EMP_RJ_00525,Extração de petróleo e gás natural,0600,Ativa,Médio,0,5899,,,,0,4,0.047340249611182494,0,0.6799104972875287,0.3200895027124713,5,0,-1.9414050742044886,-2.9315372403435895,0.3333333333333333,0.2600447513562356,606,Baixo
EMP_RJ_00526,Comércio varejista de combustíveis (postos),4731,Ativa,Baixo,0,2913,,,,0,2,0.1460698900960648,0,0.9459649751741361,0.054035024825863864,2,0,-1.6071010509371366,-0.6422480982926846,0.16666666666666666,0.07701751241293192,1331,Baixo
EMP_RJ_00527,Comércio varejista de combustíveis (postos),4731,Ativa,Alto,0,5903,,,,3,6,0.04223606602353547,0,0.6661558548845032,0.33384414511549676,8,0,1.399188066837205,0.34428151641559285,0.5,0.3169220725577484,407,Médio
EMP_RJ_00528,Comércio varejista de combustíveis (postos),4731,Ativa,Médio,0,5869,,,,0,3,0.1410894554778439,0,0.9325438087899433,0.06745619121005675,2,0,-0.6228223657493234,0.023878353606587164,0.25,0.10872809560502837,1145,Baixo
EMP_RJ_00529,Comércio varejista de combustíveis (postos),4731,Ativa,Baixo,0,5921,,,,0,2,0.12725841618916284,0,0.8952722263299356,0.10472777367006436,2,0,-0.9072769308325168,0.2308287342846466,0.16666666666666666,0.10236388683503217,1192,Baixo
EMP_RJ_00530,Comércio varejista de combustíveis (postos),4731,Ativa,Médio,0,5869,,,,0,3,0.1327706942630273,0,0.9101265928373511,0.08987340716264891,2,0,-0.4941692957203188,0.057126449543837755,0.25,0.11993670358132445,1104,Baixo
EMP_RJ_00531,Comércio varejista de combustíveis (postos),4731,Ativa,Médio,0,6001,,,,0,3,0.10894029223292778,0,0.8459089461528492,0.15409105384715083,0,0,1.7960946251020953,1.2112409515694336,0.25,0.15204552692357542,984,Baixo
EMP_RJ_00532,Comércio varejista de combustíveis (postos),4731,Ativa,Baixo,0,5853,,,,0,2,0.16155565704241404,0,0.9876956815694005,0.012304318430599537,2,0,-1.1827538224414624,-0.48302933311841406,0.16666666666666666,0.056152159215299764,1482,Baixo
EMP_RJ_00533,Comércio atacadista de combustíveis,4681,Ativa,Médio,0,5833,,,,0,4,0.06534982500987196,0,0.7284423075536818,0.2715576924463182,5,0,-1.5124716274877668,-2.4918065537779888,0.3333333333333333,0.2357788462231591,726,Baixo
EMP_RJ_00534,Comércio varejista de combustíveis (postos),4731,Ativa,Baixo,0,6001,,,,0,2,0.15621976824436645,0,0.9733166450282624,0.026683354971737572,0,0,0.24488523483880614,0.7035782851615959,0.16666666666666666,0.06334167748586877,1432,Baixo
EMP_RJ_00535,Comércio varejista de combustíveis (postos),4731,Inapta,Alto,0,5819,,,,4,8,0.12207284959113435,0,0.8812982747687937,0.11870172523120626,3,0,-1.8446325986535643,0.5961893204685742,0.6666666666666666,0.25935086261560314,608,Baixo
EMP_RJ_00536,Comércio varejista de combustíveis (postos),4731,Ativa,Médio,0,6001,,,,0,3,0.08034599136540016,0,0.7688536489748196,0.23114635102518044,0,0,1.4789403604538613,2.207934962717768,0.25,0.19057317551259023,826,Baixo
EMP_RJ_00537,Extração de petróleo e gás natural,0600,Ativa,Baixo,0,6001,,,,0,2,0.12517447883468225,0,0.8896564774821555,0.11034352251784452,0,0,2.1293772302834655,1.4629078680913334,0.16666666666666666,0.10517176125892225,1167,Baixo
EMP_RJ_00538,Extração de petróleo e gás natural,0600,Ativa,Baixo,0,6001,,,,0,2,0.12387016368392517,0,0.8861416375138341,0.11385836248616588,0,0,2.084777908819168,1.5417597366261073,0.16666666666666666,0.10692918124308293,1154,Baixo
EMP_RJ_00539,Comércio varejista de combustíveis (postos),4731,Inapta,Alto,0,6001,,,,4,8,0.12558116075650266,0,0.8907523950388736,0.1092476049611264,4,0,-0.510085834480539,1.5310281641261216,0.6666666666666666,0.25462380248056316,632,Baixo
EMP_RJ_00540,Comércio varejista de combustíveis (postos),4731,Ativa,Médio,0,6001,,,,0,4,0.10617156822852353,0,0.8384478492037857,0.16155215079621432,24,0,-0.289284083172814,-0.26400343486827044,0.3333333333333333,0.18077607539810714,864,Baixo
EMP_RJ_00541,Comércio varejista de combustíveis (postos),4731,Inapta,Alto,0,5831,,,,4,8,0.08647368444514719,0,0.7853664223929615,0.2146335776070385,3,0,-2.711160819192753,-0.07475566351929261,0.6666666666666666,0.3073167888035192,430,Médio
EMP_RJ_00542,Comércio varejista de combustíveis (postos),4731,Ativa,Baixo,0,6001,,,,0,2,0.14269533167381604,0,0.9368712888736505,0.06312871112634955,0,0,1.378349591028543,1.0602748459222877,0.16666666666666666,0.08156435556317476,1311,Baixo
EMP_RJ_00543,Comércio varejista de combustíveis (postos),4731,Ativa,Médio,0,6001,,,,0,4,0.1058038918285587,0,0.8374570428750737,0.16254295712492628,24,0,-0.2875195393679227,-0.26712315417189575,0.3333333333333333,0.18127147856246312,857,Baixo
EMP_RJ_00544,Comércio varejista de combustíveis (postos),4731,Inapta,Crítico,0,5847,,,,4,10,0.0849177129013805,0,0.7811734242755759,0.2188265757244241,6,0,-2.5796152789969837,-0.8540672279673737,0.8333333333333334,0.35941328786221205,356,Médio
EMP_RJ_00545,Comércio varejista de combustíveis (postos),4731,Ativa,Médio,0,2913,,,,0,4,0.0956981464647908,0,0.8102243010843856,0.1897756989156144,7,0,-2.068913170630631,-1.6074040299478771,0.3333333333333333,0.19488784945780718,816,Baixo
EMP_RJ_00546,Comércio varejista de combustíveis (postos),4731,Ativa,Baixo,0,5807,,,,0,2,0.16260583532225686,0,0.990525679051,0.009474320949000026,2,0,-1.0639547711467792,-0.16134967339484513,0.16666666666666666,0.05473716047450001,1493,Baixo
EMP_RJ_00547,Comércio varejista de combustíveis (postos),4731,Ativa,Médio,0,5819,,N,N,0,3,0.12684421933920836,0,0.8941560577090868,0.1058439422909132,2,0,-0.5589363285919806,0.0967870140067672,0.25,0.12792197114545661,1071,Baixo
EMP_RJ_00548,Comércio varejista de combustíveis (postos),4731,Ativa,Alto,0,5863,,,,3,6,0.05136403314385318,0,0.6907537012296858,0.3092462987703142,14,0,2.0057433288950413,0.18425715781129923,0.5,0.3046231493851571,435,Médio
EMP_RJ_00549,Extração de petróleo e gás natural,0600,Ativa,Médio,0,6001,,,,3,4,0.068014296703024,0,0.735622467652348,0.26437753234765204,25,0,3.9172994940271435,1.869782977609002,0.3333333333333333,0.232188766173826,745,Baixo
EMP_RJ_00550,Comércio varejista de combustíveis (postos),4731,Ativa,Médio,0,2919,,,,0,3,0.04768678899418022,0,0.680844344044772,0.319155655955228,2,0,0.7692710472289964,0.09017467650601073,0.25,0.234577827977614,736,Baixo
EMP_RJ_00551,Extração de petróleo e gás natural,0600,Ativa,Alto,0,6001,,,,3,6,0.06945794319386911,0,0.7395127746714791,0.26048722532852087,20,0,4.988464091311394,1.9690927900788793,0.5,0.28024361266426046,510,Baixo
EMP_RJ_00552,Comércio varejista de combustíveis (postos),4731,Ativa,Baixo,0,6001,,,,0,2,0.1562206556815307,0,0.9733190364745417,0.026680963525458345,0,0,0.1905484045496305,0.669292381819504,0.16666666666666666,0.06334048176272916,1433,Baixo
EMP_RJ_00553,Extração de petróleo e gás natural,0600,Ativa,Alto,0,6001,,,,5,8,-0.005303194328979743,1,0.5380480948431747,0.46195190515682527,22,0,6.664545800741211,3.0462939594661593,0.6666666666666666,0.4309759525784126,220,Médio
EMP_RJ_00554,Extração de petróleo e gás natural,0600,Ativa,Médio,0,6001,,,,2,5,0.020976649177276763,0,0.6088664428961025,0.3911335571038975,21,0,4.1597686982708755,2.5425215880574474,0.4166666666666667,0.32056677855194876,400,Médio
EMP_RJ_00555,Extração de petróleo e gás natural,0600,Ativa,Alto,0,6001,,,,3,6,0.06896067540460116,0,0.7381727482985099,0.2618272517014901,20,0,4.99853715215821,1.9512835590728885,0.5,0.2809136258507451,503,Baixo
EMP_RJ_00556,Extração de petróleo e gás natural,0600,Ativa,Médio,0,6001,,,,0,4,0.10428512359231784,0,0.8333642994178979,0.1666357005821021,24,0,-0.30578997576134487,-0.234820912306905,0.3333333333333333,0.18331785029105102,842,Baixo
EMP_RJ_00557,Extração de petróleo e gás natural,0600,Ativa,Baixo,0,6001,,,,0,2,0.12387016368392517,0,0.8861416375138341,0.11385836248616588,0,0,2.084916835688319,1.5415141105719001,0.16666666666666666,0.10692918124308293,1154,Baixo
EMP_RJ_00558,Extração de petróleo e gás natural,0600,Ativa,Alto,0,6001,,,,5,8,-0.004195406247071265,1,0.5410333379605777,0.45896666203942227,22,0,6.707408363774447,2.970512685024169,0.6666666666666666,0.42948333101971115,222,Médio
EMP_RJ_00559,Extração de petróleo e gás natural,0600,Ativa,Baixo,0,6001,,,,0,2,0.12373870806273357,0,0.8857873937782181,0.11421260622178186,0,0,2.0945175451800218,1.5245400081502136,0.16666666666666666,0.10710630311089092,1151,Baixo
EMP_RJ_00560,Extração de petróleo e gás natural,0600,Ativa,Alto,0,6001,,,,3,6,0.06935779137139508,0,0.7392428877286435,0.26075711227135645,20,0,4.976154135304571,1.9908568689728,0.5,0.2803785561356782,509,Baixo
EMP_RJ_00561,Comércio atacadista de combustíveis,4681,Inapta,Crítico,0,1116,,,,4,10,0.04011802271796189,0,0.6604481980649497,0.3395518019350503,6,0,-3.1391310169123843,-0.9965028040728338,0.8333333333333334,0.41977590096752515,237,Médio
EMP_RJ_00562,Comércio varejista de combustíveis (postos),4731,Ativa,Médio,0,5869,,,,0,3,0.138059221902527,0,0.9243780015632994,0.07562199843670059,2,0,-0.5404754627058711,0.008642286607794621,0.25,0.11281099921835029,1124,Baixo
EMP_RJ_00563,Extração de petróleo e gás natural,0600,Ativa,Médio,0,5899,,,,2,4,-0.06804991705138774,1,0.36895959749812246,0.6310404025018775,-1,1,-0.7903461535013717,-6.016243425230983,0.3333333333333333,0.6155202012509388,48,Alto
EMP_RJ_00564,Extração de petróleo e gás natural,0600,Ativa,Baixo,0,6001,,,,0,2,0.12377317704390578,0,0.8858802800355164,0.11411971996448356,0,0,2.0774162220234462,1.4244214908071045,0.16666666666666666,0.10705985998224177,1152,Baixo
EMP_RJ_00565,Comércio varejista de combustíveis (postos),4731,Ativa,Alto,0,5809,,,,3,6,0.02335874743151023,0,0.6152856692215719,0.3847143307784281,14,0,2.598025061659497,0.20030548613781926,0.5,0.342357165389214,373,Médio
EMP_RJ_00566,Fabricação de produtos do refino de petróleo,1921,Ativa,Baixo,0,5909,,,,0,2,0.1499857986555529,0,0.9565174799956829,0.04348252000431707,2,0,-1.5456037620711844,-0.6607865451232467,0.16666666666666666,0.07174126000215852,1370,Baixo
EMP_RJ_00567,Comércio atacadista de combustíveis,4681,Suspensa,Médio,0,6001,,N,N,2,4,0.11171276512001072,0,0.8533801455090402,0.14661985449095982,-1,1,0.26477081932299806,0.4687844922280082,0.3333333333333333,0.3733099272454799,311,Médio
EMP_RJ_00568,Comércio varejista de combustíveis (postos),4731,Ativa,Baixo,0,5905,,,,0,2,0.1478261097158905,0,0.9506975974313648,0.04930240256863516,2,0,-1.5568229081725486,-0.6757172779472577,0.16666666666666666,0.07465120128431757,1350,Baixo
EMP_RJ_00569,Comércio atacadista de combustíveis,4681,Inapta,Crítico,0,5833,,,,4,10,0.08010833204010176,0,0.7682132098179806,0.23178679018201942,6,0,-2.443073940398448,-0.7331966386120582,0.8333333333333334,0.3658933950910097,330,Médio
EMP_RJ_00570,Comércio varejista de combustíveis (postos),4731,Inapta,Alto,0,5807,,,,4,8,0.08982532007460498,0,0.7943983368523085,0.20560166314769146,-1,1,-1.0238032157624866,0.4762635464751977,0.6666666666666666,0.5028008315738457,149,Alto
EMP_RJ_00571,Comércio varejista de combustíveis (postos),4731,Ativa,Baixo,0,6001,,,,0,2,0.1562206556815307,0,0.9733190364745417,0.026680963525458345,0,0,0.1944387020192062,0.6624143154713148,0.16666666666666666,0.06334048176272916,1433,Baixo
EMP_RJ_00572,Comércio varejista de combustíveis (postos),4731,Ativa,Médio,0,1116,,,,0,3,0.07482309955672889,0,0.7539706808067621,0.2460293191932379,2,0,-0.11248407049217166,0.15153365387969656,0.25,0.19801465959661896,807,Baixo
EMP_RJ_00573,Comércio varejista de combustíveis (postos),4731,Ativa,Baixo,0,6001,,N,N,0,2,0.1562206556815307,0,0.9733190364745417,0.026680963525458345,0,0,0.19485548262665975,0.6616774373086933,0.16666666666666666,0.06334048176272916,1433,Baixo
EMP_RJ_00574,Comércio varejista de combustíveis (postos),4731,Ativa,Médio,0,6001,,,,0,3,0.11451206222440774,0,0.8609236301799267,0.13907636982007332,0,0,1.752581060753153,1.1578194365286323,0.25,0.14453818491003667,1007,Baixo
EMP_RJ_00575,Fabricação de combustíveis,1922,Inapta,Crítico,0,6001,,S,N,4,12,0.02812226133394574,0,0.6281222824006925,0.37187771759930754,-1,1,-1.422788309942278,-0.09147593010128788,1.0,0.6859388587996538,18,Alto
EMP_RJ_00576,Comércio varejista de combustíveis (postos),4731,Ativa,Baixo,0,5847,,,,0,2,0.16464080504977963,0,0.9960094710076214,0.003990528992378617,2,0,-1.1460410482907395,-0.4621104530093121,0.16666666666666666,0.051995264496189304,1514,Baixo
EMP_RJ_00577,Comércio varejista de combustíveis (postos),4731,Ativa,Médio,0,6001,,,,0,4,0.10596992879957001,0,0.8379044756765641,0.16209552432343588,24,0,-0.2827401099357795,-0.27557322726701067,0.3333333333333333,0.18104776216171792,860,Baixo
EMP_RJ_00578,Comércio varejista de combustíveis (postos),4731,Ativa,Médio,0,5803,,,,0,4,0.08334914007523336,0,0.7769464684977758,0.22305353150222418,7,0,-2.1509122642656227,-1.5689252563268241,0.3333333333333333,0.21152676575111207,776,Baixo
EMP_RJ_00579,Comércio varejista de combustíveis (postos),4731,Ativa,Médio,0,5865,,,,0,3,0.1342914636334243,0,0.9142247289071253,0.08577527109287475,2,0,-0.7026939614343288,-0.28503585118535063,0.25,0.11788763554643737,1111,Baixo
EMP_RJ_00580,Comércio varejista de combustíveis (postos),4731,Ativa,Baixo,0,774,,,,0,2,0.1420718469365953,0,0.9351911358272416,0.06480886417275844,2,0,-1.516748275407881,-0.668199386562256,0.16666666666666666,0.08240443208637921,1309,Baixo
EMP_RJ_00581,Comércio atacadista de combustíveis,4681,Ativa,Baixo,0,5833,,N,N,0,2,0.15807314581187926,0,0.9783110863999686,0.021688913600031445,2,0,-1.0035948000532644,-0.3516797762033839,0.16666666666666666,0.06084445680001572,1454,Baixo
EMP_RJ_00582,Extração de petróleo e gás natural,0600,Inapta,Crítico,0,6001,,,,4,10,0.07498833968810825,0,0.7544159663022236,0.24558403369777637,1,0,-1.2346061676193671,0.26244959431571063,0.8333333333333334,0.3727920168488882,313,Médio
EMP_RJ_00583,Comércio varejista de combustíveis (postos),4731,Ativa,Baixo,0,2921,,,,0,2,0.13461787695973382,0,0.9151043404065695,0.08489565959343048,2,0,-1.020814731581308,-0.11648004358319383,0.16666666666666666,0.09244782979671523,1247,Baixo
EMP_RJ_00584,Comércio varejista de combustíveis (postos),4731,Ativa,Médio,0,5867,,,,0,3,0.12808171667674134,0,0.8974908384943345,0.10250916150566547,2,0,-0.8076361580023121,-0.40272433581086403,0.25,0.12625458075283275,1076,Baixo
EMP_RJ_00585,Comércio varejista de combustíveis (postos),4731,Ativa,Médio,0,5869,,N,N,0,3,0.13815245715039237,0,0.9246292498720101,0.07537075012798988,2,0,-0.7962507076805465,-0.30703789689794453,0.25,0.11268537506399494,1127,Baixo
EMP_RJ_00586,Comércio varejista de combustíveis (postos),4731,Inapta,Alto,0,1116,,,,4,9,0.03992843163989496,0,0.659937292170435,0.34006270782956505,3,0,-2.0245957411800015,0.34171508926443267,0.75,0.3950313539147825,266,Médio
EMP_RJ_00587,Comércio atacadista de combustíveis,4681,Ativa,Médio,0,6001,,S,N,0,4,0.11048560859533901,0,0.850073230920339,0.14992676907966096,-1,1,0.21835152807904692,0.5710422107843025,0.3333333333333333,0.37496338453983047,303,Médio
EMP_RJ_00588,Extração de petróleo e gás natural,0600,Inapta,Alto,0,6001,,,,4,8,0.12967620109698774,0,0.901787620269732,0.09821237973026797,4,0,-0.5561697184754496,1.4821509995033468,0.6666666666666666,0.24910618986513397,653,Baixo
EMP_RJ_00589,Comércio varejista de combustíveis (postos),4731,Ativa,Médio,0,5909,,,,0,3,0.11909481740485095,0,0.8732731387046909,0.12672686129530908,2,0,-1.1652728850908238,-0.5740257435421797,0.25,0.13836343064765455,1025,Baixo
EMP_RJ_00590,Comércio varejista de combustíveis (postos),4731,Inapta,Crítico,0,6001,,,,4,10,0.07458765529451672,0,0.7533362107535277,0.24666378924647225,1,0,-1.228590116485107,0.25181318092295757,0.8333333333333334,0.3733318946232361,309,Médio
EMP_RJ_00591,Comércio varejista de combustíveis (postos),4731,Ativa,Baixo,0,5819,,N,N,0,2,0.15012410117999586,0,0.9568901746165724,0.04310982538342756,2,0,-0.7726699288113944,-0.02381126692971729,0.16666666666666666,0.07155491269171377,1372,Baixo
EMP_RJ_00592,Comércio varejista de combustíveis (postos),4731,Ativa,Baixo,0,5819,,,,0,2,0.12712719708181686,0,0.8949186199466629,0.10508138005333711,2,0,0.1546877247560205,0.059744585919076554,0.16666666666666666,0.10254069002666855,1190,Baixo
EMP_RJ_00593,Comércio varejista de combustíveis (postos),4731,Ativa,Baixo,0,5869,,,,0,2,0.16455258796044053,0,0.995771745522858,0.004228254477142035,2,0,-1.0920811425789403,-0.4128422377332094,0.16666666666666666,0.05211412723857101,1513,Baixo
EMP_RJ_00594,Comércio varejista de combustíveis (postos),4731,Inapta,Alto,0,6001,,,,4,8,0.128883432203018,0,0.8996512839766595,0.1003487160233405,4,0,-0.5520849233890622,1.4749290566792677,0.6666666666666666,0.2501743580116702,649,Baixo
EMP_RJ_00595,Extração de petróleo e gás natural,0600,Ativa,Médio,0,6001,,,,2,4,0.048469302333422226,0,0.6829530438930533,0.31704695610694666,21,0,3.858646759493785,2.315718904780299,0.3333333333333333,0.2585234780534733,612,Baixo
EMP_RJ_00596,Comércio varejista de combustíveis (postos),4731,Inapta,Crítico,0,6001,,,,4,10,0.07458765529451672,0,0.7533362107535277,0.24666378924647225,1,0,-1.2297989528133937,0.25395039600975433,0.8333333333333334,0.3733318946232361,309,Médio
EMP_RJ_00597,Comércio varejista de combustíveis (postos),4731,Ativa,Baixo,0,5915,,,,0,2,0.16261738727482428,0,0.9905568090003627,0.009443190999637308,2,0,-0.936995990611028,-0.2531653486790236,0.16666666666666666,0.05472159549981865,1494,Baixo
EMP_RJ_00598,Comércio varejista de combustíveis (postos),4731,Ativa,Médio,0,5877,,,,0,3,0.11621437927585415,0,0.8655109969736849,0.13448900302631506,2,0,0.3302491367964096,0.25974334105127583,0.25,0.14224450151315754,1018,Baixo
EMP_RJ_00599,Comércio atacadista de combustíveis,4681,Ativa,Médio,0,5897,,N,N,0,4,0.11255748089257994,0,0.8556564671154974,0.14434353288450263,7,0,-1.5832540122454717,-1.3469793246003525,0.3333333333333333,0.1721717664422513,898,Baixo
EMP_RJ_00600,Comércio varejista de combustíveis (postos),4731,Inapta,Alto,0,5929,,N,N,4,8,0.06118282091876337,0,0.7172131559800871,0.28278684401991294,17,0,-2.9912355481661486,-0.0488105093345889,0.6666666666666666,0.3413934220099565,374,Médio
EMP_RJ_00601,Comércio varejista de combustíveis (postos),4731,Ativa,Médio,0,774,,,,0,4,0.0958665429375295,0,0.8106780922195747,0.18932190778042535,7,0,-2.04313699848035,-1.649537239288501,0.3333333333333333,0.19466095389021265,818,Baixo
EMP_RJ_00602,Comércio atacadista de combustíveis,4681,Ativa,Baixo,0,6001,,,,2,2,0.001945883876474097,0,0.5575827523952452,0.44241724760475476,-1,1,1.6205532075963074,-2.679056808933953,0.16666666666666666,0.4712086238023774,180,Médio
EMP_RJ_00603,Comércio varejista de combustíveis (postos),4731,Ativa,Médio,0,6001,,,,0,3,0.11558876376597393,0,0.8638251019676717,0.1361748980323283,0,0,1.7024957377933458,1.1160168390974126,0.25,0.14308744901616416,1009,Baixo
EMP_RJ_00604,Comércio varejista de combustíveis (postos),4731,Ativa,Baixo,0,5865,,,,0,2,0.15374461225795216,0,0.9666466487594702,0.03335335124052985,2,0,-0.5861998495927582,0.15524472295981503,0.16666666666666666,0.06667667562026491,1400,Baixo
EMP_RJ_00605,Comércio varejista de combustíveis (postos),4731,Inapta,Alto,0,5879,,,,4,9,0.013364889006260261,0,0.5883544379080162,0.4116455620919838,-1,1,-1.0859531958814728,0.4087584091327702,0.75,0.6308227810459919,42,Alto
EMP_RJ_00606,Comércio varejista de combustíveis (postos),4731,Ativa,Médio,0,5865,,,,0,4,0.11807255162879438,0,0.8705183592283924,0.12948164077160762,7,0,-1.5261497411073086,-1.3699917044492222,0.3333333333333333,0.1647408203858038,934,Baixo
EMP_RJ_00607,Comércio varejista de combustíveis (postos),4731,Ativa,Alto,0,5865,,,,3,6,0.036686381263565715,0,0.6512006856567261,0.34879931434327394,8,0,2.7259767249042115,1.0193179026373238,0.5,0.324399657171637,397,Médio
EMP_RJ_00608,Comércio varejista de combustíveis (postos),4731,Ativa,Baixo,0,6001,,,,0,2,0.1561180253570153,0,0.9730424705185615,0.02695752948143848,0,0,0.2151127458156149,0.625862474453346,0.16666666666666666,0.06347876474071923,1431,Baixo
EMP_RJ_00609,Comércio varejista de combustíveis (postos),4731,Ativa,Médio,0,6001,,,,0,3,0.12776884402039984,0,0.8966477160964497,0.10335228390355033,0,0,0.7092970737710097,1.018514530686046,0.25,0.12667614195177518,1073,Baixo
EMP_RJ_00610,Comércio atacadista de combustíveis,4681,Inapta,Crítico,0,6005,,S,N,4,10,0.0743402756759941,0,0.7526695775629014,0.24733042243709857,-1,1,-2.5103232290519175,-0.2393220400281829,0.8333333333333334,0.5736652112185493,80,Alto
EMP_RJ_00611,Comércio varejista de combustíveis (postos),4731,Inapta,Alto,0,5819,,S,N,4,8,0.12155236821495247,0,0.8798956929290374,0.12010430707096265,3,0,-1.788195672537558,0.49640850162418404,0.6666666666666666,0.2600521535354813,605,Baixo
EMP_RJ_00612,Fabricação de produtos do refino de petróleo,1921,Ativa,Médio,0,5919,,N,N,0,4,0.0958630204177845,0,0.8106685998103346,0.18933140018966543,7,0,-1.9461374103635503,-1.6710166865189366,0.3333333333333333,0.1946657000948327,817,Baixo
EMP_RJ_00613,Comércio varejista de combustíveis (postos),4731,Ativa,Baixo,0,5917,,,,0,2,0.13562487144414742,0,0.9178179671398339,0.08218203286016612,2,0,-1.2219058703132164,-0.4774541498408544,0.16666666666666666,0.09109101643008305,1253,Baixo
EMP_RJ_00614,Comércio atacadista de combustíveis,4681,Ativa,Médio,0,5877,,S,N,0,4,0.12508209376907475,0,0.8894075202260163,0.11059247977398368,12,0,-1.1069786635834027,-0.5602576624026323,0.3333333333333333,0.15529623988699182,972,Baixo
EMP_RJ_00615,Comércio varejista de combustíveis (postos),4731,Ativa,Baixo,0,5897,,,,0,2,0.16008780579508225,0,0.9837401481013751,0.01625985189862489,2,0,-1.035010194422138,-0.40428140276803204,0.16666666666666666,0.05812992594931244,1473,Baixo
EMP_RJ_00616,Comércio atacadista de combustíveis,4681,Inapta,Crítico,0,6001,,N,N,4,10,0.07427804072572697,0,0.7525018681787864,0.2474981318212136,1,0,-1.2145156166733933,0.22692938272541177,0.8333333333333334,0.3737490659106068,307,Médio
EMP_RJ_00617,Comércio varejista de combustíveis (postos),4731,Ativa,Médio,0,6001,,,,0,3,0.11849747672844568,0,0.8716634381021067,0.12833656189789333,0,0,0.8496488215825716,1.0310793023678875,0.25,0.13916828094894668,1024,Baixo
EMP_RJ_00618,Comércio varejista de combustíveis (postos),4731,Ativa,Médio,0,5899,,,,0,4,0.04830929762501468,0,0.6825218667010196,0.31747813329898045,5,0,-1.953715030211311,-2.9097731614496687,0.3333333333333333,0.2587390666494902,610,Baixo
EMP_RJ_00619,Comércio varejista de combustíveis (postos),4731,Inapta,Alto,0,5897,,,,4,8,0.13258078360007286,0,0.9096148257324645,0.09038517426753545,3,0,-1.8567669769066324,0.41089227780252924,0.6666666666666666,0.2451925871337677,686,Baixo
EMP_RJ_00620,Comércio varejista de combustíveis (postos),4731,Inapta,Crítico,0,6001,,,,4,10,0.07427804072572697,0,0.7525018681787864,0.2474981318212136,1,0,-1.212306506887218,0.22302366004832344,0.8333333333333334,0.3737490659106068,307,Médio
EMP_RJ_00621,Comércio varejista de combustíveis (postos),4731,Ativa,Médio,0,5847,,,,0,4,0.11888034116905233,0,0.8726951728308738,0.12730482716912617,7,0,-1.58494222902782,-1.4677730735704029,0.3333333333333333,0.16365241358456306,936,Baixo
EMP_RJ_00622,Comércio varejista de combustíveis (postos),4731,Inapta,Alto,0,5869,,,,4,8,0.13779619978361313,0,0.9236692153044153,0.07633078469558474,3,0,-1.8331722097033836,0.3900677195096604,0.6666666666666666,0.23816539234779235,711,Baixo
EMP_RJ_00623,Comércio varejista de combustíveis (postos),4731,Ativa,Médio,0,6001,,,,2,4,0.03585063254853821,0,0.6489485282809976,0.3510514717190024,21,0,4.434395623626405,2.5860695929561803,0.3333333333333333,0.2755257358595012,537,Baixo
EMP_RJ_00624,Comércio varejista de combustíveis (postos),4731,Ativa,Baixo,0,6001,,,,0,2,0.1560948189750495,0,0.9729799344675112,0.027020065532488813,0,0,0.22490795292412966,0.6085444955557694,0.16666666666666666,0.0635100327662444,1430,Baixo
EMP_RJ_00625,Comércio varejista de combustíveis (postos),4731,Ativa,Alto,0,5837,,N,N,3,6,0.07010884465280143,0,0.7412668097004873,0.2587331902995127,11,0,1.6857727574793346,0.0036040558474651164,0.5,0.27936659514975637,514,Baixo
EMP_RJ_00626,Comércio varejista de combustíveis (postos),4731,Inapta,Crítico,0,6001,,,,4,10,0.0736934930455973,0,0.7509266418630323,0.24907335813696774,1,0,-1.2081939264270007,0.21575259201340288,0.8333333333333334,0.37453667906848387,306,Médio
EMP_RJ_00627,Comércio varejista de combustíveis (postos),4731,Ativa,Alto,0,5885,,,,3,6,0.026442698606326087,0,0.6235962334615892,0.3764037665384108,8,0,1.9766732558694278,0.47379763916971196,0.5,0.3382018832692054,379,Médio
EMP_RJ_00628,Comércio atacadista de combustíveis,4681,Inapta,Alto,0,6001,,N,N,4,8,0.11688089833907123,0,0.8673071179814672,0.1326928820185328,4,0,-0.7340996361005138,1.1591935699855158,0.6666666666666666,0.2663464410092664,580,Baixo
EMP_RJ_00629,Comércio varejista de combustíveis (postos),4731,Ativa,Médio,0,5865,,,,0,3,0.14045489788119725,0,0.930833816843901,0.06916618315609901,2,0,-0.540295320777761,-0.06497278183836395,0.25,0.1095830915780495,1137,Baixo
EMP_RJ_00630,Comércio atacadista de combustíveis,4681,Ativa,Médio,0,6001,,N,N,0,4,0.050655646244274044,0,0.6888447556913082,0.3111552443086918,15,0,-0.25929339174906746,-1.575208690228359,0.3333333333333333,0.2555776221543459,623,Baixo
EMP_RJ_00631,Comércio varejista de combustíveis (postos),4731,Ativa,Baixo,0,5893,,N,N,0,2,0.14168511931429018,0,0.9341489906808458,0.06585100931915422,2,0,-1.4500044642725785,-0.4043629246263258,0.16666666666666666,0.0829255046595771,1304,Baixo
EMP_RJ_00632,Comércio varejista de combustíveis (postos),4731,Ativa,Médio,0,5859,,,,0,4,0.09727535179587748,0,0.8144745195478722,0.1855254804521278,7,0,-1.9713674577931994,-1.6913516308774537,0.3333333333333333,0.19276274022606388,824,Baixo
EMP_RJ_00633,Comércio varejista de combustíveis (postos),4731,Ativa,Baixo,0,2909,,N,N,0,2,0.15802207706546273,0,0.9781734674580029,0.021826532541997068,2,0,-1.1135927917430297,-0.5720083251044926,0.16666666666666666,0.06091326627099853,1453,Baixo
EMP_RJ_00634,Comércio varejista de combustíveis (postos),4731,Inapta,Crítico,0,2907,,N,N,4,10,0.01179679323986249,0,0.5841287677004048,0.4158712322995952,-1,1,-3.4198629493601564,-1.0043896978074527,0.8333333333333334,0.6579356161497976,28,Alto
EMP_RJ_00635,Comércio varejista de combustíveis (postos),4731,Ativa,Baixo,0,5877,,,,0,2,0.16360900758285052,0,0.9932290057390318,0.006770994260968166,2,0,-0.8382697327695916,-0.21835023525911795,0.16666666666666666,0.05338549713048408,1504,Baixo
EMP_RJ_00636,Extração de petróleo e gás natural,0600,Ativa,Médio,0,6001,,,,2,4,-0.031681190291002026,1,0.4669652476971296,0.5330347523028705,-1,1,0.9415592139281468,-3.9650354920556796,0.3333333333333333,0.5665173761514353,90,Alto
EMP_RJ_00637,Comércio varejista de combustíveis (postos),4731,Ativa,Baixo,0,5851,,N,N,0,2,0.14438923883734223,0,0.9414359928852016,0.058564007114798367,2,0,-1.589367161351708,-0.7260939469342936,0.16666666666666666,0.07928200355739917,1319,Baixo
EMP_RJ_00638,Comércio varejista de combustíveis (postos),4731,Ativa,Médio,0,5801,,,,0,4,0.05103754797538551,0,0.6898738961315634,0.31012610386843664,5,0,-1.7544619855398607,-2.7979390131292634,0.3333333333333333,0.2550630519342183,628,Baixo
EMP_RJ_00639,Comércio varejista de combustíveis (postos),4731,Ativa,Baixo,0,5841,,,,0,2,0.13191739249122897,0,0.9078271338677797,0.09217286613222031,2,0,-1.1364499942693547,-0.49256380983507175,0.16666666666666666,0.09608643306611014,1220,Baixo
EMP_RJ_00640,Comércio varejista de combustíveis (postos),4731,Ativa,Médio,0,6001,,,,0,3,0.12009230082784011,0,0.8759611352374501,0.12403886476254988,0,0,0.5978750155727927,0.7083245516705933,0.25,0.13701943238127495,1033,Baixo
EMP_RJ_00641,Comércio varejista de combustíveis (postos),4731,Ativa,Médio,0,786,,,,0,3,0.10736182678538303,0,0.8416553319550655,0.15834466804493452,2,0,-0.8881983707922817,-0.39363183579472255,0.25,0.15417233402246727,975,Baixo
EMP_RJ_00642,Comércio varejista de combustíveis (postos),4731,Ativa,Médio,0,6001,,,,0,4,0.10633221803199272,0,0.8388807647838958,0.16111923521610416,24,0,-0.23805743234999116,-0.354572471434309,0.3333333333333333,0.18055961760805206,865,Baixo
EMP_RJ_00643,Comércio atacadista de combustíveis,4681,Ativa,Médio,0,5833,,N,N,0,4,0.11388024993612028,0,0.8592210362308643,0.14077896376913568,7,0,-1.4389113224329018,-1.3636800857934084,0.3333333333333333,0.17038948188456782,903,Baixo
EMP_RJ_00644,Comércio varejista de combustíveis (postos),4731,Ativa,Baixo,0,5903,,,,0,2,0.1274261662571453,0,0.895724275547712,0.10427572445228805,2,0,-0.9198446334304206,-0.20424614209856853,0.16666666666666666,0.10213786222614402,1197,Baixo
EMP_RJ_00645,Comércio varejista de combustíveis (postos),4731,Ativa,Médio,0,6001,,,,0,3,0.12281643924678093,0,0.8833020839250241,0.11669791607497593,0,0,0.8017448230351093,0.9854201074704211,0.25,0.13334895803748797,1051,Baixo
EMP_RJ_00646,Comércio varejista de combustíveis (postos),4731,Ativa,Baixo,0,5869,,,,0,2,0.1549131696548512,0,0.9697956516990698,0.030204348300930217,2,0,-0.5980765417674493,0.11918561530862298,0.16666666666666666,0.0651021741504651,1413,Baixo
EMP_RJ_00647,Comércio atacadista de combustíveis,4681,Inapta,Alto,0,2907,,N,N,4,8,0.06008871093136137,0,0.714264772292887,0.285735227707113,17,0,-2.936418017906439,-0.07748069535945344,0.6666666666666666,0.34286761385355646,372,Médio
EMP_RJ_00648,Comércio varejista de combustíveis (postos),4731,Ativa,Alto,0,5853,,,,3,6,0.07583280372685436,0,0.7566916095418749,0.24330839045812513,11,0,1.326011504070142,-0.13959634490505993,0.5,0.27165419522906253,552,Baixo
EMP_RJ_00649,Comércio varejista de combustíveis (postos),4731,Ativa,Baixo,0,2915,,N,N,0,2,0.13746530815569274,0,0.922777535775643,0.07722246422435697,2,0,-1.1948438342710876,-0.5196768955639258,0.16666666666666666,0.08861123211217847,1263,Baixo
EMP_RJ_00650,Comércio varejista de combustíveis (postos),4731,Ativa,Médio,0,5851,,N,N,0,4,0.0939294341841565,0,0.8054580138777807,0.1945419861222193,7,0,-2.054791724776476,-1.6848630643497111,0.3333333333333333,0.19727099306110962,808,Baixo
EMP_RJ_00651,Comércio varejista de combustíveis (postos),4731,Ativa,Médio,0,5819,,,,2,4,0.026308995719926453,0,0.6232359338447944,0.37676406615520563,-1,1,3.4534498368651674,2.3975560803882234,0.3333333333333333,0.4883820330776028,158,Médio
EMP_RJ_00652,Comércio atacadista de combustíveis,4681,Ativa,Médio,0,5865,,,,0,4,0.06976339483904986,0,0.7403358990906409,0.2596641009093591,5,0,-1.50035498626527,-2.6737785161418657,0.3333333333333333,0.22983205045467953,751,Baixo
EMP_RJ_00653,Comércio varejista de combustíveis (postos),4731,Inapta,Alto,0,5869,,,,4,8,0.135703586903406,0,0.9180300878394717,0.08196991216052829,3,0,-1.8190699245178397,0.3651347961012732,0.6666666666666666,0.24098495608026413,701,Baixo
EMP_RJ_00654,Comércio atacadista de combustíveis,4681,Inapta,Alto,0,5925,,N,N,4,8,0.13561296306389903,0,0.9177858766969446,0.08221412330305544,3,0,-1.8722672422929598,0.26644765829861133,0.6666666666666666,0.2411070616515277,699,Baixo
EMP_RJ_00655,Comércio varejista de combustíveis (postos),4731,Ativa,Baixo,0,5925,,,,0,2,0.16325831840270028,0,0.992283976199097,0.007716023800902971,2,0,-0.8446538255506155,-0.27514318746247907,0.16666666666666666,0.05385801190045148,1500,Baixo
EMP_RJ_00656,Comércio varejista de combustíveis (postos),4731,Ativa,Médio,0,5801,,,,3,4,0.0727233925651633,0,0.7483124362855398,0.2516875637144602,19,0,1.8346623120897483,0.5386495070898975,0.3333333333333333,0.22584378185723009,757,Baixo
EMP_RJ_00657,Comércio varejista de combustíveis (postos),4731,Inapta,Crítico,0,6001,,,,4,10,0.07132763451383195,0,0.7445511779868239,0.2554488220131761,1,0,-1.1851440606014356,0.17500027705329715,0.8333333333333334,0.37772441100658805,295,Médio
EMP_RJ_00658,Comércio varejista de combustíveis (postos),4731,Ativa,Médio,0,782,,,,0,3,0.11090836409182292,0,0.8512124631948447,0.14878753680515533,2,0,-0.7998448831143539,-0.11014745954462284,0.25,0.14939376840257768,994,Baixo
EMP_RJ_00659,Extração de petróleo e gás natural,0600,Ativa,Baixo,0,6001,,,,0,2,0.12498104680382793,0,0.8891352210719959,0.11086477892800406,0,0,2.170588518543108,1.259692311756843,0.16666666666666666,0.10543238946400202,1160,Baixo
EMP_RJ_00660,Extração de petróleo e gás natural,0600,Ativa,Baixo,0,6001,,,,0,2,0.1263780326277591,0,0.8928997879454863,0.1071002120545137,0,0,2.238499711915053,1.269978670696535,0.16666666666666666,0.10355010602725684,1178,Baixo
EMP_RJ_00661,Extração de petróleo e gás natural,0600,Ativa,Baixo,0,6001,,,,0,2,0.12511208222140402,0,0.8894883324520906,0.11051166754790942,0,0,2.1722697062265084,1.2567199680857422,0.16666666666666666,0.1052558337739547,1163,Baixo
EMP_RJ_00662,Comércio atacadista de combustíveis,4681,Ativa,Médio,0,5833,,,,2,4,-0.01753982253413422,1,0.5050730965323745,0.49492690346762547,-1,1,-0.258933466294971,-4.974781734155718,0.3333333333333333,0.5474634517338127,104,Alto
EMP_RJ_00663,Extração de petróleo e gás natural,0600,Ativa,Baixo,0,6001,,,,0,2,0.12511208222140402,0,0.8894883324520906,0.11051166754790942,0,0,2.1725475599648107,1.256228715977328,0.16666666666666666,0.1052558337739547,1163,Baixo
EMP_RJ_00664,Extração de petróleo e gás natural,0600,Ativa,Médio,0,6001,,,,2,5,0.023530394880797945,0,0.6157482210173297,0.38425177898267027,21,0,4.269224604388427,2.349002888132552,0.4166666666666667,0.31712588949133513,405,Médio
EMP_RJ_00665,Extração de petróleo e gás natural,0600,Ativa,Baixo,0,6001,,,,0,2,0.12511208222140402,0,0.8894883324520906,0.11051166754790942,0,0,2.1727698429554527,1.2558357142905965,0.16666666666666666,0.1052558337739547,1163,Baixo
EMP_RJ_00666,Extração de petróleo e gás natural,0600,Ativa,Baixo,0,6001,,,,0,2,0.1263780326277591,0,0.8928997879454863,0.1071002120545137,0,0,2.2385274972888833,1.2699295454856936,0.16666666666666666,0.10355010602725684,1178,Baixo
EMP_RJ_00667,Comércio varejista de combustíveis (postos),4731,Ativa,Baixo,0,5865,,,,0,2,0.16166037344480794,0,0.9879778690424658,0.012022130957534238,2,0,-1.0085953296435635,-0.5033884613673841,0.16666666666666666,0.056011065478767115,1483,Baixo
EMP_RJ_00668,Comércio varejista de combustíveis (postos),4731,Ativa,Baixo,0,6001,,,,0,2,0.15281469627214922,0,0.9641407314800581,0.03585926851994192,0,0,0.32169056563908843,0.5677860026184925,0.16666666666666666,0.06792963425997095,1389,Baixo
EMP_RJ_00669,Extração de petróleo e gás natural,0600,Ativa,Baixo,0,6001,,,,0,2,0.12511208222140402,0,0.8894883324520906,0.11051166754790942,0,0,2.174534386760344,1.252715994986971,0.16666666666666666,0.1052558337739547,1163,Baixo
EMP_RJ_00670,Comércio varejista de combustíveis (postos),4731,Ativa,Alto,0,5885,,,,3,6,0.0338330699891537,0,0.6435116447807198,0.35648835521928024,8,0,1.8101641622886184,0.13064813750488605,0.5,0.3282441776096401,392,Médio
EMP_RJ_00671,Comércio varejista de combustíveis (postos),4731,Ativa,Baixo,0,5837,,,,0,2,0.16271174265229277,0,0.9908110758098525,0.009188924190147496,2,0,-0.8593373886530208,-0.28980122078235787,0.16666666666666666,0.054594462095073744,1495,Baixo
EMP_RJ_00672,Comércio varejista de combustíveis (postos),4731,Ativa,Médio,0,5867,,,,0,3,0.1301479982720306,0,0.9030590089880332,0.09694099101196685,2,0,-0.5507751559122812,-0.21931753588070024,0.25,0.12347049550598342,1089,Baixo
EMP_RJ_00673,Comércio varejista de combustíveis (postos),4731,Ativa,Baixo,0,5865,,,,0,2,0.15984838249782218,0,0.9830949554314375,0.016905044568562455,2,0,-0.9382249581209713,-0.4974499520023535,0.16666666666666666,0.05845252228428122,1468,Baixo
EMP_RJ_00674,Comércio varejista de combustíveis (postos),4731,Ativa,Médio,0,5903,,,,0,4,0.09128737974990131,0,0.7983382633185615,0.2016617366814385,7,0,-1.8377727179511243,-1.7684172516665784,0.3333333333333333,0.20083086834071923,796,Baixo
EMP_RJ_00675,Extração de petróleo e gás natural,0600,Ativa,Alto,0,6001,,,,2,7,-0.0787303847733013,1,0.3401781064546745,0.6598218935453255,-1,1,0.9513184854687065,-5.526851735966444,0.5833333333333334,0.7049109467726629,5,Crítico
EMP_RJ_00676,Extração de petróleo e gás natural,0600,Ativa,Médio,0,6001,,,,0,4,0.02726001588234961,0,0.6257987221982259,0.37420127780177415,15,0,-0.26887953552169913,-1.8192319741680194,0.3333333333333333,0.28710063890088705,472,Baixo
EMP_RJ_00677,Comércio varejista de combustíveis (postos),4731,Ativa,Médio,0,6001,,N,N,0,4,0.050655646244274044,0,0.6888447556913082,0.3111552443086918,15,0,-0.2492759016499107,-1.5929196708126672,0.3333333333333333,0.2555776221543459,623,Baixo
EMP_RJ_00678,Extração de petróleo e gás natural,0600,Ativa,Médio,0,6001,,,,2,4,0.049711689323699404,0,0.6863010012076748,0.3136989987923252,21,0,3.971240630451519,2.247006019552692,0.3333333333333333,0.2568494993961626,616,Baixo
EMP_RJ_00679,Comércio varejista de combustíveis (postos),4731,Ativa,Baixo,0,6001,,,,0,2,0.15562970624122113,0,0.9717265588353364,0.02827344116466357,0,0,0.4634707332469082,0.8243026625617653,0.16666666666666666,0.06413672058233177,1425,Baixo
EMP_RJ_00680,Comércio varejista de combustíveis (postos),4731,Ativa,Baixo,0,5819,,,,0,2,0.12755860047462836,0,0.8960811563832313,0.10391884361676873,2,0,-0.38012816636929486,0.4268959819689967,0.16666666666666666,0.10195942180838435,1198,Baixo
EMP_RJ_00681,Comércio varejista de combustíveis (postos),4731,Inapta,Crítico,0,5897,,,,4,10,0.07800883573651962,0,0.7625555330541324,0.23744446694586763,6,0,-2.487228009099207,-0.8936299774523095,0.8333333333333334,0.3687222334729338,323,Médio
EMP_RJ_00682,Comércio varejista de combustíveis (postos),4731,Inapta,Crítico,0,5897,,,,4,10,0.07800883573651962,0,0.7625555330541324,0.23744446694586763,6,0,-2.487228009099207,-0.8936299774523095,0.8333333333333334,0.3687222334729338,323,Médio
EMP_RJ_00683,Comércio varejista de combustíveis (postos),4731,Ativa,Baixo,0,5905,,N,N,0,2,0.14753740039187085,0,0.9499195898534399,0.05008041014656006,2,0,-1.2834560134939872,-0.5214930005784594,0.16666666666666666,0.07504020507328002,1348,Baixo
EMP_RJ_00684,Comércio varejista de combustíveis (postos),4731,Ativa,Baixo,0,5915,,,,0,2,0.16090044484354715,0,0.9859300300526085,0.014069969947391514,2,0,-0.8821568960569316,-0.35012119948483716,0.16666666666666666,0.05703498497369575,1477,Baixo
EMP_RJ_00685,Comércio varejista de combustíveis (postos),4731,Ativa,Médio,0,5847,,,,0,4,0.11768380055904315,0,0.8694707613400322,0.1305292386599678,7,0,-1.541009756535448,-1.5454459370449827,0.3333333333333333,0.16526461932998388,929,Baixo
EMP_RJ_00686,Extração de petróleo e gás natural,0600,Ativa,Alto,0,6001,,,,5,8,-0.037859932995896406,1,0.45031490686460046,0.5496850931353996,22,0,8.315958603944859,3.616166086677378,0.6666666666666666,0.47484254656769975,176,Médio
EMP_RJ_00687,Comércio varejista de combustíveis (postos),4731,Ativa,Médio,0,6001,,,,0,4,0.10548164044073705,0,0.836588646876526,0.163411353123474,24,0,-0.20806053280018139,-0.40760716276555004,0.3333333333333333,0.18170567656173697,851,Baixo
EMP_RJ_00688,Comércio varejista de combustíveis (postos),4731,Ativa,Baixo,0,5877,,N,N,0,2,0.1630663074486301,0,0.9917665492756041,0.008233450724395852,2,0,-1.0716063901429667,-0.5737019790864512,0.16666666666666666,0.05411672536219792,1499,Baixo
EMP_RJ_00689,Extração de petróleo e gás natural,0600,Ativa,Baixo,0,6001,,,,0,2,0.15504211730326667,0,0.9701431370044491,0.029856862995550904,0,0,0.53372996327418,0.8304376727701619,0.16666666666666666,0.06492843149777544,1414,Baixo
EMP_RJ_00690,Extração de petróleo e gás natural,0600,Ativa,Baixo,0,6001,,,,0,2,0.12640511400715437,0,0.892972766254939,0.10702723374506096,0,0,2.2507818825480457,1.2482637170134558,0.16666666666666666,0.10351361687253047,1180,Baixo
EMP_RJ_00691,Extração de petróleo e gás natural,0600,Ativa,Alto,0,6001,,,,3,6,0.07167445724837435,0,0.7454857883136184,0.25451421168638155,20,0,4.965960122780799,1.7481724311372524,0.5,0.27725710584319074,533,Baixo
EMP_RJ_00692,Comércio varejista de combustíveis (postos),4731,Inapta,Alto,0,6001,,,,4,8,0.12394355230131943,0,0.8863394035564102,0.11366059644358983,4,0,-0.4875617632217721,1.3608517278192434,0.6666666666666666,0.25683029822179493,617,Baixo
EMP_RJ_00693,Extração de petróleo e gás natural,0600,Ativa,Alto,0,6001,,,,5,8,-0.0015260645430764663,1,0.5482266216580508,0.4517733783419492,22,0,6.82920201127265,2.755180780994512,0.6666666666666666,0.4258866891709746,226,Médio
EMP_RJ_00694,Extração de petróleo e gás natural,0600,Ativa,Médio,0,6001,,,,0,4,0.10548164044073705,0,0.836588646876526,0.163411353123474,24,0,-0.20764375219272785,-0.4083440409281714,0.3333333333333333,0.18170567656173697,851,Baixo
EMP_RJ_00695,Comércio varejista de combustíveis (postos),4731,Ativa,Médio,0,5807,,,,0,4,0.060798981816129416,0,0.7161787947533856,0.28382120524661436,5,0,-1.6984927412982171,-2.716845380875067,0.3333333333333333,0.24191060262330716,697,Baixo
EMP_RJ_00696,Comércio varejista de combustíveis (postos),4731,Ativa,Baixo,0,5819,,,,0,2,0.14747535848266913,0,0.9497524006721698,0.050247599327830184,2,0,-0.7035896222026029,-0.1459456671981251,0.16666666666666666,0.07512379966391508,1347,Baixo
EMP_RJ_00697,Extração de petróleo e gás natural,0600,Ativa,Baixo,0,6001,,,,0,2,0.12562717441921273,0,0.8908763916517232,0.10912360834827683,0,0,2.192915964649087,1.2202172522786146,0.16666666666666666,0.1045618041741384,1171,Baixo
EMP_RJ_00698,Comércio varejista de combustíveis (postos),4731,Ativa,Alto,0,5839,,,,3,6,0.06797102920343745,0,0.7355058713398787,0.26449412866012134,14,0,2.9177967644481457,0.2928605412838448,0.5,0.28224706433006064,491,Baixo
EMP_RJ_00699,Comércio atacadista de combustíveis,4681,Inapta,Alto,0,2913,,N,N,4,8,0.10822264165282153,0,0.8439750370506031,0.15602496294939694,3,0,-2.2666073578291543,0.01641950331196672,0.6666666666666666,0.2780124814746985,526,Baixo
EMP_RJ_00700,Comércio varejista de combustíveis (postos),4731,Ativa,Baixo,0,5883,,,,0,2,0.13873556987307145,0,0.926200609295781,0.07379939070421904,2,0,0.062340258729236354,-0.24888598701000314,0.16666666666666666,0.08689969535210951,1278,Baixo
EMP_RJ_00701,Comércio varejista de combustíveis (postos),4731,Ativa,Baixo,0,5813,,,,0,2,0.13623662327526576,0,0.9194665026072479,0.08053349739275206,2,0,-1.1148815624739918,-0.5335159560886961,0.16666666666666666,0.09026674869637602,1254,Baixo
EMP_RJ_00702,Comércio varejista de combustíveis (postos),4731,Ativa,Médio,0,5833,,,,0,4,0.11271165490812424,0,0.8560719318838067,0.1439280681161933,7,0,-1.398702435167124,-1.4347696341848475,0.3333333333333333,0.17196403405809663,899,Baixo
EMP_RJ_00703,Comércio varejista de combustíveis (postos),4731,Ativa,Médio,0,6001,,,,0,4,0.10523722859811047,0,0.835930011183537,0.16406998881646295,24,0,-0.1976818328412318,-0.4259567710907967,0.3333333333333333,0.18203499440823145,848,Baixo
EMP_RJ_00704,Comércio varejista de combustíveis (postos),4731,Ativa,Médio,0,5907,,,,0,4,0.03378139598251756,0,0.6433723947967397,0.3566276052032603,5,0,-2.104438487753179,-2.9246822969921396,0.3333333333333333,0.27831380260163013,523,Baixo
EMP_RJ_00705,Comércio varejista de combustíveis (postos),4731,Inapta,Alto,0,5895,,,,4,8,0.1082625997515993,0,0.844082715262085,0.155917284737915,3,0,-2.2291948785479936,0.005696906768142841,0.6666666666666666,0.2779586423689575,527,Baixo
EMP_RJ_00706,Comércio varejista de combustíveis (postos),4731,Inapta,Crítico,0,5847,,,,4,10,0.08014153211321495,0,0.7683026766495679,0.23169732335043214,6,0,-2.488040814039232,-1.0159714389790593,0.8333333333333334,0.36584866167521607,331,Médio
EMP_RJ_00707,Comércio varejista de combustíveis (postos),4731,Ativa,Baixo,0,5833,,,,0,2,0.1553510310079943,0,0.9709755909060301,0.02902440909396986,2,0,-0.9228436010357459,-0.4944483755163594,0.16666666666666666,0.06451220454698492,1421,Baixo
EMP_RJ_00708,Comércio varejista de combustíveis (postos),4731,Ativa,Baixo,0,5833,,,,0,2,0.1553332788804716,0,0.9709277528606748,0.029072247139325214,2,0,-0.6563006608684975,-0.1978055532876468,0.16666666666666666,0.0645361235696626,1419,Baixo
EMP_RJ_00709,Comércio varejista de combustíveis (postos),4731,Ativa,Baixo,0,5819,,S,N,0,2,0.1459021771982526,0,0.9455130261217226,0.05448697387827739,2,0,-0.8978031494255561,-0.44011357584132227,0.16666666666666666,0.07724348693913868,1329,Baixo
EMP_RJ_00710,Comércio atacadista de combustíveis,4681,Inapta,Crítico,0,5867,,N,N,4,10,0.07244782449222209,0,0.7475698414638781,0.25243015853612194,6,0,-2.4591796486011193,-1.038144492159269,0.8333333333333334,0.37621507926806097,299,Médio
EMP_RJ_00711,Comércio varejista de combustíveis (postos),4731,Ativa,Baixo,0,6001,,,,0,2,0.13540896715315698,0,0.9172361529740897,0.08276384702591033,0,0,0.8823392532239074,1.3588177851434553,0.16666666666666666,0.09138192351295515,1250,Baixo
EMP_RJ_00712,Comércio varejista de combustíveis (postos),4731,Ativa,Médio,0,5833,,,,0,3,0.12794723920620094,0,0.8971284515451223,0.10287154845487767,2,0,-0.6189825028337284,-0.4028422942750458,0.25,0.12643577422743885,1075,Baixo
EMP_RJ_00713,Extração de petróleo e gás natural,0600,Ativa,Médio,0,6001,,,,2,5,0.024894712070809344,0,0.6194247531699592,0.38057524683004085,21,0,4.293455521168449,2.306162483296491,0.4166666666666667,0.3152876234150204,415,Médio
EMP_RJ_00714,Extração de petróleo e gás natural,0600,Inapta,Crítico,0,6001,,,,6,10,0.005489317309632313,0,0.5671315193851262,0.4328684806148738,-1,1,3.025052498377072,3.2515225731052815,0.8333333333333334,0.6664342403074369,25,Alto
EMP_RJ_00715,Comércio varejista de combustíveis (postos),4731,Inapta,Alto,0,5819,,,,4,8,0.12128471277726077,0,0.879174420903951,0.12082557909604896,3,0,-1.7982965187582056,0.5142668578410163,0.6666666666666666,0.2604127895480245,604,Baixo
EMP_RJ_00716,Extração de petróleo e gás natural,0600,Ativa,Médio,0,6001,,,,0,4,0.10559823868565388,0,0.8369028532791979,0.1630971467208021,24,0,-0.1834406207865366,-0.45113532055339095,0.3333333333333333,0.18154857336040103,853,Baixo
EMP_RJ_00717,Comércio varejista de combustíveis (postos),4731,Ativa,Médio,0,6001,,,,0,4,0.10559823868565388,0,0.8369028532791979,0.1630971467208021,24,0,-0.18010603079356552,-0.4570308826847515,0.3333333333333333,0.18154857336040103,853,Baixo
EMP_RJ_00718,Comércio varejista de combustíveis (postos),4731,Ativa,Baixo,0,5823,,N,N,0,2,0.1264663767295548,0,0.8931378557006425,0.10686214429935748,2,0,-1.690710098294763,-0.7931477041287829,0.16666666666666666,0.10343107214967873,1181,Baixo
EMP_RJ_00719,Comércio atacadista de combustíveis,4681,Ativa,Alto,0,5919,,S,N,0,6,0.05707798154440957,0,0.706151524526873,0.293848475473127,23,0,-2.0523873027144863,-2.1697989001248663,0.5,0.2969242377365635,451,Baixo
EMP_RJ_00720,Comércio varejista de combustíveis (postos),4731,Inapta,Alto,0,6001,,N,N,4,8,0.11134255390380698,0,0.8523825084129147,0.14761749158708526,4,0,-0.6653249686038546,1.0375995470363637,0.6666666666666666,0.27380874579354264,546,Baixo
EMP_RJ_00721,Comércio varejista de combustíveis (postos),4731,Ativa,Médio,0,5807,,,,3,4,0.06726522191336426,0,0.733603877276832,0.26639612272316804,19,0,1.8462381347916699,0.24518146195606008,0.3333333333333333,0.233198061361584,741,Baixo
EMP_RJ_00722,Comércio varejista de combustíveis (postos),4731,Ativa,Baixo,0,5815,,,,0,2,0.13545074439435784,0,0.9173487333708241,0.08265126662917588,2,0,-0.9645433749000225,-0.2809099679474049,0.16666666666666666,0.09132563331458793,1251,Baixo
EMP_RJ_00723,Comércio atacadista de combustíveis,4681,Ativa,Médio,0,6001,,S,N,0,4,0.09106775469346273,0,0.7977464225153882,0.2022535774846118,-1,1,0.7119551959393048,0.9734251474457704,0.3333333333333333,0.4011267887423059,262,Médio
EMP_RJ_00724,Comércio varejista de combustíveis (postos),4731,Ativa,Baixo,0,5869,,,,0,2,0.16179726085023272,0,0.9883467502315462,0.011653249768453833,2,0,-0.997672224357162,-0.5797577570811091,0.16666666666666666,0.05582662488422691,1485,Baixo
EMP_RJ_00725,Comércio varejista de combustíveis (postos),4731,Ativa,Baixo,0,5909,,,,0,2,0.11959006253372267,0,0.8746077144566206,0.12539228554337944,2,0,-0.2429418965647265,-0.47287843969960014,0.16666666666666666,0.11269614277168971,1126,Baixo
EMP_RJ_00726,Comércio atacadista de combustíveis,4681,Ativa,Médio,0,2909,,S,N,0,4,0.1096176634913778,0,0.8477343114192193,0.1522656885807807,12,0,-1.1615044148398934,-1.0435792025598851,0.3333333333333333,0.17613284429039033,878,Baixo
EMP_RJ_00727,Comércio varejista de combustíveis (postos),4731,Ativa,Baixo,0,5901,,,,0,2,0.16359168366846577,0,0.993182321633084,0.006817678366916047,2,0,-1.0855028499754553,-0.6735125039334509,0.16666666666666666,0.05340883918345802,1503,Baixo
EMP_RJ_00728,Comércio varejista de combustíveis (postos),4731,Ativa,Alto,0,6001,,,,3,6,0.07518942470730461,0,0.7549578458181457,0.24504215418185427,20,0,4.2726594745556845,1.3738314997572556,0.5,0.2725210770909271,549,Baixo
EMP_RJ_00729,Comércio atacadista de combustíveis,4681,Ativa,Alto,0,6009,,S,N,0,6,0.04815606547384044,0,0.6821089400482344,0.3178910599517656,23,0,-1.992465653531172,-2.2099942076105132,0.5,0.30894552997588276,427,Médio
EMP_RJ_00730,Comércio varejista de combustíveis (postos),4731,Inapta,Alto,0,5839,,,,4,8,0.12631203859261703,0,0.8927219486615882,0.10727805133841184,3,0,-2.054239460437784,-0.11352140284532802,0.6666666666666666,0.25363902566920593,636,Baixo
EMP_RJ_00731,Extração de petróleo e gás natural,0600,Ativa,Baixo,0,6001,,,,0,2,0.1250625419340533,0,0.8893548323682179,0.11064516763178212,0,0,2.221231676515496,1.1701549046184745,0.16666666666666666,0.10532258381589105,1162,Baixo
EMP_RJ_00732,Comércio varejista de combustíveis (postos),4731,Inapta,Alto,0,6001,,,,4,8,0.12094540167305312,0,0.8782600527544497,0.12173994724555026,4,0,-0.45541132463344797,1.3040095642325968,0.6666666666666666,0.2608699736227751,603,Baixo
EMP_RJ_00733,Comércio atacadista de combustíveis,4681,Ativa,Baixo,0,5833,,,,0,2,0.07311830051774926,0,0.749376625607232,0.25062337439276805,-1,1,0.12448996079087474,-0.8315379318987136,0.16666666666666666,0.375311687196384,301,Médio
EMP_RJ_00734,Comércio varejista de combustíveis (postos),4731,Ativa,Alto,0,6001,,,,3,6,0.07378049622077848,0,0.7511610961184476,0.2488389038815524,20,0,4.34339105593807,1.3791313813813477,0.5,0.2744194519407762,542,Baixo
EMP_RJ_00735,Comércio varejista de combustíveis (postos),4731,Ativa,Baixo,0,2909,,,,0,2,0.14922434162928677,0,0.9544655222395181,0.04553447776048192,2,0,-0.569987157044456,-0.1276754153792809,0.16666666666666666,0.07276723888024095,1360,Baixo
EMP_RJ_00736,Comércio varejista de combustíveis (postos),4731,Inapta,Crítico,0,6001,,,,4,10,0.06853916688308309,0,0.7370368763448951,0.2629631236551049,1,0,-1.1266647369422356,0.07160848679686742,0.8333333333333334,0.38148156182755244,287,Médio
EMP_RJ_00737,Comércio varejista de combustíveis (postos),4731,Ativa,Alto,0,6001,,,,3,6,0.07156381319082261,0,0.7451876271249561,0.2548123728750439,20,0,3.9140304588727655,1.5481988611237585,0.5,0.2774061864375219,532,Baixo
EMP_RJ_00738,Comércio varejista de combustíveis (postos),4731,Ativa,Médio,0,5897,,,,0,4,0.11149768513241554,0,0.8528005526580741,0.14719944734192592,7,0,-1.4853300716674969,-1.5201094515348879,0.3333333333333333,0.17359972367096294,886,Baixo
EMP_RJ_00739,Comércio varejista de combustíveis (postos),4731,Ativa,Médio,0,5865,,,,0,3,0.11436922623825296,0,0.8605387188854745,0.1394612811145255,2,0,0.6003846846795828,-0.09786462392432549,0.25,0.14473064055726276,1005,Baixo
EMP_RJ_00740,Comércio varejista de combustíveis (postos),4731,Ativa,Médio,0,6001,,,,0,4,0.1060601532560091,0,0.8381476105703266,0.1618523894296734,24,0,-0.1671570111886477,-0.4799248414280249,0.3333333333333333,0.18092619471483667,862,Baixo
EMP_RJ_00741,Comércio varejista de combustíveis (postos),4731,Ativa,Baixo,0,5837,,,,0,2,0.1414782341794249,0,0.9335914811399546,0.0664085188600454,2,0,0.11673216683890954,-0.2923683045032586,0.16666666666666666,0.08320425943002269,1300,Baixo
EMP_RJ_00742,Comércio varejista de combustíveis (postos),4731,Ativa,Médio,0,5837,,,,0,3,0.13333298762411083,0,0.9116418487004077,0.08835815129959235,2,0,-0.7126210227843377,-0.5579009109202099,0.25,0.11917907564979617,1107,Baixo
EMP_RJ_00743,Comércio varejista de combustíveis (postos),4731,Ativa,Médio,0,6001,,,,0,3,0.12386748752963478,0,0.8861344258717276,0.11386557412827236,0,0,0.8045673385815257,0.8500761298020618,0.25,0.1319327870641362,1054,Baixo
EMP_RJ_00744,Comércio varejista de combustíveis (postos),4731,Ativa,Médio,0,5839,,,,0,4,0.1177568816372333,0,0.8696676986326809,0.1303323013673191,7,0,-1.5623931932689696,-1.619869000597708,0.3333333333333333,0.16516615068365953,931,Baixo
EMP_RJ_00745,Comércio varejista de combustíveis (postos),4731,Ativa,Médio,0,5839,,,,0,4,0.1177568816372333,0,0.8696676986326809,0.1303323013673191,7,0,-1.5623931932689696,-1.619869000597708,0.3333333333333333,0.16516615068365953,931,Baixo
EMP_RJ_00746,Comércio varejista de combustíveis (postos),4731,Ativa,Baixo,0,5839,,,,0,2,0.14149375319946228,0,0.9336333014560529,0.06636669854394706,2,0,0.10490705644642456,-0.29500121727705253,0.16666666666666666,0.08318334927197352,1302,Baixo
EMP_RJ_00747,Comércio varejista de combustíveis (postos),4731,Ativa,Alto,0,6001,,,,3,6,0.07141465236464445,0,0.7447856717898098,0.2552143282101902,20,0,5.071134608659174,1.6925770508650857,0.5,0.2776071641050951,530,Baixo
EMP_RJ_00748,Comércio varejista de combustíveis (postos),4731,Ativa,Médio,0,5925,,,,0,4,0.11978406463101654,0,0.8751305070693651,0.12486949293063487,7,0,-1.5239079882532196,-1.6237526308678587,0.3333333333333333,0.16243474646531741,943,Baixo
EMP_RJ_00749,Comércio varejista de combustíveis (postos),4731,Suspensa,Alto,0,6001,,,,2,6,0.05690366928978008,0,0.7056817916719075,0.2943182083280925,-1,1,-0.09122562335804912,-0.6834541999014633,0.5,0.49715910416404624,154,Médio
EMP_RJ_00750,Extração de petróleo e gás natural,0600,Ativa,Médio,0,6001,,,,3,4,0.08410593122388837,0,0.778985852748906,0.22101414725109403,10,0,2.1199359585940556,0.9564097542325979,0.3333333333333333,0.210507073625547,778,Baixo
EMP_RJ_00751,Extração de petróleo e gás natural,0600,Ativa,Médio,0,6001,,,,3,4,0.08410593122388837,0,0.778985852748906,0.22101414725109403,10,0,2.1199359585940556,0.9564097542325979,0.3333333333333333,0.210507073625547,778,Baixo
EMP_RJ_00752,Comércio varejista de combustíveis (postos),4731,Ativa,Médio,0,5853,,N,N,0,4,0.04959767104376139,0,0.6859937472382542,0.31400625276174576,5,0,-1.651532403640023,-2.955021713581824,0.3333333333333333,0.25700312638087286,615,Baixo
EMP_RJ_00753,Comércio varejista de combustíveis (postos),4731,Ativa,Baixo,0,5847,,,,0,2,0.1610886496712175,0,0.9864372003098448,0.01356279969015517,2,0,-0.7556342777082641,-0.3844596314331381,0.16666666666666666,0.05678139984507758,1478,Baixo
EMP_RJ_00754,Comércio varejista de combustíveis (postos),4731,Ativa,Médio,0,5809,,N,N,0,4,0.08767697236853228,0,0.7886090163964563,0.2113909836035437,7,0,-1.793299677614985,-1.8695382902831847,0.3333333333333333,0.20569549180177182,791,Baixo
EMP_RJ_00755,Comércio varejista de combustíveis (postos),4731,Ativa,Baixo,0,5839,,S,N,0,2,0.16151156199351968,0,0.9875768551951388,0.012423144804861175,2,0,-0.8167401850988627,-0.38865310619934385,0.16666666666666666,0.05621157240243058,1481,Baixo
EMP_RJ_00756,Comércio varejista de combustíveis (postos),4731,Ativa,Baixo,0,5843,,,,0,2,0.11716916187727938,0,0.8680839242655279,0.13191607573447206,2,0,-0.21003856092445977,-0.23140870926342152,0.16666666666666666,0.11595803786723602,1116,Baixo
EMP_RJ_00757,Comércio varejista de combustíveis (postos),4731,Ativa,Médio,0,6001,,,,0,4,0.10614870303739055,0,0.8383862325863364,0.16161376741366362,24,0,-0.15918191863268474,-0.4940248506002934,0.3333333333333333,0.1808068837068318,863,Baixo
EMP_RJ_00758,Comércio varejista de combustíveis (postos),4731,Ativa,Médio,0,6001,,,,3,4,0.08477136924634543,0,0.7807790605916695,0.21922093940833054,25,0,3.318143630405749,1.3289934847992935,0.3333333333333333,0.20961046970416525,780,Baixo
EMP_RJ_00759,Extração de petróleo e gás natural,0600,Ativa,Baixo,0,6001,,,,0,2,0.13233433983490273,0,0.9089507144590037,0.09104928554099634,0,0,1.474428795091443,1.0824840970094725,0.16666666666666666,0.09552464277049816,1223,Baixo
EMP_RJ_00760,Comércio varejista de combustíveis (postos),4731,Ativa,Baixo,0,5833,,,,0,2,0.1541572156335856,0,0.9677585233205369,0.03224147667946309,2,0,-0.8847048966869921,-0.5618778272849173,0.16666666666666666,0.06612073833973153,1404,Baixo
EMP_RJ_00761,Comércio varejista de combustíveis (postos),4731,Inapta,Crítico,0,5879,,,,4,10,0.03543438010472577,0,0.647826820290736,0.352173179709264,6,0,-3.0104151265077563,-1.220634046150455,0.8333333333333334,0.426086589854632,224,Médio
EMP_RJ_00762,Comércio varejista de combustíveis (postos),4731,Ativa,Médio,0,5869,,,,0,4,0.11597741275196749,0,0.8648724247629523,0.13512757523704766,7,0,-1.4503700511676534,-1.561027831553069,0.3333333333333333,0.1675637876185238,912,Baixo
EMP_RJ_00763,Comércio varejista de combustíveis (postos),4731,Ativa,Médio,0,2911,,,,0,3,0.07682488809974669,0,0.7593650568324051,0.24063494316759493,2,0,0.13004018218936375,-0.13744321527208817,0.25,0.19531747158379748,813,Baixo
EMP_RJ_00764,Comércio varejista de combustíveis (postos),4731,Ativa,Baixo,0,5925,,,,0,2,0.1622690165490605,0,0.9896180271806492,0.010381972819350826,2,0,-0.7713497969862855,-0.40474515660917326,0.16666666666666666,0.05519098640967541,1489,Baixo
EMP_RJ_00765,Comércio varejista de combustíveis (postos),4731,Ativa,Médio,0,5897,,,,0,4,0.11149768513241554,0,0.8528005526580741,0.14719944734192592,7,0,-1.471394498724934,-1.5447476236782265,0.3333333333333333,0.17359972367096294,886,Baixo
EMP_RJ_00766,Comércio varejista de combustíveis (postos),4731,Ativa,Médio,0,5897,,,,0,4,0.11149768513241554,0,0.8528005526580741,0.14719944734192592,7,0,-1.4710610742389714,-1.5453371262083235,0.3333333333333333,0.17359972367096294,886,Baixo
EMP_RJ_00767,Comércio varejista de combustíveis (postos),4731,Ativa,Baixo,0,6001,,,,0,2,0.14112363796234012,0,0.9326359230022593,0.06736407699774072,0,0,1.5144122359552719,0.8197152672191947,0.16666666666666666,0.08368203849887035,1291,Baixo
EMP_RJ_00768,Comércio varejista de combustíveis (postos),4731,Ativa,Médio,0,5897,,,,0,3,0.13006845817375245,0,0.9028446660691841,0.09715533393081588,2,0,-0.4315088872183435,-0.20490242040602058,0.25,0.12357766696540794,1087,Baixo
EMP_RJ_00769,Comércio varejista de combustíveis (postos),4731,Ativa,Médio,0,5897,,,,0,3,0.11117281951426328,0,0.8519251118887536,0.14807488811124636,2,0,0.5637321743471863,-0.11101108340669347,0.25,0.1490374440556232,995,Baixo
EMP_RJ_00770,Comércio varejista de combustíveis (postos),4731,Ativa,Médio,0,786,,,,0,4,0.09200274033228051,0,0.8002660013849702,0.19973399861502983,7,0,-1.7704740092693871,-1.8817786709919306,0.3333333333333333,0.1998669993075149,800,Baixo
EMP_RJ_00771,Comércio varejista de combustíveis (postos),4731,Ativa,Baixo,0,5921,,,,0,2,0.14991919778789953,0,0.9563380054327929,0.043661994567207096,2,0,-1.2240234461138568,-0.6145924592517834,0.16666666666666666,0.07183099728360354,1368,Baixo
EMP_RJ_00772,Comércio varejista de combustíveis (postos),4731,Ativa,Alto,0,5839,,,,3,6,0.04450719421086319,0,0.6722760414984265,0.32772395850157354,14,0,3.693891009233973,0.5208219019388268,0.5,0.31386197925078674,418,Médio
EMP_RJ_00773,Comércio varejista de combustíveis (postos),4731,Ativa,Baixo,0,6001,,,,0,2,0.1464617360368824,0,0.9470209130534215,0.05297908694657849,0,0,-0.2094371715609638,2.014007882142407,0.16666666666666666,0.07648954347328923,1337,Baixo
EMP_RJ_00774,Comércio varejista de combustíveis (postos),4731,Ativa,Médio,0,6001,,,,0,4,0.04082808838649249,0,0.6623616675132158,0.3376383324867842,15,0,-0.6406245193556036,-0.901012959794851,0.3333333333333333,0.2688191662433921,568,Baixo
EMP_RJ_00775,Comércio varejista de combustíveis (postos),4731,Inapta,Alto,0,5897,,,,4,8,0.11453645657060396,0,0.8609893675310275,0.1390106324689725,3,0,-2.6854162801027415,1.2384106344413186,0.6666666666666666,0.26950531623448626,564,Baixo
EMP_RJ_00776,Comércio varejista de combustíveis (postos),4731,Inapta,Crítico,0,5807,,,,4,10,0.06596492784514096,0,0.7300998732338599,0.26990012676614006,6,0,-3.291985468917613,0.21375877328719609,0.8333333333333334,0.38495006338307003,279,Médio
EMP_RJ_00777,Comércio varejista de combustíveis (postos),4731,Ativa,Alto,0,5865,,,,3,6,0.07644744510265195,0,0.7583479316911524,0.24165206830884756,11,0,1.5106876236961415,-0.17855070753348382,0.5,0.27082603415442374,554,Baixo
EMP_RJ_00778,Comércio varejista de combustíveis (postos),4731,Inapta,Alto,0,5923,,,,4,8,0.07254711843597467,0,0.7478374166138801,0.25216258338611985,3,0,-2.7386594034875817,1.5422343997265264,0.6666666666666666,0.3260812916930599,395,Médio
EMP_RJ_00779,Comércio varejista de combustíveis (postos),4731,Ativa,Médio,0,6001,,,,0,3,0.11297563949360145,0,0.8567833117765554,0.14321668822344458,0,0,1.8844755544720038,0.9246291762821425,0.25,0.1466083441117223,999,Baixo
EMP_RJ_00780,Comércio varejista de combustíveis (postos),4731,Inapta,Alto,0,6001,,,,4,8,0.09894135467958348,0,0.8189640277158864,0.1810359722841136,4,0,-0.9193802010909474,2.8922016837416806,0.6666666666666666,0.2905179861420568,463,Baixo
EMP_RJ_00781,Comércio varejista de combustíveis (postos),4731,Inapta,Crítico,0,5839,,,,7,12,0.003067131542786261,0,0.5606042661066005,0.4393957338933995,-1,1,0.9134686382375552,1.9095201282909218,1.0,0.7196978669466998,3,Crítico
EMP_RJ_00782,Comércio varejista de combustíveis (postos),4731,Inapta,Alto,0,5839,,,,4,8,0.12845252385515477,0,0.8984900815764006,0.10150991842359935,3,0,-2.5278902749725014,1.3614346943652076,0.6666666666666666,0.2507549592117997,648,Baixo
EMP_RJ_00783,Comércio varejista de combustíveis (postos),4731,Ativa,Médio,0,6001,,,,0,3,0.09399556821186245,0,0.8056362304105812,0.1943637695894188,0,0,1.1844885594998398,2.162210403225286,0.25,0.17218188479470942,897,Baixo
EMP_RJ_00784,Comércio atacadista de combustíveis,4681,Inapta,Alto,0,6001,,,,4,8,0.11427230152100132,0,0.8602775282752784,0.13972247172472163,4,0,-0.36436690931444676,1.2733962325796588,0.6666666666666666,0.26986123586236077,561,Baixo
EMP_RJ_00785,Comércio varejista de combustíveis (postos),4731,Ativa,Baixo,0,5883,,,,0,2,0.16286548457648914,0,0.9912253761878389,0.008774623812161098,2,0,-0.8778672106653858,-0.44007705129103386,0.16666666666666666,0.054387311906080545,1498,Baixo
EMP_RJ_00786,Comércio varejista de combustíveis (postos),4731,Ativa,Médio,0,770,,,,0,4,0.08767697236853228,0,0.7886090163964563,0.2113909836035437,7,0,-1.7770438533909265,-1.8982786859469774,0.3333333333333333,0.20569549180177182,791,Baixo
EMP_RJ_00787,Comércio varejista de combustíveis (postos),4731,Ativa,Baixo,0,5863,,,,0,2,0.1311674651229528,0,0.9058062459820374,0.0941937540179626,2,0,-2.0211171753730137,0.6713420509111447,0.16666666666666666,0.09709687700898129,1216,Baixo
EMP_RJ_00788,Comércio varejista de combustíveis (postos),4731,Ativa,Médio,0,5869,,,,0,4,0.11586318630185155,0,0.864564609821085,0.13543539017891504,7,0,-1.4388380856280774,-1.5814164045434291,0.3333333333333333,0.1677176950894575,908,Baixo
EMP_RJ_00789,Extração de petróleo e gás natural,0600,Ativa,Médio,0,6001,,,,3,4,0.06900038142525,0,0.7382797472153579,0.26172025278464206,25,0,4.05915590709749,1.6189799871998876,0.3333333333333333,0.230860126392321,748,Baixo
EMP_RJ_00790,Comércio varejista de combustíveis (postos),4731,Ativa,Médio,0,5827,,,,0,4,-0.0008576336785007799,1,0.5500278945463605,0.4499721054536395,-1,1,-2.9808297497824476,-1.4929213290986167,0.3333333333333333,0.5249860527268198,128,Alto
EMP_RJ_00791,Comércio varejista de combustíveis (postos),4731,Ativa,Médio,0,5819,,,,0,3,0.10925292697500733,0,0.8467514274245795,0.15324857257542046,2,0,-1.1412978272738192,1.1264056553768569,0.25,0.15162428628771024,987,Baixo
EMP_RJ_00792,Comércio atacadista de combustíveis,4681,Inapta,Alto,0,6001,,,,4,8,0.11427230152100132,0,0.8602775282752784,0.13972247172472163,4,0,-0.3623245117712531,1.269785261167619,0.6666666666666666,0.26986123586236077,561,Baixo
EMP_RJ_00793,Comércio varejista de combustíveis (postos),4731,Ativa,Médio,0,5911,,,,0,3,0.09701312990642669,0,0.8137678897298597,0.1862321102701403,2,0,0.05429093548712661,-0.42372110037380606,0.25,0.16811605513507016,906,Baixo
EMP_RJ_00794,Comércio varejista de combustíveis (postos),4731,Ativa,Baixo,0,5849,,,,0,2,0.13184764234609414,0,0.907639172700746,0.09236082729925399,2,0,-2.0118468958112627,0.6583913641318865,0.16666666666666666,0.09618041364962698,1219,Baixo
EMP_RJ_00795,Comércio varejista de combustíveis (postos),4731,Inapta,Crítico,0,6001,,,,4,10,0.05771128814088233,0,0.7078581453049818,0.2921418546950182,1,0,-1.8200799733035347,1.2975707961304295,0.8333333333333334,0.3960709273475091,265,Médio
EMP_RJ_00796,Comércio varejista de combustíveis (postos),4731,Inapta,Alto,0,5907,,,,4,8,0.09026087383763687,0,0.7955720576158591,0.20442794238414086,3,0,-3.0140899933186636,1.2160676036035185,0.6666666666666666,0.3022139711920704,441,Médio
EMP_RJ_00797,Comércio varejista de combustíveis (postos),4731,Ativa,Baixo,0,6001,,,,0,2,0.14589080498054025,0,0.94548238051792,0.054517619482080004,0,0,0.797579504582529,1.0014886769281226,0.16666666666666666,0.07725880974103999,1328,Baixo
EMP_RJ_00798,Comércio varejista de combustíveis (postos),4731,Ativa,Médio,0,5867,,,,0,3,0.0790497358422183,0,0.7653605279147809,0.23463947208521907,2,0,-0.1940546654062938,1.0034820092246926,0.25,0.19231973604260955,825,Baixo
EMP_RJ_00799,Comércio varejista de combustíveis (postos),4731,Inapta,Crítico,0,5819,,,,4,10,0.06101208485250048,0,0.7167530601593903,0.28324693984060967,6,0,-3.043936337192869,0.2973844126031084,0.8333333333333334,0.39162346992030483,274,Médio
EMP_RJ_00800,Comércio varejista de combustíveis (postos),4731,Inapta,Alto,0,5893,,,,4,8,0.09096796919969913,0,0.797477522747157,0.202522477252843,3,0,-3.0032945127522606,1.1969811171156504,0.6666666666666666,0.3012612386264215,443,Médio
EMP_RJ_00801,Comércio varejista de combustíveis (postos),4731,Ativa,Médio,0,6001,,,,3,4,0.06313541763525604,0,0.7224749709464762,0.27752502905352383,10,0,1.7757162045555894,2.463238441476824,0.3333333333333333,0.2387625145267619,709,Baixo
EMP_RJ_00802,Comércio varejista de combustíveis (postos),4731,Ativa,Baixo,0,5855,,,,0,2,0.11369651800814096,0,0.8587259194459802,0.1412740805540198,2,0,-1.6017453247301765,0.8316428884700668,0.16666666666666666,0.12063704027700989,1102,Baixo
EMP_RJ_00803,Comércio varejista de combustíveis (postos),4731,Ativa,Baixo,0,5803,,,,0,2,0.12030331023249685,0,0.876529758770458,0.12347024122954198,2,0,-2.0533784091107856,0.6778154482465327,0.16666666666666666,0.11173512061477098,1132,Baixo
EMP_RJ_00804,Comércio varejista de combustíveis (postos),4731,Ativa,Médio,0,5869,,,,0,3,0.1368564282051965,0,0.9211367393893773,0.07886326061062265,2,0,-0.46468234308108763,-0.2557141576771617,0.25,0.11443163030531132,1121,Baixo
EMP_RJ_00805,Comércio varejista de combustíveis (postos),4731,Inapta,Crítico,0,5819,,,,4,10,0.06040997544455018,0,0.7151305088832378,0.2848694911167622,6,0,-3.0559962248352193,0.31870636459945595,0.8333333333333334,0.3924347455583811,272,Médio
EMP_RJ_00806,Extração de petróleo e gás natural,0600,Ativa,Baixo,0,6001,,,,0,2,0.15516079320624093,0,0.9704629422346563,0.029537057765343655,0,0,0.5331067473323045,0.7011857580765287,0.16666666666666666,0.06476852888267182,1415,Baixo
EMP_RJ_00807,Comércio varejista de combustíveis (postos),4731,Ativa,Baixo,0,5819,,,,0,2,0.14733864676408498,0,0.9493839929201487,0.050616007079851255,2,0,-0.7094646189317355,-0.2659123802123389,0.16666666666666666,0.07530800353992562,1344,Baixo
EMP_RJ_00808,Comércio varejista de combustíveis (postos),4731,Ativa,Médio,0,5833,,,,0,3,0.10438978698069024,0,0.8336463440299364,0.16635365597006357,2,0,0.7574377673999773,-0.08463199168665217,0.25,0.1581768279850318,964,Baixo
EMP_RJ_00809,Comércio varejista de combustíveis (postos),4731,Ativa,Médio,0,5907,,,,0,3,0.09120799441582939,0,0.7981243374549137,0.20187566254508627,2,0,-1.6827266198696222,0.7662793399271078,0.25,0.17593783127254314,879,Baixo
EMP_RJ_00810,Comércio atacadista de combustíveis,4681,Ativa,Médio,0,5897,,,,0,4,0.11163328110753945,0,0.8531659537289981,0.14683404627100194,7,0,-1.4571255012964088,-1.5699752983516622,0.3333333333333333,0.17341702313550095,889,Baixo
EMP_RJ_00811,Comércio varejista de combustíveis (postos),4731,Inapta,Alto,0,5877,,N,N,4,8,0.12071385191719164,0,0.8776360775318323,0.12236392246816774,3,0,-2.3978536861218354,1.3941214719840258,0.6666666666666666,0.2611819612340839,602,Baixo
EMP_RJ_00812,Comércio varejista de combustíveis (postos),4731,Inapta,Alto,0,5819,,,,4,8,0.07925133560430003,0,0.7659037945485832,0.23409620545141685,3,0,-1.9437969148079257,2.046589632036219,0.6666666666666666,0.3170481027257084,406,Médio
EMP_RJ_00813,Comércio varejista de combustíveis (postos),4731,Ativa,Baixo,0,5867,,,,0,2,0.1342469090516884,0,0.9141046641938032,0.0858953358061968,2,0,-1.254844113215535,1.0341848848876205,0.16666666666666666,0.09294766790309839,1242,Baixo
EMP_RJ_00814,Comércio atacadista de combustíveis,4681,Ativa,Baixo,0,5819,,,,0,2,0.13911142291676726,0,0.9272134498653553,0.07278655013464475,2,0,-1.3946269089987695,0.9454586678405406,0.16666666666666666,0.08639327506732236,1284,Baixo
EMP_RJ_00815,Comércio varejista de combustíveis (postos),4731,Ativa,Baixo,0,6001,,S,N,0,2,0.15234208328164472,0,0.9628671443200769,0.03713285567992308,0,0,0.40327532587151405,0.4235436469802742,0.16666666666666666,0.06856642783996153,1385,Baixo
EMP_RJ_00816,Comércio varejista de combustíveis (postos),4731,Ativa,Baixo,0,5867,,,,0,2,0.15521224070083006,0,0.9706015818189215,0.029398418181078467,2,0,-0.7691889817861279,-0.4619949138975799,0.16666666666666666,0.06469920909053922,1417,Baixo
EMP_RJ_00817,Comércio varejista de combustíveis (postos),4731,Ativa,Médio,0,5801,,,,0,3,0.062142457199588386,0,0.7197991628611213,0.28020083713887867,2,0,-0.5867914159185731,1.5582645657198682,0.25,0.21510041856943934,773,Baixo
EMP_RJ_00818,Comércio varejista de combustíveis (postos),4731,Ativa,Baixo,0,5865,,,,0,2,0.13723143213918026,0,0.9221472917966532,0.07785270820334678,2,0,-1.8440336913181914,0.9736715896403412,0.16666666666666666,0.08892635410167338,1260,Baixo
EMP_RJ_00819,Comércio varejista de combustíveis (postos),4731,Ativa,Baixo,0,5865,,,,0,2,0.13744113871374325,0,0.922712404491592,0.07728759550840802,2,0,-1.5718636952503062,1.2603657514280806,0.16666666666666666,0.088643797754204,1262,Baixo
EMP_RJ_00820,Comércio varejista de combustíveis (postos),4731,Ativa,Alto,0,5865,,,,3,6,0.015544262949119259,0,0.5942273671888214,0.4057726328111786,-1,1,1.9531024819751714,2.3857642205645404,0.5,0.5528863164055893,99,Alto
EMP_RJ_00821,Comércio varejista de combustíveis (postos),4731,Inapta,Alto,0,5865,,,,4,8,0.10210536835676276,0,0.8274903426378668,0.1725096573621332,3,0,-2.3788235582035013,2.049378378319218,0.6666666666666666,0.28625482868106655,475,Baixo
EMP_RJ_00822,Comércio varejista de combustíveis (postos),4731,Ativa,Baixo,0,5815,,,,0,2,0.11112725937199619,0,0.8518023374128842,0.14819766258711575,2,0,-1.9219121834060282,1.2813701127914248,0.16666666666666666,0.12409883129355787,1086,Baixo
EMP_RJ_00823,Comércio varejista de combustíveis (postos),4731,Ativa,Médio,0,5865,,,,0,4,0.1168967665587437,0,0.867349879313112,0.13265012068688797,7,0,-1.399284745185073,-1.5942897647030243,0.3333333333333333,0.16632506034344396,919,Baixo
EMP_RJ_00824,Comércio varejista de combustíveis (postos),4731,Ativa,Baixo,0,5875,,N,N,0,2,0.10698241217589932,0,0.840632893755828,0.15936710624417205,2,0,-0.09156916914459384,-0.5830509727227488,0.16666666666666666,0.12968355312208601,1067,Baixo
EMP_RJ_00825,Comércio varejista de combustíveis (postos),4731,Inapta,Crítico,0,5905,,,,4,10,0.029297667584655185,0,0.6312897414818894,0.36871025851811057,6,0,-3.736136720895881,0.25079800723771173,0.8333333333333334,0.4343551292590553,215,Médio
EMP_RJ_00826,Comércio varejista de combustíveis (postos),4731,Ativa,Baixo,0,5911,,,,0,2,0.1202259911147815,0,0.8763214009015001,0.12367859909849988,2,0,-2.335457185735509,0.6815115140028553,0.16666666666666666,0.11183929954924993,1131,Baixo
EMP_RJ_00827,Comércio atacadista de combustíveis,4681,Inapta,Crítico,0,5823,,N,N,4,10,0.028715175054491948,0,0.6297200533393589,0.3702799466606411,6,0,-3.078962587817123,-1.2652336031034963,0.8333333333333334,0.43513997333032056,213,Médio
EMP_RJ_00828,Comércio varejista de combustíveis (postos),4731,Inapta,Crítico,0,5897,,S,N,4,10,0.059798341394032006,0,0.7134822908084115,0.2865177091915885,6,0,-3.3093142906817072,0.5598235308397476,0.8333333333333334,0.39325885459579424,270,Médio
EMP_RJ_00829,Comércio varejista de combustíveis (postos),4731,Ativa,Médio,0,6001,,,,0,4,0.10566496049573182,0,0.837082653755091,0.16291734624490894,24,0,-0.13503435797415372,-0.53671787980383,0.3333333333333333,0.18145867312245445,855,Baixo
EMP_RJ_00830,Comércio varejista de combustíveis (postos),4731,Ativa,Baixo,0,5807,,,,0,2,0.12873014608808608,0,0.8992382119035193,0.10076178809648073,2,0,-1.947285193651259,1.4003838520475587,0.16666666666666666,0.10038089404824035,1208,Baixo
EMP_RJ_00831,Comércio varejista de combustíveis (postos),4731,Ativa,Baixo,0,5853,,,,0,2,0.1495345981760322,0,0.9553015948024268,0.04469840519757318,2,0,-1.4772015752779117,0.6750946588386242,0.16666666666666666,0.07234920259878658,1364,Baixo
EMP_RJ_00832,Comércio varejista de combustíveis (postos),4731,Inapta,Alto,0,5851,,,,4,8,0.0921668115251994,0,0.8007081368506104,0.19929186314938963,3,0,-2.8322373679194293,1.0943183039834985,0.6666666666666666,0.29964593157469477,446,Baixo
EMP_RJ_00833,Comércio varejista de combustíveis (postos),4731,Inapta,Alto,0,5869,,,,4,8,0.11074230321050488,0,0.8507649659603822,0.1492350340396178,3,0,-2.8288813308339193,1.5129488537730755,0.6666666666666666,0.27461751701980885,541,Baixo
EMP_RJ_00834,Comércio varejista de combustíveis (postos),4731,Ativa,Baixo,0,2913,,,,0,2,0.11029428001665531,0,0.8495576428471274,0.15044235715287257,2,0,-1.876884185545514,1.2401610550704378,0.16666666666666666,0.12522117857643628,1081,Baixo
EMP_RJ_00835,Comércio varejista de combustíveis (postos),4731,Ativa,Alto,0,1116,,,,3,6,0.028294685607032577,0,0.6285869275642503,0.3714130724357497,-1,1,0.1510998860429087,0.8918190057972742,0.5,0.5357065362178748,111,Alto
EMP_RJ_00836,Fabricação de combustíveis,1922,Ativa,Baixo,0,5869,,,,0,2,0.10800522213565178,0,0.8433891396864593,0.15661086031354066,2,0,-0.6576471409335298,1.3100979621341617,0.16666666666666666,0.12830543015677032,1070,Baixo
EMP_RJ_00837,Comércio varejista de combustíveis (postos),4731,Ativa,Baixo,0,5911,,,,0,2,0.12348211885301486,0,0.8850959427824707,0.11490405721752928,2,0,-2.2951649423482405,0.6102745899788921,0.16666666666666666,0.10745202860876463,1150,Baixo
EMP_RJ_00838,Comércio varejista de combustíveis (postos),4731,Ativa,Baixo,0,5813,,,,0,2,0.12400536347856222,0,0.8865059709662388,0.11349402903376116,2,0,-1.7255587730222395,0.5461650329415341,0.16666666666666666,0.10674701451688057,1156,Baixo
EMP_RJ_00839,Comércio varejista de combustíveis (postos),4731,Ativa,Médio,0,5833,,,,0,3,0.06224110993273463,0,0.7200650100907923,0.27993498990920773,2,0,-0.16168332279793002,1.5403796367930136,0.25,0.21496749495460388,774,Baixo
EMP_RJ_00840,Comércio varejista de combustíveis (postos),4731,Inapta,Alto,0,5833,,,,4,8,0.11237216824056179,0,0.855157090630013,0.144842909369987,3,0,-2.520380498117189,1.8226629762823015,0.6666666666666666,0.27242145468499346,550,Baixo
EMP_RJ_00841,Comércio atacadista de combustíveis,4681,Ativa,Alto,0,6003,,S,N,0,6,0.060396996170427875,0,0.7150955326189367,0.28490446738106334,23,0,-2.0897059168573118,-2.2281318734736875,0.5,0.29245223369053164,458,Baixo
EMP_RJ_00842,Comércio varejista de combustíveis (postos),4731,Ativa,Baixo,0,5815,,,,0,2,0.11294948385692727,0,0.8567128281383596,0.14328717186164042,2,0,-2.188429465735423,1.1150356657046312,0.16666666666666666,0.1216435859308202,1099,Baixo
EMP_RJ_00843,Comércio varejista de combustíveis (postos),4731,Inapta,Alto,0,5927,,,,4,8,0.06674969575784662,0,0.7322146486574475,0.26778535134255255,3,0,-3.2925585667877906,1.590697664734196,0.6666666666666666,0.33389267567127623,388,Médio
EMP_RJ_00844,Comércio varejista de combustíveis (postos),4731,Inapta,Alto,0,6001,,,,4,8,0.11868165174994638,0,0.8721597489257303,0.12784025107426966,4,0,-0.4185370273606411,1.2388155779725183,0.6666666666666666,0.26392012553713484,588,Baixo
EMP_RJ_00845,Comércio varejista de combustíveis (postos),4731,Ativa,Baixo,0,5843,,,,0,2,0.12080797703252916,0,0.8778897238359629,0.12211027616403713,2,0,-2.054337016152768,0.9837606854628745,0.16666666666666666,0.11105513808201856,1133,Baixo
EMP_RJ_00846,Comércio varejista de combustíveis (postos),4731,Ativa,Baixo,0,5819,,,,0,2,0.08545975308363235,0,0.782634102314859,0.21736589768514103,9,0,-1.5624553683586233,0.05126187530057155,0.16666666666666666,0.1586829488425705,962,Baixo
EMP_RJ_00847,Comércio varejista de combustíveis (postos),4731,Ativa,Baixo,0,5819,,N,N,0,2,0.11909555914898723,0,0.8732751375405818,0.12672486245941816,2,0,-1.7417652004737878,1.5592012632753636,0.16666666666666666,0.11336243122970907,1123,Baixo
EMP_RJ_00848,Comércio varejista de combustíveis (postos),4731,Inapta,Alto,0,5803,,,,4,8,0.09052777802888956,0,0.7962913051984567,0.2037086948015433,3,0,-2.96154834254623,1.1385832390620203,0.6666666666666666,0.30185434740077166,442,Médio
EMP_RJ_00849,Comércio varejista de combustíveis (postos),4731,Ativa,Baixo,0,5869,,,,0,2,0.1532396249479565,0,0.9652858199907193,0.034714180009280726,2,0,-1.4214441512664937,0.8070121447043921,0.16666666666666666,0.06735709000464035,1397,Baixo
EMP_RJ_00850,Comércio varejista de combustíveis (postos),4731,Inapta,Alto,0,6001,,,,4,8,0.12416645101888124,0,0.8869400661500472,0.11305993384995283,4,0,-1.0416075500372022,2.3404080215291927,0.6666666666666666,0.2565299669249764,618,Baixo
EMP_RJ_00851,Comércio varejista de combustíveis (postos),4731,Ativa,Alto,0,5865,,,,3,6,0.03209433022440783,0,0.6388261268550166,0.3611738731449834,8,0,1.988540676806063,1.6855706760053664,0.5,0.3305869365724917,390,Médio
EMP_RJ_00852,Comércio varejista de combustíveis (postos),4731,Inapta,Crítico,0,5829,,,,4,10,0.04254257645180187,0,0.6669818324891893,0.3330181675108107,6,0,-3.5116534235078034,-0.14608980263136945,0.8333333333333334,0.41650908375540535,242,Médio
EMP_RJ_00853,Comércio varejista de combustíveis (postos),4731,Inapta,Alto,0,5893,,,,4,8,0.07861674408559205,0,0.7641937111901111,0.23580628880988885,3,0,-3.210174222718842,1.5627456901799353,0.6666666666666666,0.3179031444049444,403,Médio
EMP_RJ_00854,Comércio varejista de combustíveis (postos),4731,Ativa,Baixo,0,5859,,,,0,2,0.1160794390503263,0,0.865147363002444,0.134852636997556,2,0,-1.861546448882383,1.171203895085447,0.16666666666666666,0.11742631849877799,1113,Baixo
EMP_RJ_00855,Comércio varejista de combustíveis (postos),4731,Ativa,Baixo,0,5805,,,,0,2,0.10251680389259432,0,0.8285990701297533,0.1714009298702467,2,0,-1.7819583167587485,1.1671298668310794,0.16666666666666666,0.13570046493512333,1039,Baixo
EMP_RJ_00856,Comércio varejista de combustíveis (postos),4731,Ativa,Baixo,0,6003,,,,0,2,0.08342983436097112,0,0.7771639216957714,0.22283607830422858,2,0,-1.167026956183698,1.2919413910749682,0.16666666666666666,0.16141803915211428,947,Baixo
EMP_RJ_00857,Comércio varejista de combustíveis (postos),4731,Ativa,Baixo,0,5825,,,,0,2,0.11779653107227223,0,0.8697745450638639,0.13022545493613613,2,0,-1.9359812845982212,1.1617991138300143,0.16666666666666666,0.11511272746806805,1119,Baixo
EMP_RJ_00858,Comércio varejista de combustíveis (postos),4731,Ativa,Médio,0,5883,,,,0,3,0.10898726943974357,0,0.8460355393033009,0.1539644606966991,2,0,-1.4399415104167497,1.182508026084392,0.25,0.15198223034834957,985,Baixo
EMP_RJ_00859,Comércio varejista de combustíveis (postos),4731,Ativa,Baixo,0,5865,,,,0,2,0.11251051433078268,0,0.855529902651009,0.14447009734899097,2,0,-0.5852487275564451,1.2391543081168843,0.16666666666666666,0.12223504867449547,1098,Baixo
EMP_RJ_00860,Extração de petróleo e gás natural,0600,Ativa,Alto,0,6001,,,,5,6,-0.00994981438360143,1,0.5255264846509538,0.47447351534904625,-1,1,6.365603292223382,2.8699689956439665,0.5,0.5872367576745232,73,Alto
EMP_RJ_00861,Comércio varejista de combustíveis (postos),4731,Inapta,Alto,0,5907,,,,4,8,0.0853824781690638,0,0.7824258635635751,0.21757413643642487,3,0,-3.1114304410462035,1.3881661011103836,0.6666666666666666,0.30878706821821245,428,Médio
EMP_RJ_00862,Comércio varejista de combustíveis (postos),4731,Ativa,Alto,0,5833,,,,3,6,0.06106370136195227,0,0.7168921552012145,0.2831078447987855,14,0,3.1149460012443124,0.28845135884775214,0.5,0.2915539223993927,461,Baixo
EMP_RJ_00863,Comércio varejista de combustíveis (postos),4731,Inapta,Crítico,0,5819,,,,4,10,0.05279082312005795,0,0.6945985836814874,0.3054014163185126,6,0,-3.190488823573868,0.5564901004748138,0.8333333333333334,0.4027007081592563,258,Médio
EMP_RJ_00864,Comércio varejista de combustíveis (postos),4731,Inapta,Alto,0,5879,,,,4,8,0.07544302833841032,0,0.7556412513418831,0.2443587486581169,3,0,-3.1901056950042395,1.5162410972640736,0.6666666666666666,0.3221793743290584,398,Médio
EMP_RJ_00865,Comércio varejista de combustíveis (postos),4731,Ativa,Baixo,0,776,,,,0,2,0.10604735473127985,0,0.8381131213855405,0.1618868786144595,2,0,-2.0485248469653072,0.9896362720979489,0.16666666666666666,0.13094343930722974,1058,Baixo
EMP_RJ_00866,Comércio varejista de combustíveis (postos),4731,Ativa,Baixo,0,5829,,,,0,2,0.11971306599954129,0,0.8749391815086213,0.12506081849137873,2,0,-2.159686755284828,1.0276882282483755,0.16666666666666666,0.11253040924568936,1129,Baixo
EMP_RJ_00867,Extração de petróleo e gás natural,0600,Ativa,Alto,0,6001,,,,5,8,0.0036821236745498975,0,0.5622615334653914,0.4377384665346086,22,0,6.773852969807976,2.5923307159105664,0.6666666666666666,0.4188692332673043,239,Médio
EMP_RJ_00868,Extração de petróleo e gás natural,0600,Ativa,Alto,0,6001,,,,5,8,-0.014708695978616793,1,0.5127023545126508,0.4872976454873492,22,0,7.467820633262992,2.9143773587706288,0.6666666666666666,0.44364882274367456,202,Médio
EMP_RJ_00869,Comércio atacadista de combustíveis,4681,Ativa,Baixo,0,5897,,,,0,2,0.16231058139702886,0,0.9897300352247416,0.010269964775258433,2,0,-1.114953490062603,-0.39329493492221773,0.16666666666666666,0.05513498238762921,1490,Baixo
EMP_RJ_00870,Comércio varejista de combustíveis (postos),4731,Ativa,Baixo,0,5867,,,,0,2,0.14735899435138733,0,0.9494388251538062,0.050561174846193824,2,0,-0.5617345159663681,-0.19123704712668563,0.16666666666666666,0.0752805874230969,1345,Baixo
EMP_RJ_00871,Comércio varejista de combustíveis (postos),4731,Ativa,Baixo,0,5833,,,,0,2,0.12505094833973446,0,0.8893235902035733,0.11067640979642668,2,0,-1.6324699554066762,1.5280676486749212,0.16666666666666666,0.10533820489821333,1161,Baixo
EMP_RJ_00872,Comércio varejista de combustíveis (postos),4731,Inapta,Alto,0,5819,,,,4,8,0.11790500748206834,0,0.8700668649227186,0.12993313507728144,3,0,-2.324137735202548,1.4439573047341914,0.6666666666666666,0.2649665675386407,583,Baixo
EMP_RJ_00873,Extração de petróleo e gás natural,0600,Ativa,Alto,0,6001,,,,3,6,0.07065034188635572,0,0.7427260246134838,0.2572739753865162,20,0,5.17511432346285,1.6390940546591006,0.5,0.27863698769325806,521,Baixo
EMP_RJ_00874,Extração de petróleo e gás natural,0600,Ativa,Alto,0,6001,,,,3,6,0.07065034188635572,0,0.7427260246134838,0.2572739753865162,20,0,5.17511432346285,1.6390940546591006,0.5,0.27863698769325806,521,Baixo
EMP_RJ_00875,Comércio varejista de combustíveis (postos),4731,Ativa,Baixo,0,5833,,,,0,2,0.1285723039463807,0,0.8988128623489814,0.10118713765101861,2,0,-1.763563656407437,1.1223035027343866,0.16666666666666666,0.1005935688255093,1206,Baixo
EMP_RJ_00876,Comércio varejista de combustíveis (postos),4731,Ativa,Baixo,0,5849,,,,0,2,0.11193217197992089,0,0.8539713983209765,0.14602860167902354,2,0,-2.3184428755345405,1.2004549086451732,0.16666666666666666,0.12301430083951176,1094,Baixo
EMP_RJ_00877,Comércio varejista de combustíveis (postos),4731,Inapta,Crítico,0,5833,,,,4,10,0.048116794192943735,0,0.6820031126585712,0.31799688734142884,6,0,-3.2875710242084177,0.759879304790751,0.8333333333333334,0.4089984436707144,252,Médio
EMP_RJ_00878,Comércio varejista de combustíveis (postos),4731,Ativa,Médio,0,5867,,,,0,4,0.10935156409059821,0,0.8470172325684034,0.15298276743159656,7,0,-1.4350931919325804,-1.7038533996658687,0.3333333333333333,0.17649138371579826,876,Baixo
EMP_RJ_00879,Comércio varejista de combustíveis (postos),4731,Ativa,Baixo,0,5831,,,,0,2,0.125382712282397,0,0.8902176204270522,0.10978237957294779,2,0,-1.32523337217262,-0.612309274892005,0.16666666666666666,0.10489118978647388,1169,Baixo
EMP_RJ_00880,Comércio varejista de combustíveis (postos),4731,Ativa,Baixo,0,6001,,,,0,2,0.14147982769971768,0,0.9335957753236204,0.06640422467637963,0,0,-0.2890351049978562,2.1547375167902687,0.16666666666666666,0.0832021123381898,1301,Baixo
EMP_RJ_00881,Comércio varejista de combustíveis (postos),4731,Ativa,Médio,0,6001,,,,0,3,0.0724061009857418,0,0.7474574058702944,0.2525425941297056,0,0,0.6112632209464316,3.104454777872041,0.25,0.2012712970648528,795,Baixo
EMP_RJ_00882,Extração de petróleo e gás natural,0600,Ativa,Alto,0,6001,,,,3,6,0.07050087931796295,0,0.7423232561500109,0.25767674384998907,20,0,5.175697816313285,1.6380624252314306,0.5,0.2788383719249945,519,Baixo
EMP_RJ_00883,Extração de petróleo e gás natural,0600,Ativa,Alto,0,6001,,,,3,6,0.07050087931796295,0,0.7423232561500109,0.25767674384998907,20,0,5.175697816313285,1.6380624252314306,0.5,0.2788383719249945,519,Baixo
EMP_RJ_00884,Comércio varejista de combustíveis (postos),4731,Ativa,Médio,0,6001,,,,0,3,0.11983647690212851,0,0.8752717465123233,0.12472825348767669,0,0,0.9093250438524476,0.7952176276925165,0.25,0.13736412674383836,1028,Baixo
EMP_RJ_00885,Comércio atacadista de combustíveis,4681,Ativa,Baixo,0,5897,,N,N,0,2,0.15570149003090739,0,0.9719200002232713,0.028079999776728704,2,0,-0.9066725736869001,-0.6311830991964297,0.16666666666666666,0.06403999988836434,1426,Baixo
EMP_RJ_00886,Comércio varejista de combustíveis (postos),4731,Ativa,Baixo,0,6001,,,,0,2,0.11645217162474386,0,0.8661517945995911,0.13384820540040887,0,0,0.7193216884155729,2.225440143781274,0.16666666666666666,0.11692410270020442,1114,Baixo
EMP_RJ_00887,Comércio varejista de combustíveis (postos),4731,Ativa,Baixo,0,6001,,,,0,2,0.13828560559939673,0,0.9249880554030269,0.07501194459697313,0,0,-0.4140870970265031,1.868645332598899,0.16666666666666666,0.08750597229848656,1272,Baixo
EMP_RJ_00888,Comércio varejista de combustíveis (postos),4731,Ativa,Médio,0,5877,,,,0,3,0.12892888350970072,0,0.8997737651647743,0.10022623483522575,2,0,-0.2944266726434772,-0.04384887311748104,0.25,0.12511311741761288,1082,Baixo
EMP_RJ_00889,Comércio varejista de combustíveis (postos),4731,Ativa,Baixo,0,5897,,,,0,2,0.13451144102921508,0,0.914817519186686,0.08518248081331403,2,0,-1.4132724919920547,1.4092120674350168,0.16666666666666666,0.092591240406657,1244,Baixo
EMP_RJ_00890,Comércio varejista de combustíveis (postos),4731,Ativa,Médio,0,5885,,,,0,3,0.07832552585347174,0,0.7634089426614574,0.23659105733854258,2,0,-1.938173373342332,1.1737293378580875,0.25,0.1932955286692713,823,Baixo
EMP_RJ_00891,Comércio varejista de combustíveis (postos),4731,Ativa,Baixo,0,5901,,N,N,0,2,0.1434023588107442,0,0.9387765701533477,0.0612234298466523,2,0,-1.6182186085557837,1.0362245133139443,0.16666666666666666,0.08061171492332614,1314,Baixo
EMP_RJ_00892,Extração de petróleo e gás natural,0600,Ativa,Médio,0,6001,,,,3,4,0.0693002708813995,0,0.7390878827690549,0.2609121172309451,25,0,4.075245019078568,1.5905343428011436,0.3333333333333333,0.23045605861547253,749,Baixo
EMP_RJ_00893,Extração de petróleo e gás natural,0600,Ativa,Médio,0,6001,,,,3,4,0.0693002708813995,0,0.7390878827690549,0.2609121172309451,25,0,4.075245019078568,1.5905343428011436,0.3333333333333333,0.23045605861547253,749,Baixo
EMP_RJ_00894,Comércio varejista de combustíveis (postos),4731,Ativa,Baixo,0,786,,,,0,2,0.10376649645064873,0,0.8319667143287905,0.16803328567120945,2,0,-2.2524306771612754,0.7519661721416107,0.16666666666666666,0.13401664283560472,1045,Baixo
EMP_RJ_00895,Comércio varejista de combustíveis (postos),4731,Ativa,Baixo,0,5817,,,,0,2,0.11698564815280804,0,0.8675893954906894,0.13241060450931064,2,0,-1.9128404660205343,0.7553685827752248,0.16666666666666666,0.11620530225465531,1115,Baixo
EMP_RJ_00896,Comércio varejista de combustíveis (postos),4731,Ativa,Médio,0,6001,,,,0,4,0.10566496049573182,0,0.837082653755091,0.16291734624490894,24,0,-0.12708705079202084,-0.5507687637652569,0.3333333333333333,0.18145867312245445,855,Baixo
EMP_RJ_00897,Comércio varejista de combustíveis (postos),4731,Inapta,Crítico,0,6001,,S,N,4,10,0.06696302700089962,0,0.7327895290298323,0.2672104709701677,1,0,-1.0864280643026272,0.0004698131945867586,0.8333333333333334,0.38360523548508385,282,Médio
EMP_RJ_00898,Comércio varejista de combustíveis (postos),4731,Inapta,Crítico,0,5847,,,,4,10,0.046927580596381024,0,0.6787984458434662,0.32120155415653384,6,0,-3.4617787158005933,0.7056030386196894,0.8333333333333334,0.4106007770782669,249,Médio
EMP_RJ_00899,Comércio varejista de combustíveis (postos),4731,Ativa,Médio,0,6001,,,,0,3,0.10605255132368152,0,0.8381271250491963,0.1618728749508037,0,0,1.9708516818541821,0.9022694168809536,0.25,0.15593643747540187,971,Baixo
EMP_RJ_00900,Comércio varejista de combustíveis (postos),4731,Ativa,Baixo,0,5847,,,,0,2,0.13852053508533657,0,0.9256211382484107,0.07437886175158925,2,0,-1.6321984439850672,1.165311099923794,0.16666666666666666,0.08718943087579462,1276,Baixo
EMP_RJ_00901,Comércio varejista de combustíveis (postos),4731,Ativa,Baixo,0,2909,,,,0,2,0.1509675666752593,0,0.9591631270030652,0.040836872996934837,2,0,-0.5938547364287082,-0.21583113863691816,0.16666666666666666,0.07041843649846741,1379,Baixo
EMP_RJ_00902,Comércio varejista de combustíveis (postos),4731,Ativa,Baixo,0,5911,,N,N,0,2,0.1289776083088538,0,0.8999050676888707,0.10009493231112931,2,0,-2.0500859741622577,0.814512089796989,0.16666666666666666,0.10004746615556465,1209,Baixo
EMP_RJ_00903,Comércio varejista de combustíveis (postos),4731,Ativa,Médio,0,5867,,,,0,3,0.10284510631166327,0,0.8294837723150882,0.17051622768491181,2,0,-1.2867195308208546,1.0818365453647547,0.25,0.16025811384245592,955,Baixo
EMP_RJ_00904,Comércio varejista de combustíveis (postos),4731,Ativa,Alto,0,5865,,,,3,6,0.026794780273688257,0,0.6245450154456361,0.3754549845543639,8,0,1.8360832807861234,1.9551162764264591,0.5,0.3377274922771819,380,Médio
EMP_RJ_00905,Extração de petróleo e gás natural,0600,Ativa,Médio,0,6001,,,,2,5,0.022964870287706107,0,0.6142242577008613,0.3857757422991387,21,0,4.2963613928363555,2.1706711299956076,0.4166666666666667,0.31788787114956935,404,Médio
EMP_RJ_00906,Comércio varejista de combustíveis (postos),4731,Ativa,Baixo,0,5849,,,,0,2,0.10386098921055859,0,0.8322213513534815,0.16777864864651848,2,0,-2.1184355801679695,1.4843794055823478,0.16666666666666666,0.13388932432325923,1049,Baixo
EMP_RJ_00907,Comércio varejista de combustíveis (postos),4731,Inapta,Crítico,0,5865,,,,4,10,0.0006664936385887277,0,0.5541350795375086,0.4458649204624914,13,0,-3.3420261488224674,-0.5625749213299113,0.8333333333333334,0.4729324602312457,178,Médio
EMP_RJ_00908,Comércio varejista de combustíveis (postos),4731,Inapta,Crítico,0,5925,,,,4,10,0.06953660468489642,0,0.7397247499387065,0.2602752500612935,6,0,-3.2722957127954344,0.32252528405047,0.8333333333333334,0.38013762503064674,289,Médio
EMP_RJ_00909,Comércio varejista de combustíveis (postos),4731,Ativa,Baixo,0,5801,,,,0,2,0.14487909419053602,0,0.9427560443874036,0.05724395561259643,2,0,-1.6710109877897457,0.9928534400318336,0.16666666666666666,0.0786219778062982,1323,Baixo
EMP_RJ_00910,Comércio atacadista de combustíveis,4681,Ativa,Médio,0,2909,,N,N,0,4,0.11292166683678773,0,0.8566378674403033,0.14336213255969665,7,0,-1.4663380005525968,-1.7299952037328006,0.3333333333333333,0.1716810662798483,900,Baixo
EMP_RJ_00911,Comércio varejista de combustíveis (postos),4731,Inapta,Alto,0,5925,,,,4,8,0.11564912195438909,0,0.8639877538949562,0.1360122461050438,3,0,-2.22530546028393,1.5281599413554443,0.6666666666666666,0.2680061230525219,571,Baixo
EMP_RJ_00912,Comércio varejista de combustíveis (postos),4731,Ativa,Baixo,0,5819,,,,0,2,0.1460535282824889,0,0.9459208837164256,0.054079116283574424,2,0,-0.6953345483723613,-0.2908944288315675,0.16666666666666666,0.0770395581417872,1330,Baixo
EMP_RJ_00913,Transporte dutoviário de combustíveis,5221,Ativa,Médio,0,5865,,,,0,4,0.11649698044292839,0,0.8662725444237397,0.1337274555762603,7,0,-1.3890727574691046,-1.6123446217632222,0.3333333333333333,0.16686372778813013,916,Baixo
EMP_RJ_00914,Comércio varejista de combustíveis (postos),4731,Ativa,Médio,0,5897,,,,0,4,0.09244267440036752,0,0.8014515260988715,0.1985484739011285,7,0,-2.0997864381899993,-0.43374689699983404,0.3333333333333333,0.19927423695056423,804,Baixo
EMP_RJ_00915,Comércio varejista de combustíveis (postos),4731,Inapta,Crítico,0,5863,,,,4,10,0.025584394481258155,0,0.6212832942597307,0.3787167057402693,6,0,-3.8313314434981285,0.3077485338513781,0.8333333333333334,0.43935835287013464,208,Médio
EMP_RJ_00916,Comércio varejista de combustíveis (postos),4731,Ativa,Baixo,0,5863,,,,0,2,0.11105250440525105,0,0.8516008893619329,0.1483991106380671,2,0,-2.321780460083522,1.202916557664203,0.16666666666666666,0.12419955531903354,1085,Baixo
EMP_RJ_00917,Comércio varejista de combustíveis (postos),4731,Ativa,Alto,0,5869,,,,3,6,0.06531691263663603,0,0.7283536160094374,0.2716463839905626,14,0,3.0261540196065035,0.22782927463718228,0.5,0.2858231919952813,476,Baixo
EMP_RJ_00918,Comércio varejista de combustíveis (postos),4731,Ativa,Médio,0,5833,,,,0,4,0.11218011064875161,0,0.8546395380281574,0.1453604619718426,7,0,-1.325787401836417,-1.5636838503797617,0.3333333333333333,0.17268023098592128,893,Baixo
EMP_RJ_00919,Comércio varejista de combustíveis (postos),4731,Ativa,Médio,0,6001,,,,0,3,0.12265745263797811,0,0.8828736502855592,0.1171263497144408,0,0,0.8468741941381578,0.7752773595769001,0.25,0.1335631748572204,1050,Baixo
EMP_RJ_00920,Comércio varejista de combustíveis (postos),4731,Ativa,Médio,0,5847,,,,0,4,0.11689702206259128,0,0.8673505678392976,0.13264943216070235,7,0,-1.4576048817504705,-1.6929062624085092,0.3333333333333333,0.16632471608035115,920,Baixo
EMP_RJ_00921,Comércio varejista de combustíveis (postos),4731,Ativa,Baixo,0,6001,,,,0,2,0.0850306811577482,0,0.7814778486644226,0.2185221513355774,-1,1,0.7438742301429092,3.516240582407622,0.16666666666666666,0.3592610756677887,357,Médio
EMP_RJ_00922,Comércio varejista de combustíveis (postos),4731,Inapta,Alto,0,5865,,,,4,8,0.10625649947186228,0,0.8386767200625447,0.16132327993745532,3,0,-2.7190338643308496,2.0133336533308985,0.6666666666666666,0.2806616399687276,506,Baixo
EMP_RJ_00923,Comércio varejista de combustíveis (postos),4731,Ativa,Baixo,0,5865,,,,0,2,0.10344415703751852,0,0.8310980811215648,0.1689019188784352,2,0,-0.7006928994344255,1.4432602962236916,0.16666666666666666,0.1344509594392176,1044,Baixo
EMP_RJ_00924,Comércio varejista de combustíveis (postos),4731,Ativa,Baixo,0,5849,,N,N,0,2,0.14486893342724444,0,0.9427286633845032,0.05727133661549677,2,0,-1.2733599866305518,-0.6472579423207541,0.16666666666666666,0.07863566830774837,1322,Baixo
EMP_RJ_00925,Comércio varejista de combustíveis (postos),4731,Inapta,Alto,0,5869,,,,4,8,0.1309572094373398,0,0.9052396535546394,0.09476034644536058,3,0,-2.3569432432307025,1.3160980697799542,0.6666666666666666,0.24738017322268027,663,Baixo
EMP_RJ_00926,Comércio varejista de combustíveis (postos),4731,Inapta,Alto,0,5865,,,,4,8,0.1157898795780401,0,0.8643670644635465,0.1356329355364535,3,0,-2.6417006114277926,1.8766079917818075,0.6666666666666666,0.26781646776822676,573,Baixo
EMP_RJ_00927,Comércio varejista de combustíveis (postos),4731,Ativa,Médio,0,2921,,,,0,4,0.09546092930254307,0,0.8095850534588741,0.1904149465411259,7,0,-1.809168573664657,-1.90973918987724,0.3333333333333333,0.19520747327056293,814,Baixo
EMP_RJ_00928,Comércio varejista de combustíveis (postos),4731,Ativa,Médio,0,6001,,,,0,3,0.10571781930552804,0,0.8372250965207384,0.1627749034792616,0,0,1.9750476184358905,0.8948509732135087,0.25,0.1563874517396308,969,Baixo
EMP_RJ_00929,Comércio varejista de combustíveis (postos),4731,Ativa,Baixo,0,5877,,N,N,0,2,0.14718279525694938,0,0.9489640076841532,0.05103599231584677,2,0,-1.5236820912010975,0.9934629396913345,0.16666666666666666,0.07551799615792337,1342,Baixo
EMP_RJ_00930,Comércio varejista de combustíveis (postos),4731,Ativa,Médio,0,6001,,,,3,4,0.08499248883255944,0,0.7813749288210254,0.21862507117897456,25,0,3.354573361697272,1.264585501912678,0.3333333333333333,0.20931253558948726,781,Baixo
EMP_RJ_00931,Comércio varejista de combustíveis (postos),4731,Inapta,Crítico,0,5847,,,,4,10,0.06844678505385776,0,0.7367879278100878,0.26321207218991216,6,0,-3.2022690210660905,0.24678833742667886,0.8333333333333334,0.3816060360949561,286,Médio
EMP_RJ_00932,Comércio varejista de combustíveis (postos),4731,Ativa,Baixo,0,5865,,,,0,2,0.15997965139120662,0,0.9834486959770389,0.016551304022961122,2,0,-0.9124637182443106,-0.6733497437874526,0.16666666666666666,0.05827565201148056,1470,Baixo
EMP_RJ_00933,Comércio varejista de combustíveis (postos),4731,Ativa,Baixo,0,2927,,,,0,2,0.13001333320983782,0,0.9026961165209351,0.09730388347906493,2,0,-2.0553369394227787,0.7083227806935766,0.16666666666666666,0.09865194173953246,1213,Baixo
EMP_RJ_00934,Comércio varejista de combustíveis (postos),4731,Ativa,Alto,0,5837,,,,3,6,0.045652877518728374,0,0.675363403842708,0.324636596157292,14,0,2.1674896692663084,1.5125940355659095,0.5,0.312318298078646,422,Médio
EMP_RJ_00935,Comércio varejista de combustíveis (postos),4731,Ativa,Alto,0,5833,,,,3,6,0.05036405773267422,0,0.6880589893416038,0.3119410106583962,8,0,2.5287002954711175,0.25357628889029743,0.5,0.3059705053291981,433,Médio
EMP_RJ_00936,Comércio varejista de combustíveis (postos),4731,Inapta,Crítico,0,5901,,,,4,10,0.07143610760112301,0,0.7448434888922646,0.2551565111077354,6,0,-3.2549380994687818,0.2355374267214177,0.8333333333333334,0.3775782555538677,296,Médio
EMP_RJ_00937,Comércio varejista de combustíveis (postos),4731,Inapta,Crítico,0,1116,,N,N,4,10,0.024395677036636088,0,0.6180799644640342,0.38192003553596576,6,0,-3.7702877736402285,0.11938614949947458,0.8333333333333334,0.4409600177679829,205,Médio
EMP_RJ_00938,Extração de petróleo e gás natural,0600,Ativa,Médio,0,5897,,,,0,4,-0.03285631279041068,1,0.46379855326273783,0.5362014467372622,-1,1,-0.11844863626811314,-4.994157954081139,0.3333333333333333,0.568100723368631,88,Alto
EMP_RJ_00939,Comércio varejista de combustíveis (postos),4731,Ativa,Médio,0,5865,,,,0,4,0.11649698044292839,0,0.8662725444237397,0.1337274555762603,7,0,-1.384487825653773,-1.6204508183824473,0.3333333333333333,0.16686372778813013,916,Baixo
EMP_RJ_00940,Comércio varejista de combustíveis (postos),4731,Ativa,Médio,0,6001,,,,3,4,0.06313541763525604,0,0.7224749709464762,0.27752502905352383,10,0,1.7323812901672386,2.539854844503118,0.3333333333333333,0.2387625145267619,709,Baixo
EMP_RJ_00941,Comércio varejista de combustíveis (postos),4731,Inapta,Crítico,0,6001,,,,4,10,0.05740355508446798,0,0.7070288729886777,0.29297112701132233,1,0,-1.8486457535344158,1.3480752706881425,0.8333333333333334,0.39648556350566116,264,Médio
EMP_RJ_00942,Comércio varejista de combustíveis (postos),4731,Ativa,Médio,0,6001,,,,0,4,0.10634299460995522,0,0.8389098052707156,0.16109019472928443,24,0,-0.12032079456434458,-0.5627315578507285,0.3333333333333333,0.1805450973646422,866,Baixo
EMP_RJ_00943,Comércio varejista de combustíveis (postos),4731,Ativa,Médio,0,6001,,,,0,4,0.0019083420431362796,0,0.5574815854830742,0.44251841451692575,-1,1,-1.1566422428521157,-0.24966217235082527,0.3333333333333333,0.5212592072584629,134,Alto
EMP_RJ_00944,Comércio varejista de combustíveis (postos),4731,Ativa,Médio,0,5865,,,,0,4,0.11649698044292839,0,0.8662725444237397,0.1337274555762603,7,0,-1.383112277082505,-1.6228827847342926,0.3333333333333333,0.16686372778813013,916,Baixo
EMP_RJ_00945,Comércio varejista de combustíveis (postos),4731,Ativa,Baixo,0,5869,,,,0,2,0.1389912095144113,0,0.9268895014154095,0.07311049858459051,2,0,-1.7185505629933893,1.332298087639358,0.16666666666666666,0.08655524929229524,1283,Baixo
EMP_RJ_00946,Comércio varejista de combustíveis (postos),4731,Ativa,Baixo,0,2909,,,,0,2,0.12525564119541682,0,0.8898751920384248,0.1101248079615752,2,0,-1.7707558735890203,1.3577523222231112,0.16666666666666666,0.10506240398078759,1168,Baixo
EMP_RJ_00947,Comércio varejista de combustíveis (postos),4731,Inapta,Alto,0,5869,,,,4,8,0.1073801527127754,0,0.8417047162637717,0.15829528373622825,3,0,-2.752904578125557,2.016160102627837,0.6666666666666666,0.27914764186811414,515,Baixo
EMP_RJ_00948,Comércio varejista de combustíveis (postos),4731,Ativa,Baixo,0,5833,,S,N,0,2,0.12474263302499145,0,0.8884927488302478,0.11150725116975224,2,0,-1.356113832938717,1.546653197110311,0.16666666666666666,0.10575362558487611,1159,Baixo
EMP_RJ_00949,Comércio varejista de combustíveis (postos),4731,Inapta,Alto,0,2911,,,,4,8,0.08246654619847676,0,0.7745680738038101,0.2254319261961899,3,0,-3.1905048829031952,1.6533151179990784,0.6666666666666666,0.3127159630980949,421,Médio
EMP_RJ_00950,Comércio varejista de combustíveis (postos),4731,Inapta,Crítico,0,5865,,,,4,10,0.07907744983864118,0,0.7654352109867766,0.23456478901322342,6,0,-2.994965005342878,0.08200042289663897,0.8333333333333334,0.3672823945066117,326,Médio
EMP_RJ_00951,Comércio varejista de combustíveis (postos),4731,Ativa,Médio,0,6001,,,,0,4,0.10659726343502296,0,0.839595003344607,0.16040499665539298,24,0,-0.11886188987158591,-0.5653108998350982,0.3333333333333333,0.18020249832769647,867,Baixo
EMP_RJ_00952,Comércio varejista de combustíveis (postos),4731,Ativa,Baixo,0,770,,,,0,2,0.08181517366825608,0,0.7728127693421871,0.22718723065781288,2,0,-0.8580257199647587,0.7495563827238955,0.16666666666666666,0.16359361532890643,937,Baixo
EMP_RJ_00953,Comércio atacadista de combustíveis,4681,Ativa,Baixo,0,5833,,,,0,2,0.15321571785261562,0,0.9652213956725767,0.0347786043274233,2,0,-0.5794397593205547,-0.333696086252433,0.16666666666666666,0.06738930216371164,1396,Baixo
EMP_RJ_00954,Comércio varejista de combustíveis (postos),4731,Ativa,Baixo,0,5867,,,,0,2,0.13833243691000235,0,0.9251142553955594,0.07488574460444064,2,0,-1.7220911106310863,0.5852031963455281,0.16666666666666666,0.08744287230222031,1274,Baixo
EMP_RJ_00955,Comércio varejista de combustíveis (postos),4731,Ativa,Baixo,0,5839,,,,0,2,0.14884514325294235,0,0.9534436667406194,0.04655633325938058,2,0,-1.5425559284129582,0.8945934936184377,0.16666666666666666,0.07327816662969028,1357,Baixo
EMP_RJ_00956,Comércio varejista de combustíveis (postos),4731,Ativa,Médio,0,5833,,,,0,4,0.11218011064875161,0,0.8546395380281574,0.1453604619718426,7,0,-1.319410140842364,-1.5749588915134534,0.3333333333333333,0.17268023098592128,893,Baixo
EMP_RJ_00957,Comércio varejista de combustíveis (postos),4731,Ativa,Médio,0,5877,,,,3,4,0.07573371470291157,0,0.7564245866052985,0.24357541339470146,19,0,2.0211291506097075,0.14763126395221865,0.3333333333333333,0.2217877066973507,764,Baixo
EMP_RJ_00958,Comércio varejista de combustíveis (postos),4731,Ativa,Alto,0,5865,,,,3,6,0.045967388951739574,0,0.6762109423801543,0.32378905761984567,8,0,2.668464906206083,0.4834605354416814,0.5,0.31189452880992286,423,Médio
EMP_RJ_00959,Comércio varejista de combustíveis (postos),4731,Ativa,Médio,0,6001,,,,0,3,0.12089555170317856,0,0.8781257181448785,0.1218742818551215,0,0,0.6533830866347908,0.4798321954518257,0.25,0.13593714092756076,1038,Baixo
EMP_RJ_00960,Comércio varejista de combustíveis (postos),4731,Ativa,Médio,0,6001,,,,0,3,0.11341210133117885,0,0.8579594795995494,0.14204052040045057,0,0,1.8468391143881702,0.8608168739027953,0.25,0.1460202602002253,1000,Baixo
EMP_RJ_00961,Comércio varejista de combustíveis (postos),4731,Inapta,Crítico,0,5869,,,,4,10,0.0798356431683992,0,0.7674783738049048,0.2325216261950952,6,0,-3.023153092489288,0.0747799613309223,0.8333333333333334,0.3662608130975476,329,Médio
EMP_RJ_00962,Extração de petróleo e gás natural,0600,Ativa,Médio,0,6001,,,,0,4,0.10659726343502296,0,0.839595003344607,0.16040499665539298,24,0,-0.118278397021151,-0.5663425292627682,0.3333333333333333,0.18020249832769647,867,Baixo
EMP_RJ_00963,Extração de petróleo e gás natural,0600,Ativa,Médio,0,6001,,,,0,3,0.09615668315984455,0,0.8114599557509602,0.1885400442490398,0,0,2.638436850768664,1.191721719939463,0.25,0.16927002212451991,905,Baixo
EMP_RJ_00964,Comércio varejista de combustíveis (postos),4731,Inapta,Crítico,0,5819,,,,4,10,0.06447443561925187,0,0.726083327351535,0.273916672648465,6,0,-2.9708823769930115,0.16822457035398702,0.8333333333333334,0.3869583363242325,277,Médio
EMP_RJ_00965,Comércio varejista de combustíveis (postos),4731,Ativa,Baixo,0,5903,,,,0,2,0.09068401407175869,0,0.7967123266729448,0.20328767332705522,2,0,-0.7223091452649851,0.5321011026869386,0.16666666666666666,0.1516438366635276,986,Baixo
EMP_RJ_00966,Comércio varejista de combustíveis (postos),4731,Ativa,Alto,0,5873,,,,3,6,0.0009187990413993541,0,0.5548149866240034,0.4451850133759966,-1,1,1.5615694279833299,1.8076132376148362,0.5,0.5725925066879982,83,Alto
EMP_RJ_00967,Comércio varejista de combustíveis (postos),4731,Ativa,Baixo,0,5875,,,,0,2,0.10575522632979012,0,0.8373259001523576,0.16267409984764236,2,0,-2.0850846883636396,1.088012950031989,0.16666666666666666,0.13133704992382117,1056,Baixo
EMP_RJ_00968,Comércio varejista de combustíveis (postos),4731,Ativa,Baixo,0,5877,,,,0,2,0.09821433944266295,0,0.8170048829410796,0.18299511705892035,2,0,-0.8414539934443391,1.5104093182163367,0.16666666666666666,0.14149755852946017,1021,Baixo
EMP_RJ_00969,Comércio varejista de combustíveis (postos),4731,Ativa,Baixo,0,5877,,,,0,2,0.13405200931106032,0,0.9135794526314155,0.08642054736858451,2,0,-1.8333604650168978,1.4106224190856491,0.16666666666666666,0.09321027368429224,1238,Baixo
EMP_RJ_00970,Comércio varejista de combustíveis (postos),4731,Ativa,Médio,0,5877,,,,0,3,0.10199462216846661,0,0.827191906229506,0.172808093770494,2,0,-1.6363065802879595,1.053525699128684,0.25,0.161404046885247,948,Baixo
EMP_RJ_00971,Comércio varejista de combustíveis (postos),4731,Ativa,Baixo,0,5877,,,,0,2,0.1347778135586677,0,0.9155353340586818,0.08446466594131818,2,0,-1.822648340571985,1.3916833082303055,0.16666666666666666,0.09223233297065908,1248,Baixo
EMP_RJ_00972,Comércio varejista de combustíveis (postos),4731,Inapta,Alto,0,5865,,,,4,8,0.12378809170181204,0,0.8859204717297495,0.11407952827025047,3,0,-2.5135346860585237,1.0124712715458364,0.6666666666666666,0.2570397641351252,614,Baixo
EMP_RJ_00973,Comércio varejista de combustíveis (postos),4731,Ativa,Baixo,0,6001,,,,0,2,0.14009329119220132,0,0.9298593670396819,0.07014063296031814,0,0,0.1104325152559378,2.086014945618599,0.16666666666666666,0.08507031648015906,1286,Baixo
EMP_RJ_00974,Comércio varejista de combustíveis (postos),4731,Ativa,Baixo,0,5801,,,,0,2,0.12309499403814145,0,0.8840527272902208,0.11594727270977923,2,0,-0.4785742818708287,0.7381016820210865,0.16666666666666666,0.1079736363548896,1147,Baixo
EMP_RJ_00975,Comércio varejista de combustíveis (postos),4731,Inapta,Crítico,0,6001,,,,4,10,0.06379785818570083,0,0.7242601012671572,0.27573989873284277,1,0,-1.7207804841542924,1.122008702844049,0.8333333333333334,0.3878699493664214,276,Médio
EMP_RJ_00976,Comércio varejista de combustíveis (postos),4731,Ativa,Baixo,0,786,,,,0,2,0.12787287333331587,0,0.8969280520158032,0.10307194798419683,2,0,-1.7074386293582005,0.42595554589936824,0.16666666666666666,0.1015359739920984,1203,Baixo
EMP_RJ_00977,Comércio varejista de combustíveis (postos),4731,Ativa,Médio,0,6001,,,,0,4,0.10659726343502296,0,0.839595003344607,0.16040499665539298,24,0,-0.11654163859008987,-0.569413123355552,0.3333333333333333,0.18020249832769647,867,Baixo
EMP_RJ_00978,Comércio varejista de combustíveis (postos),4731,Ativa,Baixo,0,5801,,,,0,2,0.15196323881680113,0,0.9618462425341575,0.038153757465842486,2,0,-1.6700712682025047,0.3536534077906018,0.16666666666666666,0.06907687873292123,1383,Baixo
EMP_RJ_00979,Comércio varejista de combustíveis (postos),4731,Inapta,Crítico,0,6001,,N,N,7,10,0.031078123189774043,0,0.6360876743427177,0.36391232565728227,18,0,0.7664031371164731,2.842120419809322,0.8333333333333334,0.43195616282864113,218,Médio
EMP_RJ_00980,Comércio varejista de combustíveis (postos),4731,Inapta,Crítico,0,5893,,,,4,10,0.03718175558169928,0,0.6525356095450556,0.34746439045494437,6,0,-3.59396343828651,-0.17789380836800542,0.8333333333333334,0.4237321952274722,233,Médio
EMP_RJ_00981,Comércio varejista de combustíveis (postos),4731,Ativa,Médio,0,5853,,,,0,3,0.1321304924018044,0,0.9084013908504588,0.09159860914954121,2,0,-0.5057539890565268,-0.4135961963789869,0.25,0.1207993045747706,1101,Baixo
EMP_RJ_00982,Comércio varejista de combustíveis (postos),4731,Inapta,Alto,0,5803,,,,4,8,0.03196123434602843,0,0.6384674629901714,0.36153253700982857,-1,1,-2.6554012998826604,-0.593605083955732,0.6666666666666666,0.5807662685049142,75,Alto
EMP_RJ_00983,Comércio varejista de combustíveis (postos),4731,Ativa,Baixo,0,5915,,,,0,2,0.11592911086236218,0,0.8647422618862644,0.13525773811373565,2,0,-0.8235096309060326,1.4588058784017788,0.16666666666666666,0.11762886905686781,1112,Baixo
EMP_RJ_00984,Comércio varejista de combustíveis (postos),4731,Ativa,Baixo,0,5925,,,,0,2,0.15532294283968046,0,0.9708998995237985,0.029100100476201485,2,0,-1.4361693402068973,0.6403060526030748,0.16666666666666666,0.06455005023810073,1418,Baixo
EMP_RJ_00985,Comércio varejista de combustíveis (postos),4731,Inapta,Crítico,0,5879,,,,4,10,-0.02882796214811756,1,0.47465406455211184,0.5253459354478882,-1,1,-3.6660590765061576,-1.3196331248733613,0.8333333333333334,0.7126729677239441,4,Crítico
EMP_RJ_00986,Comércio varejista de combustíveis (postos),4731,Ativa,Médio,0,5909,,,,0,3,0.10815560983958966,0,0.8437944011849845,0.1562055988150155,2,0,-1.5126541342713509,0.5473312535100798,0.25,0.15310279940750776,981,Baixo
EMP_RJ_00987,Comércio varejista de combustíveis (postos),4731,Inapta,Alto,0,5803,,,,4,8,0.09284375387817284,0,0.802532346311874,0.19746765368812602,3,0,-2.909335138385762,1.0462699890959166,0.6666666666666666,0.298733826844063,448,Baixo
EMP_RJ_00988,Comércio varejista de combustíveis (postos),4731,Ativa,Médio,0,6003,,,,2,5,-0.08732268860337777,1,0.3170237538395231,0.6829762461604769,-1,1,6.852757190865568,6.677371334828273,0.4166666666666667,0.6664881230802384,24,Alto
EMP_RJ_00989,Comércio varejista de combustíveis (postos),4731,Ativa,Médio,0,5883,,,,2,5,-0.06876464996961562,1,0.3670335508473539,0.6329664491526461,-1,1,7.2291134054675155,6.836750402430552,0.4166666666666667,0.6414832245763231,37,Alto
EMP_RJ_00990,Comércio varejista de combustíveis (postos),4731,Inapta,Alto,0,5883,,,,4,8,0.10500434095191596,0,0.8353024306432837,0.1646975693567163,3,0,-2.7221108204045286,1.8060283942917077,0.6666666666666666,0.2823487846783581,489,Baixo
EMP_RJ_00991,Extração de petróleo e gás natural,0600,Ativa,Alto,0,6001,,,,5,6,0.004414696304718468,0,0.5642356541820911,0.4357643458179089,-1,1,5.820073610631212,2.546190614450112,0.5,0.5678821729089545,89,Alto
EMP_RJ_00992,Comércio varejista de combustíveis (postos),4731,Ativa,Baixo,0,5847,,,,0,2,0.15519515088503383,0,0.9705555285567349,0.02944447144326512,2,0,-1.5399044148947398,0.23424235800484908,0.16666666666666666,0.06472223572163255,1416,Baixo
EMP_RJ_00993,Comércio varejista de combustíveis (postos),4731,Inapta,Alto,0,6001,,,,4,8,0.12477394656944923,0,0.888577131885636,0.11142286811436397,4,0,-1.0352858597908097,2.329231230817184,0.6666666666666666,0.255711434057182,621,Baixo
EMP_RJ_00994,Comércio varejista de combustíveis (postos),4731,Ativa,Baixo,0,5885,,,,0,2,0.1107165785681023,0,0.850695643756132,0.14930435624386795,2,0,-2.278992124938647,1.1474646185093769,0.16666666666666666,0.12465217812193397,1083,Baixo
EMP_RJ_00995,Extração de petróleo e gás natural,0600,Ativa,Baixo,0,6001,,,,0,2,0.1263098419112556,0,0.892716029092654,0.10728397090734598,0,0,2.3440653205630286,1.0833380371198287,0.16666666666666666,0.10364198545367298,1176,Baixo
EMP_RJ_00996,Extração de petróleo e gás natural,0600,Ativa,Baixo,0,6001,,,,0,2,0.1263098419112556,0,0.892716029092654,0.10728397090734598,0,0,2.344093105936859,1.0832889119089872,0.16666666666666666,0.10364198545367298,1176,Baixo
EMP_RJ_00997,Comércio varejista de combustíveis (postos),4731,Inapta,Alto,0,5837,,,,4,8,0.13231046870737756,0,0.9088863870661449,0.09111361293385511,3,0,-2.41629332407566,1.1876703852683168,0.6666666666666666,0.24555680646692754,683,Baixo
EMP_RJ_00998,Extração de petróleo e gás natural,0600,Ativa,Médio,0,6001,,,,0,4,0.10659726343502296,0,0.839595003344607,0.16040499665539298,24,0,-0.11452702642072637,-0.5729749695567503,0.3333333333333333,0.18020249832769647,867,Baixo
EMP_RJ_00999,Comércio varejista de combustíveis (postos),4731,Inapta,Crítico,0,5899,,,,4,10,0.046785141410545295,0,0.6784146038378436,0.3215853961621564,6,0,-3.394319515949729,-0.24947631689173494,0.8333333333333334,0.4107926980810782,247,Médio
EMP_RJ_01000,Extração de petróleo e gás natural,0600,Ativa,Médio,0,6001,,,,2,5,0.02446826749347847,0,0.6182755796409953,0.38172442035900467,21,0,4.3747068569149095,2.16250963018837,0.4166666666666667,0.31586221017950233,412,Médio
EMP_RJ_01001,Comércio varejista de combustíveis (postos),4731,Ativa,Baixo,0,5875,,,,0,2,0.1275808256852639,0,0.89614104839522,0.10385895160477998,2,0,-1.6270614989881185,0.40857893825150216,0.16666666666666666,0.10192947580238998,1201,Baixo
EMP_RJ_01002,Comércio atacadista de combustíveis,4681,Ativa,Baixo,0,5877,,,,0,2,0.16174428119790335,0,0.9882039818220809,0.011796018177919088,2,0,-0.9782395960064935,-0.7387750346126029,0.16666666666666666,0.05589800908895954,1484,Baixo
EMP_RJ_01003,Comércio varejista de combustíveis (postos),4731,Ativa,Médio,0,5925,,,,0,3,0.11566305534498744,0,0.8640253012914891,0.13597469870851087,2,0,-0.9280772246827703,1.0083690619032775,0.25,0.14298734935425544,1010,Baixo
EMP_RJ_01004,Comércio varejista de combustíveis (postos),4731,Ativa,Baixo,0,5901,,,,0,2,0.1254289010677873,0,0.8903420889566739,0.10965791104332612,2,0,-0.4594169037558034,0.7105858857322953,0.16666666666666666,0.10482895552166305,1170,Baixo
EMP_RJ_01005,Comércio varejista de combustíveis (postos),4731,Ativa,Baixo,0,5853,,,,0,2,0.15868939760047507,0,0.9799717482544665,0.020028251745533465,2,0,-0.8015844239549209,-0.5194005372142516,0.16666666666666666,0.06001412587276673,1462,Baixo
EMP_RJ_01006,Comércio varejista de combustíveis (postos),4731,Inapta,Alto,0,5897,,,,4,8,0.10365102434777429,0,0.8316555426290878,0.1683444573709122,3,0,-2.773262176710912,2.0312613054424853,0.6666666666666666,0.2841722286854561,480,Baixo
EMP_RJ_01007,Comércio varejista de combustíveis (postos),4731,Inapta,Crítico,0,5897,,,,4,10,0.05340618533773256,0,0.6962568483397045,0.30374315166029553,6,0,-3.3816736165358097,0.6877552428178332,0.8333333333333334,0.40187157583014776,260,Médio
EMP_RJ_01008,Comércio varejista de combustíveis (postos),4731,Inapta,Alto,0,5897,,,,4,8,0.09799924279458744,0,0.8164252451938152,0.1835747548061848,3,0,-2.9345472748782946,1.678875727309082,0.6666666666666666,0.29178737740309235,459,Baixo
EMP_RJ_01009,Comércio varejista de combustíveis (postos),4731,Ativa,Baixo,0,5897,,,,0,2,0.1335988915117695,0,0.9123584006867373,0.08764159931326265,2,0,-1.9327326935680742,1.0525436288590284,0.16666666666666666,0.09382079965663132,1235,Baixo
EMP_RJ_01010,Comércio varejista de combustíveis (postos),4731,Ativa,Médio,0,5833,,,,0,3,0.10391552467670978,0,0.8323683123360386,0.16763168766396142,2,0,0.7838500085923436,-0.1313289939889598,0.25,0.15881584383198072,960,Baixo
EMP_RJ_01011,Comércio varejista de combustíveis (postos),4731,Ativa,Médio,0,5819,,N,N,0,4,0.0961969839349689,0,0.8115685573991731,0.1884314426008269,7,0,-1.3567649681988034,-1.540662610375715,0.3333333333333333,0.19421572130041342,820,Baixo
EMP_RJ_01012,Comércio varejista de combustíveis (postos),4731,Ativa,Baixo,0,2921,,,,0,2,0.12684258939223403,0,0.8941516653635956,0.10584833463640442,2,0,-1.4872874924038826,0.7082466063066258,0.16666666666666666,0.1029241673182022,1186,Baixo
EMP_RJ_01013,Comércio varejista de combustíveis (postos),4731,Inapta,Alto,0,5807,,,,4,8,0.06583139851688685,0,0.7297400413177634,0.2702599586822366,-1,1,-2.4821868192360443,0.01029251535640112,0.6666666666666666,0.5351299793411184,112,Alto
EMP_RJ_01014,Comércio varejista de combustíveis (postos),4731,Inapta,Alto,0,5865,,,,4,8,0.13151798562745837,0,0.9067508209785305,0.09324917902146945,3,0,-2.2886851956876657,1.2524746090084389,0.6666666666666666,0.2466245895107347,668,Baixo
EMP_RJ_01015,Comércio varejista de combustíveis (postos),4731,Ativa,Baixo,0,6001,,,,0,2,0.15390483052779058,0,0.9670784014521814,0.03292159854781862,0,0,0.5613113177033925,0.6513199112597545,0.16666666666666666,0.0664607992739093,1401,Baixo
EMP_RJ_01016,Comércio varejista de combustíveis (postos),4731,Inapta,Crítico,0,5847,,,,4,10,0.0010229460230457565,0,0.5550956396344805,0.4449043603655195,-1,1,-3.448293916965377,-0.576419694179035,0.8333333333333334,0.6724521801827598,22,Alto
EMP_RJ_01017,Comércio varejista de combustíveis (postos),4731,Ativa,Médio,0,5899,,,,0,4,0.04640254654754283,0,0.6773835955609138,0.32261640443908624,5,0,-2.215461620105819,-2.447003612368729,0.3333333333333333,0.2613082022195431,600,Baixo
EMP_RJ_01018,Comércio atacadista de combustíveis,4681,Inapta,Crítico,0,5915,,S,N,4,12,0.0318724466356578,0,0.6382281998083206,0.3617718001916794,-1,1,-2.602078541031277,-1.5599853142906397,1.0,0.6808859000958397,19,Alto
EMP_RJ_01019,Comércio varejista de combustíveis (postos),4731,Inapta,Crítico,0,6001,,,,4,10,2.406239269081567e-05,0,0.5524038698535072,0.4475961301464928,-1,1,-1.78865816256086,-0.016164676003188733,0.8333333333333334,0.6737980650732465,20,Alto
EMP_RJ_01020,Comércio varejista de combustíveis (postos),4731,Inapta,Crítico,0,5811,,,,4,10,0.04738706948233967,0,0.6800366664532854,0.3199633335467146,6,0,-3.472813284909276,-0.2667430713014893,0.8333333333333334,0.4099816667733573,250,Médio
EMP_RJ_01021,Comércio varejista de combustíveis (postos),4731,Inapta,Alto,0,5807,,,,4,9,0.034461560182574624,0,0.6452052864211253,0.3547947135788747,-1,1,-0.5254824692207002,0.5464954178278424,0.75,0.6023973567894374,62,Alto
EMP_RJ_01022,Comércio varejista de combustíveis (postos),4731,Inapta,Crítico,0,5869,,,,4,10,0.08027291607131115,0,0.7686567272690402,0.23134327273095978,6,0,-2.9878488414045608,0.012361817898579016,0.8333333333333334,0.3656716363654799,333,Médio
EMP_RJ_01023,Comércio varejista de combustíveis (postos),4731,Ativa,Baixo,0,6001,,,,0,2,0.15077712624672618,0,0.9586499322974728,0.04135006770252725,0,0,0.007124476482834969,1.7614793313766708,0.16666666666666666,0.07067503385126361,1378,Baixo
EMP_RJ_01024,Comércio varejista de combustíveis (postos),4731,Inapta,Alto,0,5869,,,,4,8,0.13194226922981722,0,0.9078941711593582,0.09210582884064178,3,0,-2.312732917000028,1.2379339541969605,0.6666666666666666,0.24605291442032087,672,Baixo
EMP_RJ_01025,Comércio atacadista de combustíveis,4681,Ativa,Médio,0,5859,,N,N,0,4,0.09646034816561722,0,0.812278265573284,0.18772173442671602,7,0,-1.8387783297285927,-1.925770021394979,0.3333333333333333,0.193860867213358,822,Baixo
EMP_RJ_01026,Comércio varejista de combustíveis (postos),4731,Ativa,Baixo,0,5863,,,,0,2,0.13384890613478595,0,0.9130321346298974,0.08696786537010259,2,0,-2.081755021193715,0.14101153835035682,0.16666666666666666,0.09348393268505129,1236,Baixo
EMP_RJ_01027,Comércio atacadista de combustíveis,4681,Ativa,Médio,0,5923,,S,N,0,4,0.09277588713579143,0,0.8023494604974268,0.19765053950257316,12,0,-2.2846360428148498,-0.20766314223496493,0.3333333333333333,0.19882526975128656,806,Baixo
EMP_RJ_01028,Comércio varejista de combustíveis (postos),4731,Ativa,Baixo,0,5867,,,,0,2,0.14639533487368656,0,0.94684197664974,0.053158023350259986,2,0,-1.2937679186904987,0.5958175678398756,0.16666666666666666,0.07657901167512998,1336,Baixo
EMP_RJ_01029,Extração de petróleo e gás natural,0600,Ativa,Médio,0,6001,,,,2,5,0.024633299945733877,0,0.6187203054872915,0.3812796945127085,21,0,4.378402656767674,2.155975440316071,0.4166666666666667,0.31563984725635424,413,Médio
EMP_RJ_01030,Comércio varejista de combustíveis (postos),4731,Inapta,Alto,0,774,,,,4,8,0.0780891423669785,0,0.7627719416071529,0.2372280583928471,3,0,-3.235576555722607,1.7330021151181567,0.6666666666666666,0.31861402919642356,402,Médio
EMP_RJ_01031,Comércio varejista de combustíveis (postos),4731,Ativa,Baixo,0,6001,,,,0,2,0.1503032137195181,0,0.9573728431743783,0.04262715682562168,0,0,-0.04972710270464836,1.7316395280309227,0.16666666666666666,0.07131357841281083,1376,Baixo
EMP_RJ_01032,Comércio varejista de combustíveis (postos),4731,Ativa,Baixo,0,5837,,,,0,2,0.14667618971859953,0,0.9475988181489925,0.052401181851007506,2,0,-1.1627605075033216,0.8841912879372403,0.16666666666666666,0.07620059092550374,1338,Baixo
EMP_RJ_01033,Comércio varejista de combustíveis (postos),4731,Ativa,Baixo,0,5843,,,,0,2,0.10381064729603606,0,0.8320856910622223,0.1679143089377777,2,0,-0.7705727502292637,0.7596191264235854,0.16666666666666666,0.13395715446888884,1046,Baixo
EMP_RJ_01034,Comércio varejista de combustíveis (postos),4731,Ativa,Baixo,0,5915,,,,0,2,0.12844617926951152,0,0.8984729843256416,0.1015270156743584,2,0,-1.841681371137428,1.3463238538621582,0.16666666666666666,0.10076350783717919,1205,Baixo
EMP_RJ_01035,Comércio varejista de combustíveis (postos),4731,Ativa,Baixo,0,5915,,,,0,2,0.13402534373918262,0,0.9135075948309755,0.08649240516902446,2,0,-1.756234098809257,1.195252557086592,0.16666666666666666,0.09324620258451222,1237,Baixo
EMP_RJ_01036,Comércio varejista de combustíveis (postos),4731,Ativa,Médio,0,5819,,,,0,3,0.11993347823298894,0,0.8755331435791983,0.12446685642080169,2,0,-0.38277593789479486,-0.2146656122443995,0.25,0.13723342821040085,1030,Baixo
EMP_RJ_01037,Comércio varejista de combustíveis (postos),4731,Inapta,Crítico,0,5879,,,,4,10,0.03176476087944846,0,0.6379380105854753,0.3620619894145247,6,0,-3.5780074910321256,-0.21712733324894648,0.8333333333333334,0.43103099470726236,219,Médio
EMP_RJ_01038,Comércio varejista de combustíveis (postos),4731,Ativa,Baixo,0,5875,,,,0,2,0.12724128962613163,0,0.8952260740421032,0.10477392595789681,2,0,-1.8668587734770374,0.0646496111903845,0.16666666666666666,0.10238696297894839,1191,Baixo
EMP_RJ_01039,Comércio atacadista de combustíveis,4681,Ativa,Baixo,0,6001,,,,0,2,0.15237065838336833,0,0.9629441478798214,0.03705585212017859,0,0,0.36354091749682643,0.3634405664346494,0.16666666666666666,0.06852792606008928,1386,Baixo
EMP_RJ_01040,Comércio varejista de combustíveis (postos),4731,Inapta,Alto,0,5823,,,,4,8,0.08093179923238408,0,0.7704322712145728,0.2295677287854272,3,0,-2.3801577339889297,-0.08154366161457302,0.6666666666666666,0.31478386439271355,417,Médio
EMP_RJ_01041,Comércio varejista de combustíveis (postos),4731,Ativa,Médio,0,5919,,,,0,3,0.07289539937861084,0,0.7487759564879832,0.25122404351201677,2,0,-1.8857813412259634,1.2702889057052795,0.25,0.2006120217560084,797,Baixo
EMP_RJ_01042,Comércio varejista de combustíveis (postos),4731,Inapta,Crítico,0,5883,,,,4,10,0.08020201295600449,0,0.7684656591031803,0.23153434089681968,6,0,-2.474991220072848,-1.180415431283729,0.8333333333333334,0.36576717044840984,332,Médio
EMP_RJ_01043,Comércio varejista de combustíveis (postos),4731,Ativa,Baixo,0,5921,,,,0,2,0.1185453402308923,0,0.8717924196226584,0.1282075803773416,2,0,-2.10108987665558,1.0664200262530539,0.16666666666666666,0.11410379018867078,1122,Baixo
EMP_RJ_01044,Comércio varejista de combustíveis (postos),4731,Inapta,Alto,0,5923,,,,4,8,0.06535162448852821,0,0.7284471567494452,0.27155284325055484,3,0,-3.233313932430402,1.7792479961496561,0.6666666666666666,0.33577642162527743,386,Médio
EMP_RJ_01045,Comércio varejista de combustíveis (postos),4731,Ativa,Baixo,0,6005,,,,0,2,0.10075891525734088,0,0.8238619502462188,0.17613804975378122,2,0,-0.7648392884960018,0.6820817766446754,0.16666666666666666,0.1380690248768906,1027,Baixo
EMP_RJ_01046,Comércio varejista de combustíveis (postos),4731,Inapta,Crítico,0,5807,,,,4,10,0.07658570670906595,0,0.7587205160470316,0.2412794839529684,6,0,-3.091594161440406,-0.14053425780003148,0.8333333333333334,0.3706397419764842,321,Médio
EMP_RJ_01047,Comércio atacadista de combustíveis,4681,Ativa,Baixo,0,6001,,,,0,2,0.14553531676386228,0,0.9445244186392115,0.05547558136078845,0,0,0.7671957373350724,0.9248536208583841,0.16666666666666666,0.07773779068039421,1327,Baixo
EMP_RJ_01048,Comércio varejista de combustíveis (postos),4731,Ativa,Médio,0,5819,,,,0,3,0.11993347823298894,0,0.8755331435791983,0.12446685642080169,2,0,-0.37888564042521916,-0.22154367859258867,0.25,0.13723342821040085,1030,Baixo
EMP_RJ_01049,Comércio varejista de combustíveis (postos),4731,Ativa,Médio,0,5819,,,,0,4,0.09602695436414327,0,0.8111103654269435,0.18888963457305652,7,0,-1.3506099901953923,-1.5515446498226753,0.3333333333333333,0.19444481728652824,819,Baixo
EMP_RJ_01050,Comércio varejista de combustíveis (postos),4731,Ativa,Baixo,0,2909,,,,0,2,0.1524579311187232,0,0.9631793285401027,0.036820671459897314,2,0,-0.9072153460413693,-0.8065311440208721,0.16666666666666666,0.06841033572994865,1387,Baixo
EMP_RJ_01051,Comércio varejista de combustíveis (postos),4731,Ativa,Baixo,0,5847,,,,0,2,0.1403032225284504,0,0.9304250854175011,0.06957491458249887,2,0,0.2295636359202553,-0.403165688991421,0.16666666666666666,0.08478745729124942,1287,Baixo
EMP_RJ_01052,Comércio varejista de combustíveis (postos),4731,Ativa,Baixo,0,5803,,,,0,2,0.13487473749029927,0,0.9157965225518062,0.08420347744819379,2,0,-1.3050129367000687,-0.6452992127362084,0.16666666666666666,0.09210173872409688,1249,Baixo
EMP_RJ_01053,Fabricação de combustíveis,1922,Ativa,Médio,0,6001,,,,0,4,0.0250306637052507,0,0.6197911126638405,0.38020888733615954,15,0,-0.41901668026014166,-1.5537885972673806,0.3333333333333333,0.29010444366807975,464,Baixo
EMP_RJ_01054,Extração de petróleo e gás natural,0600,Ativa,Médio,0,5847,,,,0,4,-0.05881490700776315,1,0.39384590077409093,0.6061540992259091,-1,1,-0.9287978129068654,-16.99478814220017,0.3333333333333333,0.6030770496129545,61,Alto
EMP_RJ_01055,Extração de petróleo e gás natural,0600,Ativa,Médio,0,6001,,S,N,0,4,0.10623480565525323,0,0.8386182600395674,0.1613817399604326,-1,1,0.38438328718175524,0.2774970659608096,0.3333333333333333,0.3806908699802163,288,Médio
EMP_RJ_01056,Comércio varejista de combustíveis (postos),4731,Ativa,Alto,0,6001,,,,3,6,-0.0034005174941421634,1,0.5431753868032541,0.45682461319674594,-1,1,3.7197754900370636,3.7403423120627,0.5,0.5784123065983731,76,Alto
EMP_RJ_01057,Comércio varejista de combustíveis (postos),4731,Ativa,Baixo,0,6001,,,,0,2,0.13209914832466546,0,0.9083169255162685,0.09168307448373147,0,0,-0.43296382852120324,2.539558104175024,0.16666666666666666,0.09584153724186573,1221,Baixo
EMP_RJ_01058,Comércio varejista de combustíveis (postos),4731,Inapta,Alto,0,6001,,,,4,8,0.10853750999965806,0,0.8448235373916272,0.1551764626083728,4,0,-1.4187427410620301,3.0071853082952567,0.6666666666666666,0.2775882313041864,531,Baixo
EMP_RJ_01059,Comércio varejista de combustíveis (postos),4731,Ativa,Baixo,0,6001,,,,0,2,0.13209914832466546,0,0.9083169255162685,0.09168307448373147,0,0,-0.4331583261380148,2.539901980650914,0.16666666666666666,0.09584153724186573,1221,Baixo
EMP_RJ_01060,Comércio varejista de combustíveis (postos),4731,Ativa,Médio,0,6001,,,,2,5,-0.014759098811334304,1,0.5125665300603708,0.4874334699396292,-1,1,3.299858715666186,4.539379982610716,0.4166666666666667,0.5687167349698146,87,Alto
EMP_RJ_01061,Comércio varejista de combustíveis (postos),4731,Inapta,Alto,0,6001,,,,4,8,0.10511624300782624,0,0.8356039818584348,0.16439601814156524,4,0,-1.4572704406444075,3.0753025130155947,0.6666666666666666,0.28219800907078263,492,Baixo
EMP_RJ_01062,Comércio atacadista de combustíveis,4681,Ativa,Médio,0,5925,,N,N,0,4,0.11914094248962243,0,0.8733974355752768,0.12660256442472317,7,0,-1.4625804912097493,-1.7321800236507296,0.3333333333333333,0.16330128221236156,939,Baixo
EMP_RJ_01063,Comércio varejista de combustíveis (postos),4731,Inapta,Crítico,0,6001,,,,4,10,0.03768880042447165,0,0.653901982908175,0.34609801709182497,1,0,-2.1310386018515017,1.8473475355762097,0.8333333333333334,0.4230490085459125,234,Médio
EMP_RJ_01064,Comércio varejista de combustíveis (postos),4731,Ativa,Baixo,0,5899,,,,0,2,0.1446934561423482,0,0.9422557910314313,0.05774420896856869,2,0,-1.121383857602464,-0.7039770094278059,0.16666666666666666,0.07887210448428433,1321,Baixo
EMP_RJ_01065,Comércio atacadista de combustíveis,4681,Ativa,Médio,0,5865,,N,N,0,4,0.11633524415149932,0,0.8658367009996155,0.13416329900038448,7,0,-1.3682042160558843,-1.6492403392570811,0.3333333333333333,0.16708164950019222,914,Baixo
EMP_RJ_01066,Fabricação de combustíveis,1922,Ativa,Médio,0,6001,,,,0,3,0.052315302406262476,0,0.6933171608523169,0.30668283914768313,0,0,0.6374962468648189,3.6058284625532564,0.25,0.22834141957384158,755,Baixo
EMP_RJ_01067,Comércio varejista de combustíveis (postos),4731,Ativa,Baixo,0,6001,,,,0,2,0.13285391006635305,0,0.9103508409658464,0.0896491590341536,0,0,-0.497234792788045,2.522835805784716,0.16666666666666666,0.09482457951707679,1226,Baixo
EMP_RJ_01068,Comércio varejista de combustíveis (postos),4731,Ativa,Baixo,0,6001,,,,0,2,0.13285391006635305,0,0.9103508409658464,0.0896491590341536,0,0,-0.497234792788045,2.522835805784716,0.16666666666666666,0.09482457951707679,1226,Baixo
EMP_RJ_01069,Comércio atacadista de combustíveis,4681,Inapta,Alto,0,6001,,,,4,8,0.1159571522422852,0,0.8648178271841628,0.13518217281583722,4,0,-1.3151917445834187,2.8241065209197487,0.6666666666666666,0.2675910864079186,575,Baixo
EMP_RJ_01070,Comércio varejista de combustíveis (postos),4731,Inapta,Crítico,0,6001,,S,N,4,10,0.03768880042447165,0,0.653901982908175,0.34609801709182497,1,0,-2.13087188960852,1.8470527843111613,0.8333333333333334,0.4230490085459125,234,Médio
EMP_RJ_01071,Comércio varejista de combustíveis (postos),4731,Ativa,Médio,0,6001,,,,0,3,0.08113270411423984,0,0.7709736653003254,0.2290263346996746,0,0,0.00017298366499972218,2.9097888007294204,0.25,0.1895131673498373,828,Baixo
EMP_RJ_01072,Comércio varejista de combustíveis (postos),4731,Ativa,Médio,0,6001,,,,3,4,0.04828064270881405,0,0.6824446480589664,0.31755535194103357,10,0,1.4447781665569692,3.048338891669537,0.3333333333333333,0.25877767597051676,609,Baixo
EMP_RJ_01073,Comércio varejista de combustíveis (postos),4731,Ativa,Alto,0,6001,,,,3,6,0.033907532503208826,0,0.6437123047365524,0.3562876952634476,-1,1,3.2748851536311125,3.1379025057161742,0.5,0.5281438476317237,122,Alto
EMP_RJ_01074,Comércio varejista de combustíveis (postos),4731,Ativa,Baixo,0,6001,,,,0,2,0.13285391006635305,0,0.9103508409658464,0.0896491590341536,0,0,-0.49756821727400796,2.5234253083148133,0.16666666666666666,0.09482457951707679,1226,Baixo
EMP_RJ_01075,Comércio atacadista de combustíveis,4681,Ativa,Médio,0,2909,,S,N,0,4,0.10698021375963707,0,0.8406269695117209,0.1593730304882791,12,0,-1.0897982178374732,-1.1703562036680026,0.3333333333333333,0.17968651524413953,871,Baixo
EMP_RJ_01076,Extração de petróleo e gás natural,0600,Ativa,Baixo,0,6001,,,,0,2,0.14112363796234012,0,0.9326359230022593,0.06736407699774072,0,0,1.563151923253617,0.7335432054386586,0.16666666666666666,0.08368203849887035,1291,Baixo
EMP_RJ_01077,Comércio varejista de combustíveis (postos),4731,Ativa,Baixo,0,5847,,,,0,2,0.16244974172163595,0,0.99010504142677,0.009894958573229973,2,0,-0.7629681791301554,-0.5018470024629821,0.16666666666666666,0.05494747928661498,1491,Baixo
EMP_RJ_01078,Comércio atacadista de combustíveis,4681,Ativa,Médio,0,5833,,,,0,4,0.11189940550453842,0,0.8538830999390796,0.14611690006092037,7,0,-1.3038767363378916,-1.6024220316953686,0.3333333333333333,0.17305845003046016,892,Baixo
EMP_RJ_01079,Comércio varejista de combustíveis (postos),4731,Inapta,Alto,0,6001,,,,4,8,0.1149814121058515,0,0.8621884239849115,0.13781157601508853,4,0,-1.3556784855874988,2.8956873214196017,0.6666666666666666,0.2689057880075443,567,Baixo
EMP_RJ_01080,Comércio varejista de combustíveis (postos),4731,Ativa,Baixo,0,6001,,,,0,2,0.13895566247535723,0,0.9267937100312872,0.07320628996871281,0,0,-0.3697029478938841,2.29735874047072,0.16666666666666666,0.0866031449843564,1281,Baixo
EMP_RJ_01081,Comércio atacadista de combustíveis,4681,Ativa,Médio,0,5839,,,,0,4,0.028753813812671003,0,0.6298241762206236,0.3701758237793764,5,0,-1.9191370562974417,-2.769268514281898,0.3333333333333333,0.2850879118896882,477,Baixo
EMP_RJ_01082,Comércio varejista de combustíveis (postos),4731,Ativa,Baixo,0,6001,,,,0,2,0.12191712926897397,0,0.880878643047203,0.11912135695279702,0,0,-0.23171991145251541,2.821296260814561,0.16666666666666666,0.1095606784763985,1139,Baixo
EMP_RJ_01083,Comércio varejista de combustíveis (postos),4731,Inapta,Alto,0,6001,,,,4,8,0.10511624300782624,0,0.8356039818584348,0.16439601814156524,4,0,-1.4567703039154634,3.0744182592204488,0.6666666666666666,0.28219800907078263,492,Baixo
EMP_RJ_01084,Comércio varejista de combustíveis (postos),4731,Ativa,Alto,0,6001,,,,3,6,0.07003116006165033,0,0.7410574669617005,0.2589425330382995,-1,1,2.251500401865706,1.804462025105907,0.5,0.4794712665191498,168,Médio
EMP_RJ_01085,Comércio varejista de combustíveis (postos),4731,Ativa,Baixo,0,6001,,,,0,2,0.13285391006635305,0,0.9103508409658464,0.0896491590341536,0,0,-0.49740150503102637,2.5231305570497646,0.16666666666666666,0.09482457951707679,1226,Baixo
EMP_RJ_01086,Comércio varejista de combustíveis (postos),4731,Ativa,Baixo,0,6001,,,,0,2,0.12217876746304068,0,0.8815836999356484,0.11841630006435155,0,0,-0.29736642429062504,2.807005928776098,0.16666666666666666,0.10920815003217577,1143,Baixo
EMP_RJ_01087,Comércio varejista de combustíveis (postos),4731,Ativa,Baixo,0,6001,,,,0,2,0.09675548948507007,0,0.81307360595196,0.18692639404804,0,0,0.4495475986287488,2.8944802355417343,0.16666666666666666,0.14346319702402,1008,Baixo
EMP_RJ_01088,Comércio varejista de combustíveis (postos),4731,Ativa,Baixo,0,6001,,,,0,2,0.12191712926897397,0,0.880878643047203,0.11912135695279702,0,0,-0.23105306248058982,2.820117255754367,0.16666666666666666,0.1095606784763985,1139,Baixo
EMP_RJ_01089,Comércio varejista de combustíveis (postos),4731,Ativa,Baixo,0,6001,,,,0,2,0.12651635926205568,0,0.8932725475370825,0.10672745246291748,0,0,-0.6298866022592756,2.250180172004061,0.16666666666666666,0.10336372623145873,1183,Baixo
EMP_RJ_01090,Comércio varejista de combustíveis (postos),4731,Ativa,Médio,0,6001,,,,3,4,0.02935578461899252,0,0.6314463539961355,0.36855364600386453,-1,1,2.506110306941893,3.155734557333864,0.3333333333333333,0.48427682300193226,163,Médio
EMP_RJ_01091,Extração de petróleo e gás natural,0600,Ativa,Baixo,0,6001,,,,0,2,0.08380351572890615,0,0.7781709100809578,0.22182908991904216,0,0,2.304302637498882,2.3764829925281266,0.16666666666666666,0.16091454495952107,953,Baixo
EMP_RJ_01092,Comércio varejista de combustíveis (postos),4731,Ativa,Médio,0,6001,,,,0,4,0.0515124219525564,0,0.6911535761490094,0.3088464238509906,15,0,-0.28722010838185313,-1.5258340955199994,0.3333333333333333,0.2544232119254953,633,Baixo
EMP_RJ_01093,Fabricação de produtos do refino de petróleo,1921,Ativa,Baixo,0,6001,,,,0,2,0.1264704714065169,0,0.8931488899466492,0.1068511100533508,0,0,-0.23855367614546247,2.7030246359895713,0.16666666666666666,0.10342555502667539,1182,Baixo
EMP_RJ_01094,Comércio atacadista de combustíveis,4681,Ativa,Baixo,0,5833,,,,0,2,0.025707050246642105,0,0.6216138243361976,0.3783861756638024,-1,1,-0.14975589465165823,-0.26625544063129275,0.16666666666666666,0.4391930878319012,209,Médio
EMP_RJ_01095,Comércio varejista de combustíveis (postos),4731,Inapta,Alto,0,6001,,,,4,8,0.10497844199035145,0,0.8352326386875649,0.16476736131243508,4,0,-1.4551724723535535,3.0715932911818724,0.6666666666666666,0.28238368065621755,486,Baixo
EMP_RJ_01096,Comércio varejista de combustíveis (postos),4731,Ativa,Baixo,0,6001,,,,0,2,0.11004610830140987,0,0.8488888751315602,0.1511111248684398,0,0,-0.09587243885746516,3.088301958518062,0.16666666666666666,0.1255555624342199,1080,Baixo
EMP_RJ_01097,Comércio varejista de combustíveis (postos),4731,Ativa,Baixo,0,6001,,,,0,2,0.127309219107208,0,0.8954091289234146,0.10459087107658538,0,0,-0.6953664028544041,2.2355950887005496,0.16666666666666666,0.10229543553829268,1193,Baixo
EMP_RJ_01098,Comércio varejista de combustíveis (postos),4731,Ativa,Baixo,0,5833,,,,0,2,0.15342414413487787,0,0.9657830582637984,0.0342169417362016,2,0,-0.8294490215254423,-0.6595705562533523,0.16666666666666666,0.06710847086810079,1398,Baixo
EMP_RJ_01099,Comércio varejista de combustíveis (postos),4731,Ativa,Baixo,0,6001,,,,0,2,0.127309219107208,0,0.8954091289234146,0.10459087107658538,0,0,-0.6957553980880274,2.2362828416523297,0.16666666666666666,0.10229543553829268,1193,Baixo
EMP_RJ_01100,Comércio varejista de combustíveis (postos),4731,Ativa,Baixo,0,2921,,N,N,0,2,0.14283434687087404,0,0.9372459039891308,0.06275409601086923,2,0,-1.114670797913493,-0.7184343038775055,0.16666666666666666,0.0813770480054346,1313,Baixo
EMP_RJ_01101,Comércio varejista de combustíveis (postos),4731,Inapta,Alto,0,6001,,,,4,8,0.09734981306889823,0,0.8146751761593924,0.18532482384060756,4,0,-1.1895861726141432,3.239573701247049,0.6666666666666666,0.29266241192030373,457,Baixo
EMP_RJ_01102,Comércio varejista de combustíveis (postos),4731,Ativa,Baixo,0,6001,,,,0,2,0.1529133997063522,0,0.9644067153378288,0.035593284662171154,0,0,0.6379755940985474,0.6461307551236178,0.16666666666666666,0.06779664233108557,1391,Baixo
EMP_RJ_01103,Comércio varejista de combustíveis (postos),4731,Ativa,Alto,0,6001,,,,3,6,0.026581665318728354,0,0.6239707179216786,0.3760292820783214,-1,1,4.081057526552264,3.44303929976015,0.5,0.5380146410391606,110,Alto
EMP_RJ_01104,Comércio varejista de combustíveis (postos),4731,Inapta,Alto,0,6001,,,,4,8,0.10497844199035145,0,0.8352326386875649,0.16476736131243508,4,0,-1.4532134309318503,3.068129695402357,0.6666666666666666,0.28238368065621755,486,Baixo
EMP_RJ_01105,Extração de petróleo e gás natural,0600,Ativa,Médio,0,6001,,,,0,4,0.10585534255806045,0,0.8375956911767108,0.16240430882328916,24,0,-0.10207814354475292,-0.5949846745048779,0.3333333333333333,0.18120215441164456,858,Baixo
EMP_RJ_01106,Comércio varejista de combustíveis (postos),4731,Inapta,Alto,0,5833,,,,4,8,0.09424404144276344,0,0.8063058106439487,0.19369418935605132,3,0,-2.585294781054079,2.0677855584468654,0.6666666666666666,0.2968470946780256,452,Baixo
EMP_RJ_01107,Comércio varejista de combustíveis (postos),4731,Inapta,Alto,0,6001,,,,4,8,0.10585625010690525,0,0.8375981368195075,0.16240186318049254,4,0,-1.4488229967333304,3.060367375259022,0.6666666666666666,0.2812009315902463,501,Baixo
EMP_RJ_01108,Extração de petróleo e gás natural,0600,Ativa,Médio,0,5899,,,,0,4,0.04830929762501468,0,0.6825218667010196,0.31747813329898045,5,0,-1.9598977935885524,-2.8988419967918673,0.3333333333333333,0.2587390666494902,610,Baixo
EMP_RJ_01109,Comércio varejista de combustíveis (postos),4731,Inapta,Alto,0,6001,,,,4,8,0.021129493188447757,0,0.609278323597688,0.39072167640231203,-1,1,-1.8071154497633517,1.7981104516309543,0.6666666666666666,0.5953608382011559,67,Alto
EMP_RJ_01110,Comércio varejista de combustíveis (postos),4731,Ativa,Baixo,0,6001,,,,0,2,0.1327901280255711,0,0.9101789625160167,0.08982103748398329,0,0,-0.42120957999098546,2.518776529497932,0.16666666666666666,0.09491051874199163,1225,Baixo
EMP_RJ_01111,Comércio varejista de combustíveis (postos),4731,Inapta,Alto,0,6001,,,,4,8,0.10091763852478353,0,0.8242896742391405,0.17571032576085954,4,0,-1.3789527619396822,3.067190138419199,0.6666666666666666,0.2878551628804298,469,Baixo
EMP_RJ_01112,Comércio varejista de combustíveis (postos),4731,Inapta,Alto,0,6001,,,,4,8,0.09102239604091789,0,0.7976241910096196,0.20237580899038043,4,0,-1.1443636352079696,3.2899737474059076,0.6666666666666666,0.3011879044951902,444,Médio
EMP_RJ_01113,Comércio varejista de combustíveis (postos),4731,Ativa,Médio,0,6001,,,,3,4,0.05003659588303183,0,0.6871765523043929,0.3128234476956071,10,0,1.5407523039081807,3.2554871348816206,0.3333333333333333,0.25641172384780353,619,Baixo
EMP_RJ_01114,Comércio varejista de combustíveis (postos),4731,Inapta,Alto,0,6001,,,,4,8,0.10840086656918752,0,0.8444553136609225,0.15554468633907748,4,0,-1.4207295678575633,3.0106980292856136,0.6666666666666666,0.2777723431695387,529,Baixo
EMP_RJ_01115,Extração de petróleo e gás natural,0600,Ativa,Médio,0,6001,,,,0,4,0.10585534255806045,0,0.8375956911767108,0.16240430882328916,24,0,-0.10056366810433354,-0.5976622669109303,0.3333333333333333,0.18120215441164456,858,Baixo
EMP_RJ_01116,Comércio varejista de combustíveis (postos),4731,Inapta,Alto,0,6001,,,,4,8,0.10710302073656319,0,0.8409579070697475,0.1590420929302525,4,0,-1.4229386776437385,3.014603751962702,0.6666666666666666,0.2795210464651262,513,Baixo
EMP_RJ_01117,Comércio atacadista de combustíveis,4681,Ativa,Baixo,0,6001,,,,0,2,0.10173976264197532,0,0.8265051163463255,0.1734948836536745,0,0,0.5301844927396392,2.5598358539865553,0.16666666666666666,0.13674744182683723,1034,Baixo
EMP_RJ_01118,Comércio varejista de combustíveis (postos),4731,Inapta,Alto,0,6001,,,,4,8,0.11355745964740782,0,0.8583511880139713,0.14164881198602874,4,0,-1.3925249974864755,2.960832182468839,0.6666666666666666,0.2708244059930144,555,Baixo
EMP_RJ_01119,Comércio varejista de combustíveis (postos),4731,Ativa,Baixo,0,6001,,,,0,2,0.1259001461538387,0,0.8916119899176242,0.10838801008237575,0,0,-0.2590610076988898,2.739281725742492,0.16666666666666666,0.10419400504118786,1172,Baixo
EMP_RJ_01120,Comércio varejista de combustíveis (postos),4731,Ativa,Baixo,0,6001,,,,0,2,0.13895566247535723,0,0.9267937100312872,0.07320628996871281,0,0,-0.3740100259709132,2.3049736849815305,0.16666666666666666,0.0866031449843564,1281,Baixo
EMP_RJ_01121,Comércio varejista de combustíveis (postos),4731,Inapta,Alto,0,6001,,,,4,8,0.11396336323161727,0,0.8594450081235024,0.14055499187649756,4,0,-1.3659182586772973,2.9137913036906413,0.6666666666666666,0.2702774959382488,557,Baixo
EMP_RJ_01122,Comércio varejista de combustíveis (postos),4731,Inapta,Alto,0,6001,,,,4,8,0.11246513403972558,0,0.8554076128342504,0.14459238716574963,4,0,-1.3982909802562635,2.9710264689640193,0.6666666666666666,0.2722961935828748,551,Baixo
EMP_RJ_01123,Comércio varejista de combustíveis (postos),4731,Inapta,Alto,0,6001,,,,4,8,0.1159571522422852,0,0.8648178271841628,0.13518217281583722,4,0,-1.3084532737295724,2.8121928520451185,0.6666666666666666,0.2675910864079186,575,Baixo
EMP_RJ_01124,Comércio varejista de combustíveis (postos),4731,Inapta,Crítico,0,6001,,,,4,10,0.045824391491203875,0,0.6758255959480688,0.3241744040519312,1,0,-2.05754007567036,1.7174016899536255,0.8333333333333334,0.4120872020259656,245,Médio
EMP_RJ_01125,Comércio varejista de combustíveis (postos),4731,Ativa,Baixo,0,6001,,,,0,2,0.12674499948602252,0,0.8938886822167251,0.10611131778327487,0,0,-0.15595670473753834,2.687346442093206,0.16666666666666666,0.10305565889163742,1184,Baixo
EMP_RJ_01126,Comércio varejista de combustíveis (postos),4731,Ativa,Baixo,0,6001,,,,0,2,0.12674500170903746,0,0.8938886882072572,0.1061113117927428,0,0,-0.14238234165476868,2.663346897690806,0.16666666666666666,0.10305565589637139,1185,Baixo
EMP_RJ_01127,Comércio varejista de combustíveis (postos),4731,Ativa,Médio,0,6001,,,,0,3,0.09290724048100951,0,0.8027034286219842,0.19729657137801582,0,0,-0.3185902713216798,2.198286953746949,0.25,0.17364828568900792,885,Baixo
EMP_RJ_01128,Comércio varejista de combustíveis (postos),4731,Ativa,Baixo,0,6001,,,,0,2,0.12872976800239683,0,0.8992371930464652,0.10076280695353479,0,0,-0.10363235908174967,2.5948366912837364,0.16666666666666666,0.10038140347676738,1207,Baixo
EMP_RJ_01129,Comércio varejista de combustíveis (postos),4731,Ativa,Médio,0,6001,,,,3,4,0.050686102276110756,0,0.6889268279404223,0.31107317205957774,10,0,1.522250346329177,2.9113676040662395,0.3333333333333333,0.25553658602978885,627,Baixo
EMP_RJ_01130,Comércio varejista de combustíveis (postos),4731,Ativa,Médio,0,6001,,,,0,4,0.04264606216937744,0,0.6672607035396972,0.33273929646030276,15,0,-0.5676539152772365,-1.0300254264114481,0.3333333333333333,0.26636964823015136,579,Baixo
EMP_RJ_01131,Comércio varejista de combustíveis (postos),4731,Inapta,Alto,0,6001,,,,4,8,0.11425093701693151,0,0.8602199556765362,0.1397800443234638,4,0,-1.3778392194504965,2.9348676296327816,0.6666666666666666,0.26989002216173186,560,Baixo
EMP_RJ_01132,Comércio varejista de combustíveis (postos),4731,Ativa,Baixo,0,6001,,,,0,2,0.1365125077851403,0,0.9202099501562432,0.07979004984375682,0,0,-0.4165669498920173,2.380214582104265,0.16666666666666666,0.0898950249218784,1255,Baixo
EMP_RJ_01133,Comércio atacadista de combustíveis,4681,Inapta,Crítico,0,6001,,,,4,10,0.06660791212070633,0,0.7318325732101253,0.2681674267898747,1,0,-1.0580012109408974,-0.0497890353089191,0.8333333333333334,0.38408371339493735,281,Médio
EMP_RJ_01134,Comércio varejista de combustíveis (postos),4731,Ativa,Baixo,0,6001,,,,0,2,0.12700340495907303,0,0.8945850276392127,0.10541497236078734,0,0,-0.21032132040054424,2.6531096639619554,0.16666666666666666,0.10270748618039366,1189,Baixo
EMP_RJ_01135,Comércio varejista de combustíveis (postos),4731,Ativa,Médio,0,6001,,,,3,4,0.04474962610793731,0,0.6729293416774036,0.3270706583225964,-1,1,2.39289534757826,2.964838027515078,0.3333333333333333,0.4635353291612982,188,Médio
EMP_RJ_01136,Comércio varejista de combustíveis (postos),4731,Ativa,Baixo,0,6001,,,,0,2,0.13804761716197794,0,0.9243467293620372,0.07565327063796279,0,0,-0.39451735752434053,2.3412307747344507,0.16666666666666666,0.08782663531898138,1269,Baixo
EMP_RJ_01137,Comércio varejista de combustíveis (postos),4731,Ativa,Baixo,0,6001,,,,0,2,0.13818678204695262,0,0.9247217478532446,0.07527825214675543,0,0,-0.3101836276853552,2.3224819867453013,0.16666666666666666,0.0876391260733777,1270,Baixo
EMP_RJ_01138,Comércio varejista de combustíveis (postos),4731,Ativa,Baixo,0,6001,,,,0,2,0.08831985901393036,0,0.7903414532810801,0.20965854671891992,0,0,0.45825082266920986,3.5140396338638205,0.16666666666666666,0.15482927335945995,973,Baixo
EMP_RJ_01139,Comércio varejista de combustíveis (postos),4731,Inapta,Crítico,0,6001,,,,4,10,0.045824391491203875,0,0.6758255959480688,0.3241744040519312,1,0,-2.047439229449713,1.6995433337367933,0.8333333333333334,0.4120872020259656,245,Médio
EMP_RJ_01140,Comércio varejista de combustíveis (postos),4731,Inapta,Alto,0,6001,,,,4,8,0.11977140049280888,0,0.8750963800264409,0.12490361997355914,4,0,-1.1970105408164886,2.615161431129866,0.6666666666666666,0.2624518099867795,595,Baixo
EMP_RJ_01141,Comércio varejista de combustíveis (postos),4731,Inapta,Alto,0,6001,,,,4,8,0.11396336323161727,0,0.8594450081235024,0.14055499187649756,4,0,-1.3616667513479286,2.9062746096015135,0.6666666666666666,0.2702774959382488,557,Baixo
EMP_RJ_01142,Comércio varejista de combustíveis (postos),4731,Inapta,Alto,0,6001,,,,4,8,0.1097162574078071,0,0.8480000001508865,0.1519999998491135,4,0,-1.2893651237774633,2.9087986483978705,0.6666666666666666,0.2759999999245567,536,Baixo
EMP_RJ_01143,Comércio atacadista de combustíveis,4681,Ativa,Baixo,0,5833,,,,0,2,0.012429569064437707,0,0.5858339581660017,0.4141660418339983,-1,1,1.6858728305388964,-3.0838402039884665,0.16666666666666666,0.45708302091699915,192,Médio
EMP_RJ_01144,Comércio atacadista de combustíveis,4681,Ativa,Médio,0,5897,,N,N,0,4,0.011250748240575481,0,0.5826572975676827,0.4173427024323173,5,0,-1.6987581164673784,-3.183863852953293,0.3333333333333333,0.30867135121615863,429,Médio
EMP_RJ_01145,Comércio varejista de combustíveis (postos),4731,Ativa,Médio,0,2909,,S,N,0,4,0.11237092635348961,0,0.8551537440198668,0.14484625598013323,7,0,-1.4390921981453235,-1.7781659623603512,0.3333333333333333,0.1724231279900666,895,Baixo
EMP_RJ_01146,Comércio varejista de combustíveis (postos),4731,Ativa,Baixo,0,6001,,,,0,2,0.11725016702714997,0,0.8683022151733962,0.13169778482660377,0,0,0.04603954496054224,2.8374007176872644,0.16666666666666666,0.11584889241330187,1118,Baixo
EMP_RJ_01147,Comércio varejista de combustíveis (postos),4731,Inapta,Crítico,0,6001,,,,4,10,0.046909381941238615,0,0.6787494045052381,0.32125059549476187,1,0,-2.031766898076089,1.6718345675006707,0.8333333333333334,0.41062529774738094,248,Médio
EMP_RJ_01148,Comércio varejista de combustíveis (postos),4731,Ativa,Médio,0,6001,,,,3,4,0.06180895149453236,0,0.7189004389744029,0.2810995610255971,10,0,1.4161192200229633,2.8383005721748704,0.3333333333333333,0.24054978051279852,705,Baixo
EMP_RJ_01149,Comércio varejista de combustíveis (postos),4731,Ativa,Médio,0,5837,,,,0,4,0.11755032398283499,0,0.8691110715789965,0.13088892842100353,7,0,-1.4798343739581226,-1.7422937065525816,0.3333333333333333,0.16544446421050174,926,Baixo
EMP_RJ_01150,Comércio varejista de combustíveis (postos),4731,Ativa,Médio,0,5919,,,,0,4,0.04586451880369036,0,0.6759337301529555,0.32406626984704445,5,0,-1.9268588433847162,-2.963282831023681,0.3333333333333333,0.2620331349235222,599,Baixo
EMP_RJ_01151,Comércio atacadista de combustíveis,4681,Inapta,Alto,0,2921,,,,4,8,0.09490827493535614,0,0.8080957725459533,0.19190422745404667,3,0,-2.2665441509636515,-0.46433597923195985,0.6666666666666666,0.29595211372702335,453,Baixo
EMP_RJ_01152,Comércio varejista de combustíveis (postos),4731,Ativa,Médio,0,2921,,N,N,0,4,0.0951977683378124,0,0.8088758930413167,0.19112410695868332,7,0,-1.7809362179197388,-1.9596541619048558,0.3333333333333333,0.19556205347934164,812,Baixo
EMP_RJ_01153,Comércio atacadista de combustíveis,4681,Ativa,Baixo,0,5833,,,,0,2,0.15342414413487787,0,0.9657830582637984,0.0342169417362016,2,0,-0.8216684265862909,-0.6733266889497306,0.16666666666666666,0.06710847086810079,1398,Baixo
EMP_RJ_01154,Comércio varejista de combustíveis (postos),4731,Ativa,Baixo,0,5865,,,,0,2,0.1598764868519711,0,0.9831706904309038,0.01682930956909623,2,0,-0.8841202210040715,-0.723461216658434,0.16666666666666666,0.05841465478454811,1469,Baixo
EMP_RJ_01155,Comércio atacadista de combustíveis,4681,Ativa,Baixo,0,6001,,,,0,2,0.14112363796234012,0,0.9326359230022593,0.06736407699774072,0,0,1.5733916963434158,0.7154392231676191,0.16666666666666666,0.08368203849887035,1291,Baixo
EMP_RJ_01156,Comércio varejista de combustíveis (postos),4731,Ativa,Médio,0,5925,,,,3,4,0.07323807323200704,0,0.7496993865005201,0.25030061349947985,19,0,1.9928931264891259,0.32155052572835197,0.3333333333333333,0.2251503067497399,758,Baixo
EMP_RJ_01157,Comércio varejista de combustíveis (postos),4731,Ativa,Médio,0,5901,,,,0,3,0.13814167176366987,0,0.9246001856475364,0.07539981435246357,2,0,-0.5056489667012478,-0.43232474616304867,0.25,0.11269990717623178,1125,Baixo
EMP_RJ_01158,Comércio varejista de combustíveis (postos),4731,Ativa,Médio,0,5923,,,,0,3,0.054002691794247826,0,0.6978643009047573,0.30213569909524274,-1,1,0.1734294185148334,1.1754837245748786,0.25,0.4260678495476214,225,Médio
EMP_RJ_01159,Extração de petróleo e gás natural,0600,Ativa,Médio,0,6001,,,,0,4,0.1053452571598032,0,0.8362211241911085,0.1637788758088915,24,0,-0.08875384882645537,-0.6185420920097048,0.3333333333333333,0.18188943790444573,849,Baixo
EMP_RJ_01160,Extração de petróleo e gás natural,0600,Ativa,Médio,0,6001,,,,2,5,0.024039383875720133,0,0.6171198334391819,0.38288016656081814,21,0,4.400452249135352,2.116991632946257,0.4166666666666667,0.31644008328040907,408,Médio
EMP_RJ_01161,Extração de petróleo e gás natural,0600,Ativa,Médio,0,6001,,,,0,4,0.1053452571598032,0,0.8362211241911085,0.1637788758088915,24,0,-0.08867049270496458,-0.6186894676422291,0.3333333333333333,0.18188943790444573,849,Baixo
EMP_RJ_01162,Extração de petróleo e gás natural,0600,Ativa,Alto,0,6001,,,,5,8,-0.015296790525327841,1,0.511117570178334,0.48888242982166596,22,0,7.50971070821217,2.8403154667080885,0.6666666666666666,0.444441214910833,201,Médio
EMP_RJ_01163,Extração de petróleo e gás natural,0600,Ativa,Médio,0,6001,,,,2,5,0.024039383875720133,0,0.6171198334391819,0.38288016656081814,21,0,4.400730102873654,2.1165003808378424,0.4166666666666667,0.31644008328040907,408,Médio
EMP_RJ_01164,Comércio varejista de combustíveis (postos),4731,Ativa,Baixo,0,5875,,,,0,2,0.1313073073731887,0,0.90618308982235,0.09381691017765004,2,0,-1.6489700369506675,0.3169596192143493,0.16666666666666666,0.09690845508882501,1217,Baixo
EMP_RJ_01165,Comércio varejista de combustíveis (postos),4731,Ativa,Baixo,0,6001,,,,0,2,0.1486171041864603,0,0.9528291520470312,0.047170847952968775,0,0,-0.159134548733502,1.417887702814272,0.16666666666666666,0.07358542397648438,1353,Baixo
EMP_RJ_01166,Comércio varejista de combustíveis (postos),4731,Ativa,Médio,0,5897,,,,0,3,0.10047244852672466,0,0.8230899859599956,0.1769100140400044,2,0,-0.051958686341456645,0.8471803110732384,0.25,0.1634550070200022,938,Baixo
EMP_RJ_01167,Extração de petróleo e gás natural,0600,Ativa,Médio,0,6001,,,,2,5,0.024039383875720133,0,0.6171198334391819,0.38288016656081814,21,0,4.400924600490466,2.1161565043619524,0.4166666666666667,0.31644008328040907,408,Médio
EMP_RJ_01168,Extração de petróleo e gás natural,0600,Ativa,Alto,0,6001,,,,5,8,-0.03800281660137372,1,0.44992986724663847,0.5500701327533615,22,0,8.048004275247761,3.1323412699010458,0.6666666666666666,0.4750350663766807,175,Médio
EMP_RJ_01169,Comércio varejista de combustíveis (postos),4731,Ativa,Baixo,0,6001,,N,N,0,2,0.15307653676582644,0,0.9648463335210736,0.03515366647892637,0,0,0.5856255906049048,0.6083321307911693,0.16666666666666666,0.06757683323946317,1394,Baixo
EMP_RJ_01170,Comércio varejista de combustíveis (postos),4731,Ativa,Médio,0,5925,,,,3,4,0.07338660998303553,0,0.7500996600915893,0.24990033990841065,19,0,1.9968112093325319,0.3146233341693213,0.3333333333333333,0.2249501699542053,759,Baixo
EMP_RJ_01171,Extração de petróleo e gás natural,0600,Ativa,Médio,0,6001,,,,0,4,0.10509020382916279,0,0.8355338120487416,0.16446618795125845,24,0,-0.08673923665709188,-0.6221039382109032,0.3333333333333333,0.1822330939756292,846,Baixo
EMP_RJ_01172,Comércio varejista de combustíveis (postos),4731,Ativa,Médio,0,5923,,,,0,3,0.1030892359848326,0,0.8301416476239895,0.16985835237601055,2,0,-1.493315930683914,0.47663749263774347,0.25,0.15992917618800528,957,Baixo
EMP_RJ_01173,Comércio varejista de combustíveis (postos),4731,Ativa,Médio,0,5819,,,,0,3,0.1175811311163481,0,0.8691940899692363,0.1308059100307637,2,0,-0.9606914316304532,0.8070924585606725,0.25,0.14040295501538186,1023,Baixo
EMP_RJ_01174,Comércio varejista de combustíveis (postos),4731,Inapta,Alto,0,6001,,,,4,8,0.1289823799586577,0,0.8999179262264994,0.10008207377350065,4,0,-0.9721660335686179,2.2176349935198463,0.6666666666666666,0.2500410368867503,650,Baixo
EMP_RJ_01175,Comércio varejista de combustíveis (postos),4731,Inapta,Crítico,0,5897,,,,4,10,0.08043354271782216,0,0.7690895804462855,0.2309104195537145,6,0,-2.9646073919835065,-0.04962034023125599,0.8333333333333334,0.36545520977685725,334,Médio
EMP_RJ_01176,Comércio varejista de combustíveis (postos),4731,Ativa,Baixo,0,6001,,,,0,2,0.08992320439478652,0,0.7946621133795123,0.2053378866204877,-1,1,-0.16450879668912757,0.7436557291996074,0.16666666666666666,0.35266894331024384,366,Médio
EMP_RJ_01177,Comércio varejista de combustíveis (postos),4731,Ativa,Baixo,0,5865,,,,0,2,0.15962326338386967,0,0.9824883093621236,0.017511690637876387,2,0,-0.6764990429413302,-0.4529981011525885,0.16666666666666666,0.05875584531893819,1465,Baixo
EMP_RJ_01178,Comércio varejista de combustíveis (postos),4731,Ativa,Baixo,0,782,,,,0,2,0.14001569820296644,0,0.9296502711477374,0.07034972885226265,2,0,-1.9522285355907985,0.02336225068379734,0.16666666666666666,0.08517486442613131,1285,Baixo
EMP_RJ_01179,Comércio varejista de combustíveis (postos),4731,Ativa,Médio,0,5837,,,,0,4,0.11756758317161103,0,0.8691575812637883,0.13084241873621172,7,0,-1.4696779569898148,-1.7602503131910967,0.3333333333333333,0.16542120936810584,927,Baixo
EMP_RJ_01180,Comércio atacadista de combustíveis,4681,Ativa,Médio,0,5877,,S,N,0,4,0.12010488762885463,0,0.8759950538737962,0.12400494612620383,12,0,-1.1345491534793826,-1.149051470507834,0.3333333333333333,0.1620024730631019,945,Baixo
EMP_RJ_01181,Comércio varejista de combustíveis (postos),4731,Ativa,Alto,0,5833,,,,3,6,0.02814425924893288,0,0.6281815619013343,0.37181843809866566,14,0,3.364363340834914,1.5779344230739112,0.5,0.3359092190493328,385,Médio
EMP_RJ_01182,Comércio varejista de combustíveis (postos),4731,Inapta,Alto,0,5871,,,,4,8,0.08754797971699468,0,0.7882614098176468,0.2117385901823532,3,0,-2.9262536855667665,0.5926026444650111,0.6666666666666666,0.30586929509117655,434,Médio
EMP_RJ_01183,Comércio varejista de combustíveis (postos),4731,Ativa,Médio,0,5925,,,,0,3,0.12187684691942474,0,0.8807700910518272,0.11922990894817276,2,0,-0.8526474424537561,0.8750087457120193,0.25,0.1346149544740864,1043,Baixo
EMP_RJ_01184,Comércio varejista de combustíveis (postos),4731,Inapta,Alto,0,5883,,,,4,9,0.007100772512791176,0,0.571474033655496,0.428525966344504,-1,1,-2.0312187808532336,0.5520487813287421,0.75,0.639262983172252,39,Alto
EMP_RJ_01185,Comércio varejista de combustíveis (postos),4731,Ativa,Baixo,0,5869,,,,0,2,0.15650660505657205,0,0.9740896066022662,0.025910393397733822,2,0,-1.4759548044576145,0.2658487179074851,0.16666666666666666,0.0629551966988669,1436,Baixo
EMP_RJ_01186,Comércio varejista de combustíveis (postos),4731,Ativa,Baixo,0,5869,,,,0,2,0.12386554852448989,0,0.8861292006830315,0.11387079931696853,2,0,-0.6758422668698394,1.4013993300236613,0.16666666666666666,0.10693539965848425,1153,Baixo
EMP_RJ_01187,Comércio varejista de combustíveis (postos),4731,Ativa,Baixo,0,2917,,N,N,0,2,0.07125099083279518,0,0.7443446402698688,0.2556553597301312,9,0,-1.2553528724297425,-1.609238177412816,0.16666666666666666,0.1778276798650656,874,Baixo
EMP_RJ_01188,Comércio varejista de combustíveis (postos),4731,Ativa,Baixo,0,5915,,,,0,2,0.1558343945130976,0,0.972278148317848,0.02772185168215202,2,0,-0.6900484477837959,-0.5594163437277808,0.16666666666666666,0.063860925841076,1427,Baixo
EMP_RJ_01189,Comércio varejista de combustíveis (postos),4731,Ativa,Baixo,0,5843,,,,0,2,0.11797482212242183,0,0.8702549998900583,0.12974500010994172,2,0,-0.09962705025440188,-0.618694780463111,0.16666666666666666,0.11487250005497085,1120,Baixo
EMP_RJ_01190,Comércio atacadista de combustíveis,4681,Ativa,Baixo,0,5833,,,,0,2,0.1529771282793781,0,0.9645784497039178,0.03542155029608218,2,0,-0.8114564388703226,-0.6913815460099285,0.16666666666666666,0.06771077514804108,1392,Baixo
EMP_RJ_01191,Extração de petróleo e gás natural,0600,Ativa,Baixo,0,6001,,,,0,2,0.1522040056915745,0,0.9624950558474201,0.03750494415257988,0,0,0.6558014645106857,0.6146145166320901,0.16666666666666666,0.06875247207628993,1384,Baixo
EMP_RJ_01192,Comércio atacadista de combustíveis,4681,Ativa,Médio,0,6001,,,,0,4,0.050655646244274044,0,0.6888447556913082,0.3111552443086918,15,0,-0.2485812673041548,-1.5941478010837027,0.3333333333333333,0.2555776221543459,623,Baixo
EMP_RJ_01193,Comércio atacadista de combustíveis,4681,Ativa,Médio,0,5833,,,,0,4,0.06523850519846836,0,0.7281423253583049,0.2718576746416951,5,0,-1.437708694230678,-2.6239878649090524,0.3333333333333333,0.23592883732084752,721,Baixo
EMP_RJ_01194,Comércio atacadista de combustíveis,4681,Ativa,Baixo,0,6001,,,,0,2,0.1515545933363825,0,0.9607450336226336,0.03925496637736636,0,0,0.39406573914941034,0.30947249609742117,0.16666666666666666,0.06962748318868317,1382,Baixo
EMP_RJ_01195,Comércio atacadista de combustíveis,4681,Ativa,Médio,0,6001,,,,0,4,0.10510800767422629,0,0.8355817894613958,0.16441821053860417,24,0,-0.07977848281260386,-0.6344106087722649,0.3333333333333333,0.18220910526930206,847,Baixo
EMP_RJ_01196,Comércio varejista de combustíveis (postos),4731,Ativa,Médio,0,5925,,,,3,4,0.07384100456954062,0,0.7513241526945541,0.2486758473054459,19,0,2.0068842701793486,0.2968141031633304,0.3333333333333333,0.22433792365272293,760,Baixo
EMP_RJ_01197,Comércio varejista de combustíveis (postos),4731,Ativa,Médio,0,5907,,N,N,0,4,0.08628538251292667,0,0.784858990460505,0.215141009539495,7,0,-1.9551149759833368,-1.9305056477289144,0.3333333333333333,0.20757050476974748,785,Baixo
EMP_RJ_01198,Transporte dutoviário de combustíveis,5221,Inapta,Alto,0,6001,,,,4,8,0.10646344087097509,0,0.8392343812231008,0.1607656187768992,4,0,-0.562107396611206,0.8551102621909527,0.6666666666666666,0.2803828093884496,508,Baixo
EMP_RJ_01199,Comércio atacadista de combustíveis,4681,Ativa,Médio,0,5897,,S,N,0,4,0.11576652267931292,0,0.8643041228032164,0.13569587719678355,12,0,-1.105536927544917,-1.0965761383216859,0.3333333333333333,0.16784793859839175,907,Baixo
EMP_RJ_01200,Comércio varejista de combustíveis (postos),4731,Ativa,Baixo,0,5911,,,,0,2,0.14280177907194597,0,0.9371581409962021,0.0628418590037979,2,0,-1.3034365854677352,-1.012753377023673,0.16666666666666666,0.08142092950189894,1312,Baixo
EMP_RJ_01201,Extração de petróleo e gás natural,0600,Ativa,Baixo,0,6001,,,,0,2,0.1247218660174646,0,0.888436786352134,0.11156321364786603,0,0,2.317988631392601,0.9990880365392798,0.16666666666666666,0.105781606823933,1158,Baixo
EMP_RJ_01202,Comércio varejista de combustíveis (postos),4731,Ativa,Médio,0,2909,,S,N,0,4,0.11238841194389332,0,0.8552008638068178,0.1447991361931822,7,0,-1.415611486458718,-1.8196799865036937,0.3333333333333333,0.17239956809659107,896,Baixo
EMP_RJ_01203,Extração de petróleo e gás natural,0600,Ativa,Baixo,0,6001,,,,0,2,0.1219126691797332,0,0.8808666240961721,0.11913337590382789,0,0,1.2658964114572162,1.4485787764376254,0.16666666666666666,0.10956668795191393,1138,Baixo
EMP_RJ_01204,Comércio varejista de combustíveis (postos),4731,Ativa,Médio,0,6001,,,,0,4,0.10461716739397892,0,0.8342590837992909,0.16574091620070908,24,0,-0.07406807079047645,-0.6445066448457623,0.3333333333333333,0.18287045810035452,843,Baixo
EMP_RJ_01205,Comércio varejista de combustíveis (postos),4731,Inapta,Crítico,0,5833,,,,4,10,0.07979784075201896,0,0.7673765046792451,0.23262349532075488,6,0,-2.8386740654335094,-0.03377323350511361,0.8333333333333334,0.36631174766037744,328,Médio
EMP_RJ_01206,Comércio varejista de combustíveis (postos),4731,Ativa,Médio,0,5801,,,,2,5,0.007097692718812554,0,0.5714657342939774,0.4285342657060226,-1,1,2.380152420436708,1.953314387465238,0.4166666666666667,0.5392671328530113,107,Alto
EMP_RJ_01207,Comércio varejista de combustíveis (postos),4731,Ativa,Baixo,0,5879,,,,0,2,0.12693364879311436,0,0.8943970502473944,0.10560294975260565,2,0,-1.8698575293190332,0.32691650399111744,0.16666666666666666,0.10280147487630281,1187,Baixo
EMP_RJ_01208,Comércio atacadista de combustíveis,4681,Inapta,Crítico,0,5819,,,,4,10,0.07104423855826741,0,0.7437874887581121,0.25621251124188793,6,0,-2.84936658323311,-0.04661608156725628,0.8333333333333334,0.37810625562094397,293,Médio
EMP_RJ_01209,Comércio varejista de combustíveis (postos),4731,Ativa,Baixo,0,5899,,,,0,2,0.13346243563030374,0,0.9119906823589926,0.08800931764100739,2,0,-1.3802375678982737,0.521570256320619,0.16666666666666666,0.09400465882050368,1233,Baixo
EMP_RJ_01210,Comércio varejista de combustíveis (postos),4731,Suspensa,Médio,0,5895,,,,2,4,0.10918188922784977,0,0.8465599964557496,0.15344000354425036,2,0,-1.6196584286608113,0.0036326938272541864,0.3333333333333333,0.17672000177212516,875,Baixo
EMP_RJ_01211,Comércio varejista de combustíveis (postos),4731,Ativa,Baixo,0,5819,,,,0,2,0.1490335644227193,0,0.9539514199918375,0.046048580008162476,2,0,-1.184134755300915,0.5733072805364806,0.16666666666666666,0.07302429000408123,1359,Baixo
EMP_RJ_01212,Comércio varejista de combustíveis (postos),4731,Ativa,Baixo,0,5897,,N,N,0,2,0.15736370271587258,0,0.9763992946465364,0.02360070535346359,2,0,-0.9181468409428394,-0.7412502769805116,0.16666666666666666,0.06180035267673179,1440,Baixo
EMP_RJ_01213,Comércio varejista de combustíveis (postos),4731,Ativa,Baixo,0,5815,,,,0,2,0.14408299820112208,0,0.9406107423102267,0.05938925768977332,2,0,-1.125076140438012,-0.7649794271262867,0.16666666666666666,0.07969462884488665,1316,Baixo
EMP_RJ_01214,Comércio varejista de combustíveis (postos),4731,Ativa,Baixo,0,5817,,N,N,0,2,0.12731027370275771,0,0.8954119708244586,0.10458802917554144,2,0,-1.357692001249152,0.4114013498944675,0.16666666666666666,0.10229401458777071,1195,Baixo
EMP_RJ_01215,Comércio varejista de combustíveis (postos),4731,Ativa,Médio,0,5869,,,,3,4,0.057271285521421855,0,0.7066724358603371,0.2933275641396629,19,0,1.7589782564970278,1.1268371380446063,0.3333333333333333,0.24666378206983142,667,Baixo
EMP_RJ_01216,Comércio varejista de combustíveis (postos),4731,Ativa,Médio,0,5909,,,,0,4,0.0909005067876813,0,0.7972957265133388,0.2027042734866612,7,0,-2.3864545434635493,-0.9557998446545415,0.3333333333333333,0.20135213674333058,794,Baixo
EMP_RJ_01217,Comércio varejista de combustíveis (postos),4731,Ativa,Baixo,0,5821,,,,0,2,0.14190556149344385,0,0.9347430334484572,0.06525696655154278,2,0,-1.378474393159001,-1.0430221882951969,0.16666666666666666,0.08262848327577138,1307,Baixo
EMP_RJ_01218,Comércio varejista de combustíveis (postos),4731,Ativa,Médio,0,5925,,,,0,3,0.11598866723760265,0,0.8649027531049258,0.13509724689507419,2,0,0.601334245083894,-0.34934095962364103,0.25,0.1425486234475371,1014,Baixo
EMP_RJ_01219,Comércio varejista de combustíveis (postos),4731,Ativa,Baixo,0,786,,,,0,2,0.10656488928298319,0,0.8395077621870817,0.16049223781291833,2,0,-0.02586829202476703,-0.693587424009524,0.16666666666666666,0.13024611890645915,1063,Baixo
EMP_RJ_01220,Comércio varejista de combustíveis (postos),4731,Ativa,Médio,0,5861,,,,0,4,0.07876343053648549,0,0.7645889986328064,0.23541100136719362,7,0,-2.242506683883197,-1.092206909164672,0.3333333333333333,0.2177055006835968,770,Baixo
EMP_RJ_01221,Comércio varejista de combustíveis (postos),4731,Ativa,Baixo,0,5819,,N,N,0,2,0.14954571477081774,0,0.9553315515591517,0.044668448440848274,2,0,-1.1799110333453764,0.5658397116581944,0.16666666666666666,0.07233422422042413,1365,Baixo
EMP_RJ_01222,Comércio varejista de combustíveis (postos),4731,Ativa,Baixo,0,5895,,,,0,2,0.13873606631186342,0,0.9262019470881901,0.07379805291180985,2,0,-1.4149723765124473,0.47892107633185965,0.16666666666666666,0.08689902645590492,1279,Baixo
EMP_RJ_01223,Comércio varejista de combustíveis (postos),4731,Ativa,Médio,0,5819,,,,0,4,0.0922376210714147,0,0.8008989528685273,0.1991010471314727,7,0,-1.8496777555875747,-0.6691898329727459,0.3333333333333333,0.19955052356573633,801,Baixo
EMP_RJ_01224,Comércio varejista de combustíveis (postos),4731,Ativa,Baixo,0,5819,,,,0,2,0.12202122098471468,0,0.881159147128325,0.118840852871675,2,0,-0.11354939516383758,0.6643431773298336,0.16666666666666666,0.10942042643583749,1141,Baixo
EMP_RJ_01225,Comércio varejista de combustíveis (postos),4731,Inapta,Crítico,0,5819,,,,4,10,0.07360398504346083,0,0.7506854376546696,0.24931456234533045,6,0,-2.804878403264133,-0.12527144925866462,0.8333333333333334,0.3746572811726652,304,Médio
EMP_RJ_01226,Comércio varejista de combustíveis (postos),4731,Inapta,Crítico,0,5819,,,,4,10,0.07360398504346083,0,0.7506854376546696,0.24931456234533045,6,0,-2.802780434973279,-0.12898067109238703,0.8333333333333334,0.3746572811726652,304,Médio
EMP_RJ_01227,Comércio varejista de combustíveis (postos),4731,Ativa,Médio,0,5819,,,,0,3,0.12342910006335212,0,0.8849530689065747,0.11504693109342534,2,0,-0.8674079936154703,0.6421667786670451,0.25,0.13252346554671268,1052,Baixo
EMP_RJ_01228,Comércio atacadista de combustíveis,4681,Ativa,Médio,0,5883,,,,0,4,0.06364007768776198,0,0.7238349178288944,0.2761650821711056,5,0,-2.169168402895959,-1.8344114340110431,0.3333333333333333,0.23808254108555277,712,Baixo
EMP_RJ_01229,Comércio varejista de combustíveis (postos),4731,Inapta,Alto,0,2927,,,,4,8,0.10673559159748036,0,0.8399677670542577,0.16003223294574231,3,0,-2.7464985312971635,0.7854185170171055,0.6666666666666666,0.28001611647287117,511,Baixo
EMP_RJ_01230,Comércio varejista de combustíveis (postos),4731,Ativa,Baixo,0,5925,,,,0,2,0.1539423434412746,0,0.9671794904317622,0.03282050956823779,2,0,-1.111825863069985,0.7044034203034075,0.16666666666666666,0.06641025478411888,1402,Baixo
EMP_RJ_01231,Comércio atacadista de combustíveis,4681,Inapta,Alto,0,5925,,,,4,8,0.07189986544965793,0,0.7460932134091555,0.25390678659084454,-1,1,-2.3200571571930837,-0.13277559371710992,0.6666666666666666,0.5269533932954222,124,Alto
EMP_RJ_01232,Comércio varejista de combustíveis (postos),4731,Ativa,Baixo,0,5903,,,,0,2,0.10670215370696218,0,0.8398776593575239,0.1601223406424761,2,0,-0.026657013743680506,-0.6978160545345531,0.16666666666666666,0.13006117032123804,1064,Baixo
EMP_RJ_01233,Comércio varejista de combustíveis (postos),4731,Ativa,Médio,0,5819,,,,0,4,0.05201344098771221,0,0.6925037112974307,0.3074962887025693,5,0,-1.9532627455660792,-1.7442324844152455,0.3333333333333333,0.2537481443512846,635,Baixo
EMP_RJ_01234,Comércio varejista de combustíveis (postos),4731,Ativa,Baixo,0,5833,,N,N,0,2,0.15135172111855383,0,0.9601983380028885,0.03980166199711155,2,0,-0.7312075041177245,-0.7029083911749986,0.16666666666666666,0.06990083099855576,1381,Baixo
EMP_RJ_01235,Comércio varejista de combustíveis (postos),4731,Inapta,Crítico,0,6001,,,,4,10,0.06960857915943958,0,0.7399187051800271,0.2600812948199729,1,0,-1.5870380905090593,0.8855513476614097,0.8333333333333334,0.38004064740998644,290,Médio
EMP_RJ_01236,Comércio varejista de combustíveis (postos),4731,Inapta,Alto,0,6001,,,,4,8,0.13112460975226597,0,0.9056907602655219,0.09430923973447813,4,0,-0.9131865731804735,2.113358949468271,0.6666666666666666,0.24715461986723905,665,Baixo
EMP_RJ_01237,Comércio varejista de combustíveis (postos),4731,Ativa,Médio,0,5915,,,,0,3,0.12713694607493586,0,0.8949448913202996,0.10505510867970036,2,0,-0.37737869581090844,-0.48338402798397867,0.25,0.1275275543398502,1072,Baixo
EMP_RJ_01238,Comércio varejista de combustíveis (postos),4731,Ativa,Baixo,0,5815,,,,0,2,0.14408299820112208,0,0.9406107423102267,0.05938925768977332,2,0,-1.1211024868469457,-0.7720048691070002,0.16666666666666666,0.07969462884488665,1316,Baixo
EMP_RJ_01239,Comércio varejista de combustíveis (postos),4731,Inapta,Crítico,0,5853,,,,4,10,0.08050407819663363,0,0.7692796579133511,0.23072034208664893,6,0,-2.9988402317086993,-0.19870228776701163,0.8333333333333334,0.36536017104332447,335,Médio
EMP_RJ_01240,Comércio atacadista de combustíveis,4681,Ativa,Baixo,0,6001,,N,N,0,2,0.14517553975398279,0,0.943554899414296,0.056445100585703956,0,0,0.26605566148988985,1.9412260346839534,0.16666666666666666,0.07822255029285197,1325,Baixo
EMP_RJ_01241,Comércio varejista de combustíveis (postos),4731,Ativa,Baixo,0,6001,,,,0,2,0.1531956458429226,0,0.9651673060594395,0.034832693940560544,0,0,0.0033474480445566516,1.6378033965287344,0.16666666666666666,0.06741634697028026,1395,Baixo
EMP_RJ_01242,Comércio varejista de combustíveis (postos),4731,Ativa,Médio,0,5869,,,,0,3,0.09788783156414033,0,0.8161250166443975,0.18387498335560248,2,0,0.03303424978184042,1.04023506199353,0.25,0.16693749167780125,915,Baixo
EMP_RJ_01243,Comércio varejista de combustíveis (postos),4731,Inapta,Alto,0,6001,,,,4,8,0.12991275113520712,0,0.9024250701439889,0.09757492985601113,4,0,-0.9483518973960497,2.175531466846407,0.6666666666666666,0.24878746492800555,656,Baixo
EMP_RJ_01244,Comércio varejista de combustíveis (postos),4731,Inapta,Alto,0,5833,,N,N,4,8,0.12954687786177949,0,0.9014391228412703,0.09856087715872974,3,0,-2.1466354678329926,1.1618795020692811,0.6666666666666666,0.24928043857936485,652,Baixo
EMP_RJ_01245,Comércio atacadista de combustíveis,4681,Ativa,Baixo,0,5833,,,,0,2,0.1528771249491938,0,0.96430896291486,0.03569103708513999,2,0,-1.3853427082672538,0.32325283239274666,0.16666666666666666,0.06784551854256998,1390,Baixo
EMP_RJ_01246,Comércio varejista de combustíveis (postos),4731,Inapta,Crítico,0,6001,,,,7,10,0.027998676174112114,0,0.6277892478123704,0.37221075218762956,18,0,1.0001772498121688,2.689513885543329,0.8333333333333334,0.4361053760938148,211,Médio
EMP_RJ_01247,Comércio varejista de combustíveis (postos),4731,Inapta,Crítico,0,6001,,,,4,10,0.06840508415835328,0,0.7366755531480679,0.2633244468519321,1,0,-1.6154927292446195,0.935859321375757,0.8333333333333334,0.38166222342596606,285,Médio
EMP_RJ_01248,Comércio atacadista de combustíveis,4681,Inapta,Alto,0,6001,,,,4,8,0.12991275113520712,0,0.9024250701439889,0.09757492985601113,4,0,-0.9395710289990097,2.160006826559737,0.6666666666666666,0.24878746492800555,656,Baixo
EMP_RJ_01249,Comércio varejista de combustíveis (postos),4731,Inapta,Crítico,0,6001,,,,7,10,-0.009769684645828391,1,0.5260118943323796,0.4739881056676204,-1,1,1.6045062139889115,3.5336724318440447,0.8333333333333334,0.6869940528338102,17,Alto
EMP_RJ_01250,Comércio varejista de combustíveis (postos),4731,Inapta,Crítico,0,5833,,,,4,10,0.08093025493693162,0,0.7704281096809311,0.22957189031906888,6,0,-2.812761960970087,-0.0795859820122755,0.8333333333333334,0.36478594515953444,336,Médio
EMP_RJ_01251,Comércio varejista de combustíveis (postos),4731,Inapta,Crítico,0,5819,,N,N,4,10,0.07104423855826741,0,0.7437874887581121,0.25621251124188793,6,0,-2.855132566002898,-0.03642179507207594,0.8333333333333334,0.37810625562094397,293,Médio
EMP_RJ_01252,Comércio varejista de combustíveis (postos),4731,Ativa,Médio,0,6001,,,,0,4,0.10461716739397892,0,0.8342590837992909,0.16574091620070908,24,0,-0.06763523904876295,-0.6558799364011366,0.3333333333333333,0.18287045810035452,843,Baixo
EMP_RJ_01253,Comércio atacadista de combustíveis,4681,Ativa,Baixo,0,5877,,,,0,2,0.16120485053979156,0,0.986750335871431,0.013249664128568983,2,0,-0.9300834015585829,-0.8239154669654688,0.16666666666666666,0.05662483206428449,1480,Baixo
EMP_RJ_01254,Extração de petróleo e gás natural,0600,Ativa,Baixo,0,6001,,,,0,2,0.127603452408582,0,0.8962020223948124,0.10379797760518761,0,0,2.358531979019673,1.2498387690560728,0.16666666666666666,0.10189898880259379,1202,Baixo
EMP_RJ_01255,Comércio varejista de combustíveis (postos),4731,Ativa,Médio,0,6001,,,,0,4,0.10461716739397892,0,0.8342590837992909,0.16574091620070908,24,0,-0.06562062687939946,-0.6594417826023348,0.3333333333333333,0.18287045810035452,843,Baixo
EMP_RJ_01256,Comércio varejista de combustíveis (postos),4731,Ativa,Baixo,0,5865,Não informado,,,0,0,0.06911589514747896,0,0.7385910310699879,0.2614089689300121,26,0,-0.2200201253858436,-2.203359462220084,0.0,0.13070448446500604,1060,Baixo
EMP_RJ_01257,Comércio atacadista de combustíveis,4681,Ativa,Baixo,0,5847,Não informado,,,0,2,-0.0750560749888759,1,0.3500795561762365,0.6499204438237636,-1,1,-0.6202673226034676,-4.327786879093342,0.16666666666666666,0.5749602219118818,79,Alto
EMP_RJ_01258,Comércio varejista de combustíveis (postos),4731,Ativa,Baixo,0,6001,Não informado,,,0,0,0.06401756288799476,0,0.7248521566982412,0.2751478433017588,-1,1,1.36249515693678,-1.2482839504085324,0.0,0.3375739216508794,381,Médio
EMP_RJ_01259,Comércio varejista de combustíveis (postos),4731,Ativa,Baixo,0,6001,Não informado,,,0,0,0.059649343963895596,0,0.7130807757893483,0.28691922421065175,-1,1,2.5558734403618293,-0.8635158320886404,0.0,0.3434596121053259,371,Médio
EMP_RJ_01260,Comércio atacadista de combustíveis,4681,Inapta,Médio,0,5833,Não informado,,,4,4,0.05788060985167054,0,0.7083144297514498,0.29168557024855024,27,0,-0.31589938320262706,-1.9891584477824724,0.3333333333333333,0.2458427851242751,678,Baixo
EMP_RJ_01261,Comércio atacadista de combustíveis,4681,Ativa,Baixo,0,5833,Não informado,,,0,2,-0.12659454793782277,1,0.21119480541484062,0.7888051945851594,-1,1,0.9536401086048222,-6.1256981121642395,0.16666666666666666,0.6444025972925798,36,Alto
EMP_RJ_01262,Extração de petróleo e gás natural,0600,Ativa,Baixo,0,6001,Não informado,,,0,2,0.12606305694120085,0,0.8920509983477255,0.1079490016522745,0,0,2.3984876345096717,0.9871190644766368,0.16666666666666666,0.10397450082613724,1174,Baixo
EMP_RJ_01263,Comércio varejista de combustíveis (postos),4731,Ativa,Baixo,0,5843,Não informado,,,0,0,0.06085246266107125,0,0.7163229137657516,0.28367708623424837,26,0,-0.5012742886072904,-2.1978117793795877,0.0,0.14183854311712418,1019,Baixo
EMP_RJ_01264,Comércio varejista de combustíveis (postos),4731,Ativa,Baixo,0,6001,Não informado,,,0,0,0.040908539129576316,0,0.6625784644177891,0.3374215355822109,-1,1,0.06778194061051755,0.5810090068120057,0.0,0.36871076779110545,325,Médio
EMP_RJ_01265,Comércio atacadista de combustíveis,4681,Inapta,Alto,0,6001,Não informado,N,N,4,8,0.09962165630851899,0,0.8207972896806107,0.17920271031938928,4,0,-1.1154345175813192,3.1084731447544964,0.6666666666666666,0.28960135515969465,466,Baixo
EMP_RJ_01266,Comércio varejista de combustíveis (postos),4731,Ativa,Médio,0,6001,Não informado,,,2,3,-0.10863337865605394,1,0.2595961719348139,0.7404038280651861,-1,1,4.321381868191692,2.2757338560812213,0.25,0.6452019140325931,35,Alto
EMP_RJ_01267,Comércio varejista de combustíveis (postos),4731,Ativa,Baixo,0,6001,Não informado,,,0,0,0.08346997129670558,0,0.7772720818331765,0.22272791816682347,-1,1,1.3639511133053457,-1.2475131975137632,0.0,0.31136395908341175,424,Médio
EMP_RJ_01268,Comércio varejista de combustíveis (postos),4731,Ativa,Baixo,0,6001,Não informado,,,0,0,0.010584894120529542,0,0.5808629684342286,0.4191370315657714,-1,1,1.5576980168604126,0.898999498738277,0.0,0.4095685157828857,251,Médio
EMP_RJ_01269,Comércio varejista de combustíveis (postos),4731,Ativa,Baixo,0,5819,Não informado,,,0,1,0.0442221396343207,0,0.671507882654145,0.32849211734585504,27,0,0.6179085644261589,-1.8280680870277481,0.08333333333333333,0.18924605867292751,831,Baixo
EMP_RJ_01270,Comércio varejista de combustíveis (postos),4731,Inapta,Alto,0,6001,Não informado,,,4,6,0.01953069435768906,0,0.6049699154431141,0.39503008455688593,-1,1,-0.3652494343869535,1.3026813822019159,0.5,0.5475150422784429,103,Alto
EMP_RJ_01271,Comércio varejista de combustíveis (postos),4731,Ativa,Baixo,0,6001,Não informado,,,0,0,-0.003627877437446081,1,0.5425627021959671,0.45743729780403286,28,0,0.9748999888512123,1.336759636709521,0.0,0.22871864890201643,754,Baixo
EMP_RJ_01272,Comércio varejista de combustíveis (postos),4731,Inapta,Alto,0,6001,Não informado,,,4,6,0.014581776913693556,0,0.5916336808513577,0.4083663191486423,-1,1,-0.9078696634742555,1.1610728616553037,0.5,0.5541831595743212,97,Alto
EMP_RJ_01273,Comércio varejista de combustíveis (postos),4731,Inapta,Alto,0,6001,Não informado,,,4,8,0.11560270302224329,0,0.8638626651708866,0.1361373348291134,4,0,-1.3328786881264056,2.855377133357069,0.6666666666666666,0.2680686674145567,570,Baixo
EMP_RJ_01274,Comércio varejista de combustíveis (postos),4731,Ativa,Médio,0,6001,Não informado,,,3,4,-0.05243125242424351,1,0.41104843365971233,0.5889515663402877,-1,1,5.132145181150311,1.7416086914364695,0.3333333333333333,0.5944757831701438,70,Alto
EMP_RJ_01275,Comércio varejista de combustíveis (postos),4731,Ativa,Baixo,0,6001,Não informado,,,0,0,0.048453427459891896,0,0.6829102646307377,0.3170897353692623,28,0,0.4440031154131331,0.5083584819039115,0.0,0.15854486768463116,963,Baixo
EMP_RJ_01276,Comércio atacadista de combustíveis,4681,Inapta,Médio,0,6001,Não informado,,,4,4,0.05816747094756547,0,0.7090874567646088,0.2909125432353912,-1,1,0.8865662151501087,-0.9806305943430152,0.3333333333333333,0.4454562716176956,198,Médio
EMP_RJ_01277,Comércio varejista de combustíveis (postos),4731,Ativa,Baixo,0,6001,Não informado,,,0,0,0.016566315585821945,0,0.5969815723018462,0.40301842769815377,28,0,0.7832243879410155,1.044608961736319,0.0,0.20150921384907688,793,Baixo
EMP_RJ_01278,Comércio varejista de combustíveis (postos),4731,Ativa,Baixo,0,6001,Não informado,,,0,0,0.04542144220308053,0,0.6747397370110776,0.3252602629889224,-1,1,0.270356024302303,0.8604493991920066,0.0,0.3626301314944612,340,Médio
EMP_RJ_01279,Comércio varejista de combustíveis (postos),4731,Ativa,Baixo,0,6001,Não informado,,,0,1,-0.05894686140042138,1,0.39349031296002507,0.6065096870399749,-1,1,1.9675778742178793,0.9199284992469681,0.08333333333333333,0.5282548435199874,121,Alto
EMP_RJ_01280,Comércio varejista de combustíveis (postos),4731,Ativa,Baixo,0,6001,Não informado,,,0,2,0.14107940808627478,0,0.9325167332986833,0.06748326670131666,0,0,-0.30724997064361775,2.1869415082335766,0.16666666666666666,0.08374163335065832,1290,Baixo
EMP_RJ_01281,Comércio varejista de combustíveis (postos),4731,Ativa,Médio,0,6001,Não informado,,,3,4,-0.0357170242050584,1,0.45608957065052125,0.5439104293494788,-1,1,4.124882309635067,1.4601183272192688,0.3333333333333333,0.5719552146747393,84,Alto
EMP_RJ_01282,Comércio varejista de combustíveis (postos),4731,Ativa,Baixo,0,6001,Não informado,,,0,0,-0.0007226206087279641,1,0.5503917248166811,0.4496082751833189,-1,1,2.3485976783239324,1.6653941242577117,0.0,0.42480413759165947,230,Médio
EMP_RJ_01283,Comércio varejista de combustíveis (postos),4731,Ativa,Baixo,0,6001,Não informado,,,0,2,0.1262372535423889,0,0.8925204195423242,0.1074795804576758,0,0,-0.24098870097099817,2.200093976598179,0.16666666666666666,0.10373979022883789,1175,Baixo
EMP_RJ_01284,Comércio varejista de combustíveis (postos),4731,Ativa,Baixo,0,6001,Não informado,,,0,0,0.001409747839120401,0,0.5561379847166251,0.4438620152833749,28,0,0.6825199459039943,0.7039387125993278,0.0,0.22193100764168744,763,Baixo
EMP_RJ_01285,Comércio varejista de combustíveis (postos),4731,Ativa,Baixo,0,6001,Não informado,,,0,0,0.0268817489792349,0,0.6247793768130334,0.3752206231869666,28,0,1.0251264323445237,1.2621000067860975,0.0,0.1876103115934833,833,Baixo
EMP_RJ_01286,Comércio varejista de combustíveis (postos),4731,Ativa,Baixo,0,6001,Não informado,,,0,2,-0.06028038461920893,1,0.38989676372818605,0.610103236271814,-1,1,-0.14923231395836004,-1.61268878552509,0.16666666666666666,0.555051618135907,96,Alto
EMP_RJ_01287,Extração de petróleo e gás natural,0600,Ativa,Baixo,0,6001,Não informado,S,N,0,2,0.023339892192416,0,0.6152348585352572,0.38476514146474283,-1,1,1.781174836082957,-0.7588519300415356,0.16666666666666666,0.4423825707323714,204,Médio
EMP_RJ_01288,Comércio varejista de combustíveis (postos),4731,Ativa,Baixo,0,5851,Não informado,S,N,0,0,0.037237363162455406,0,0.6526854596386238,0.3473145403613762,26,0,-0.7731072648501448,-2.4751310976179894,0.0,0.1736572701806881,884,Baixo
EMP_RJ_01289,Comércio varejista de combustíveis (postos),4731,Ativa,Baixo,0,6001,Não informado,,,0,0,0.021423913150130813,0,0.610071720077208,0.389928279922792,28,0,1.2612018919041565,1.4826696687023122,0.0,0.194964139961396,815,Baixo
EMP_RJ_01290,Comércio varejista de combustíveis (postos),4731,Ativa,Baixo,0,6001,Não informado,,,0,0,0.03876589709614087,0,0.656804519483888,0.34319548051611204,-1,1,0.14279976861739618,0.4483053595712432,0.0,0.37159774025805603,320,Médio
EMP_RJ_01291,Comércio varejista de combustíveis (postos),4731,Ativa,Baixo,0,6001,Não informado,,,0,0,0.041922899471662445,0,0.6653119405033617,0.33468805949663827,28,0,0.45558823212038546,0.35573025969994454,0.0,0.16734402974831913,913,Baixo
EMP_RJ_01292,Comércio varejista de combustíveis (postos),4731,Ativa,Baixo,0,1116,Não informado,,,0,0,0.023648343296963303,0,0.6160660658319803,0.3839339341680197,-1,1,-1.44597275517708,-0.906670343619243,0.0,0.39196696708400985,273,Médio
EMP_RJ_01293,Comércio varejista de combustíveis (postos),4731,Ativa,Baixo,0,6001,Não informado,,,3,2,-0.030641890609135025,1,0.46976592977060666,0.5302340702293933,-1,1,2.35063489772696,1.518143926803096,0.16666666666666666,0.5151170351146966,141,Alto
EMP_RJ_01294,Comércio varejista de combustíveis (postos),4731,Ativa,Baixo,0,6001,Não informado,,,0,1,-0.0064318756011303435,1,0.535006549213234,0.464993450786766,28,0,1.5552201483048596,1.592773054988167,0.08333333333333333,0.25749672539338303,613,Baixo
EMP_RJ_01295,Comércio varejista de combustíveis (postos),4731,Ativa,Baixo,0,5821,Não informado,S,N,0,2,-0.0021916889319387733,1,0.5464329115991706,0.4535670884008294,-1,1,-0.8880639503129578,-3.5342942471848815,0.16666666666666666,0.4767835442004147,170,Médio
EMP_RJ_01296,Comércio varejista de combustíveis (postos),4731,Ativa,Baixo,0,5847,Não informado,,,0,2,0.02017943132178951,0,0.6067181176387446,0.3932818823612554,-1,1,-0.44043286029856327,-3.3356453261254257,0.16666666666666666,0.4466409411806277,196,Médio
EMP_RJ_01297,Comércio atacadista de combustíveis,4681,Ativa,Baixo,0,5847,Não informado,,,0,0,0.050384622993937866,0,0.6881144081582959,0.31188559184170406,27,0,1.2758704269332342,-1.4913506059325379,0.0,0.15594279592085203,970,Baixo
EMP_RJ_01298,Comércio varejista de combustíveis (postos),4731,Ativa,Baixo,0,5837,Não informado,,,0,0,0.09534010392114872,0,0.8092594558611876,0.19074054413881236,27,0,-0.016989082809073394,-2.388954054654735,0.0,0.09537027206940618,1224,Baixo
EMP_RJ_01299,Comércio varejista de combustíveis (postos),4731,Ativa,Baixo,0,5847,Não informado,,,0,0,0.05716446997131369,0,0.7063845916498789,0.2936154083501211,27,0,0.10185980288759741,-2.391642241697527,0.0,0.14680770417506056,998,Baixo
EMP_RJ_01300,Comércio varejista de combustíveis (postos),4731,Ativa,Baixo,0,5819,Não informado,,,0,0,0.02571682255183927,0,0.6216401585307132,0.3783598414692868,-1,1,1.0674983383536625,-1.729490508731115,0.0,0.3891799207346434,275,Médio
EMP_RJ_01301,Comércio varejista de combustíveis (postos),4731,Ativa,Baixo,0,6001,Não informado,,,0,2,-0.0021348068739324155,1,0.5465861961261848,0.45341380387381525,-1,1,0.8944761419394549,-2.202107671345293,0.16666666666666666,0.4767069019369076,171,Médio
EMP_RJ_01302,Comércio varejista de combustíveis (postos),4731,Ativa,Baixo,0,5819,Não informado,,,0,0,0.05805151471771197,0,0.7087749804501013,0.29122501954989866,26,0,0.008200865266944343,-1.84037023684004,0.0,0.14561250977494933,1001,Baixo
EMP_RJ_01303,Comércio atacadista de combustíveis,4681,Ativa,Baixo,0,5893,Não informado,,,0,0,0.03353470333749414,0,0.6427076128472883,0.3572923871527117,27,0,-0.5074753090395105,-2.5549412854579447,0.0,0.17864619357635586,872,Baixo
EMP_RJ_01304,Comércio varejista de combustíveis (postos),4731,Ativa,Baixo,0,5897,Não informado,,,0,0,0.07451117045170708,0,0.7531301010703564,0.24686989892964362,26,0,-0.19833875699245657,-2.188808982681917,0.0,0.12343494946482181,1091,Baixo
EMP_RJ_01305,Comércio varejista de combustíveis (postos),4731,Ativa,Baixo,0,5833,Não informado,,,0,0,0.0853454590354446,0,0.7823261052111847,0.21767389478881527,27,0,0.36942266160953074,-1.9858305643742173,0.0,0.10883694739440763,1144,Baixo
EMP_RJ_01306,Comércio varejista de combustíveis (postos),4731,Ativa,Baixo,0,5885,Não informado,,,0,1,0.001960438580215995,0,0.5576219740928613,0.4423780259071387,-1,1,1.039403342901572,-2.080441014957419,0.08333333333333333,0.4461890129535694,197,Médio
EMP_RJ_01307,Comércio varejista de combustíveis (postos),4731,Ativa,Baixo,0,2921,Não informado,,,0,0,0.05835729679443796,0,0.7095989953089711,0.2904010046910289,27,0,-0.11416868586613044,-2.329249474101183,0.0,0.14520050234551446,1003,Baixo
EMP_RJ_01308,Comércio varejista de combustíveis (postos),4731,Ativa,Baixo,0,6001,Não informado,,,0,2,-0.002938015727652621,1,0.5444217264576949,0.45557827354230507,-1,1,0.902308654179026,-2.216313975313142,0.16666666666666666,0.47778913677115253,169,Médio
EMP_RJ_01309,Comércio varejista de combustíveis (postos),4731,Inapta,Alto,0,5897,Não informado,,,4,6,0.0028313963410834253,0,0.5599690120359839,0.4400309879640161,-1,1,-1.2095471141695322,-2.8907168869613393,0.5,0.5700154939820081,85,Alto
EMP_RJ_01310,Comércio varejista de combustíveis (postos),4731,Ativa,Baixo,0,5833,Não informado,,,0,0,0.09188655475427882,0,0.7999529070280843,0.2000470929719157,27,0,0.1768499959709565,-2.280696868710733,0.0,0.10002354648595785,1210,Baixo
EMP_RJ_01311,Comércio atacadista de combustíveis,4681,Ativa,Baixo,0,5839,Não informado,N,N,0,0,0.06024338308333527,0,0.7146815794283623,0.2853184205716377,26,0,-0.3336560546454627,-2.3167647672475837,0.0,0.14265921028581885,1013,Baixo
EMP_RJ_01312,Comércio varejista de combustíveis (postos),4731,Ativa,Baixo,0,5851,Não informado,,,0,2,-0.009999116589516355,1,0.5253936261437321,0.4746063738562679,-1,1,-0.9182267468631592,-3.5374949883737346,0.16666666666666666,0.48730318692813396,159,Médio
EMP_RJ_01313,Comércio atacadista de combustíveis,4681,Ativa,Baixo,0,6001,Não informado,,,0,0,-0.03892155165483968,1,0.4474540800993791,0.5525459199006209,-1,1,2.6182005997078326,-4.001938319014545,0.0,0.47627295995031044,172,Médio
EMP_RJ_01314,Comércio atacadista de combustíveis,4681,Ativa,Baixo,0,5925,Não informado,,,0,0,-0.13518765976623137,1,0.18803827542343893,0.8119617245765611,-1,1,1.879626393392925,-7.7462740759224005,0.0,0.6059808622882805,56,Alto
EMP_RJ_01315,Comércio varejista de combustíveis (postos),4731,Ativa,Baixo,0,5869,Não informado,,,3,2,0.002652937726289384,0,0.559488105660247,0.440511894339753,-1,1,3.285065462952649,-1.414348066216564,0.16666666666666666,0.4702559471698765,182,Médio
EMP_RJ_01316,Comércio varejista de combustíveis (postos),4731,Ativa,Alto,0,6001,Não informado,,,3,6,0.0635975373008294,0,0.7237202809237172,0.2762797190762828,20,0,4.462643715213133,1.1682693207653876,0.5,0.28813985953814136,468,Baixo
EMP_RJ_01317,Comércio varejista de combustíveis (postos),4731,Ativa,Baixo,0,5865,Não informado,,,2,2,-0.2049664189039212,1,0.0,1.0,-1,1,1.8057630111914182,-31.960284849715897,0.16666666666666666,0.75,1,Crítico
EMP_RJ_01318,Comércio varejista de combustíveis (postos),4731,Ativa,Baixo,0,5887,Não informado,,,0,1,0.009821147640478367,0,0.5788048411080295,0.42119515889197046,-1,1,0.12505694566535552,-1.8922868020383563,0.08333333333333333,0.4355975794459852,212,Médio
EMP_RJ_01319,Comércio varejista de combustíveis (postos),4731,Ativa,Baixo,0,6001,Não informado,,,0,0,0.05447719170549126,0,0.6991429728975155,0.3008570271024845,-1,1,1.2637152612606468,-0.8962686720716612,0.0,0.35042851355124227,367,Médio
EMP_RJ_01320,Extração de petróleo e gás natural,0600,Ativa,Alto,0,6001,Não informado,,,5,8,-0.03881883872043357,1,0.4477308686706877,0.5522691313293123,22,0,8.092270172226096,3.054078903896369,0.6666666666666666,0.4761345656646562,173,Médio
EMP_RJ_01321,Extração de petróleo e gás natural,0600,Ativa,Médio,0,6001,Não informado,,,0,4,0.10373010807758504,0,0.8318686557361628,0.16813134426383725,24,0,-0.043987815119176224,-0.6976887118095276,0.3333333333333333,0.1840656721319186,840,Baixo
EMP_RJ_01322,Comércio atacadista de combustíveis,4681,Ativa,Baixo,0,6001,Não informado,,,0,0,-0.10312329982092217,1,0.2744446119817469,0.725555388018253,-1,1,2.8643617522485534,-3.8355538140338616,0.0,0.5627776940091265,94,Alto
EMP_RJ_01323,Comércio varejista de combustíveis (postos),4731,Ativa,Baixo,0,5869,Não informado,,,0,0,0.054538671635696145,0,0.6993086476700644,0.3006913523299356,27,0,0.7533083205778683,-1.4799293194084877,0.0,0.1503456761649678,989,Baixo
EMP_RJ_01324,Comércio varejista de combustíveis (postos),4731,Ativa,Baixo,0,6001,Não informado,,,0,0,0.06239180179220294,0,0.720471091220995,0.27952890877900505,-1,1,1.7823334979558623,-0.7151518117459392,0.0,0.33976445438950253,378,Médio
EMP_RJ_01325,Comércio varejista de combustíveis (postos),4731,Ativa,Médio,0,5877,Não informado,,,3,4,-0.006206152099529683,1,0.535614823973176,0.46438517602682405,-1,1,4.083641843966877,-1.4780434951061174,0.3333333333333333,0.532192588013412,115,Alto
EMP_RJ_01326,Comércio varejista de combustíveis (postos),4731,Ativa,Baixo,0,5869,Não informado,,,3,2,0.0045031213258225344,0,0.5644739399968314,0.4355260600031686,-1,1,3.2893508093274586,-1.4207921714746425,0.16666666666666666,0.4677630300015843,184,Médio
EMP_RJ_01327,Comércio varejista de combustíveis (postos),4731,Inapta,Médio,0,5823,Não informado,,,4,4,0.029431317357819897,0,0.6316498979702994,0.36835010202970064,-1,1,-1.0777439965949989,-2.296115300648504,0.3333333333333333,0.4841750510148503,164,Médio
EMP_RJ_01328,Comércio atacadista de combustíveis,4681,Ativa,Baixo,0,6001,Não informado,,,0,1,0.040270957287019016,0,0.660860322799948,0.339139677200052,-1,1,1.566169889911444,-0.8017229886087364,0.08333333333333333,0.39456983860002603,268,Médio
EMP_RJ_01329,Comércio atacadista de combustíveis,4681,Ativa,Baixo,0,5833,Não informado,,,0,0,-0.00590295107874228,1,0.5364318834588998,0.4635681165411002,27,0,0.4054498111607378,-2.3464873253758625,0.0,0.2317840582705501,747,Baixo
EMP_RJ_01330,Comércio atacadista de combustíveis,4681,Ativa,Baixo,0,5833,Não informado,,,0,1,-0.008060433684217161,1,0.5306179464757407,0.4693820535242593,27,0,0.686381240562699,-1.9649424787775949,0.08333333333333333,0.2596910267621297,607,Baixo
EMP_RJ_01331,Comércio varejista de combustíveis (postos),4731,Ativa,Médio,0,5839,Não informado,,,3,4,0.00316452702920611,0,0.5608667253352647,0.4391332746647353,-1,1,2.8362331482129695,-1.895940208412053,0.3333333333333333,0.5195666373323676,136,Alto
EMP_RJ_01332,Comércio atacadista de combustíveis,4681,Ativa,Baixo,0,6009,Não informado,S,N,0,2,0.006384130958684842,0,0.5695428436544668,0.43045715634553317,-1,1,-0.7490829567493351,-2.9321861169953976,0.16666666666666666,0.4652285781727666,187,Médio
EMP_RJ_01333,Comércio varejista de combustíveis (postos),4731,Ativa,Baixo,0,6001,Não informado,,,0,1,-0.04460758140274357,1,0.43213149137732326,0.5678685086226767,-1,1,2.487736079688096,-0.08296989501967096,0.08333333333333333,0.5089342543113384,146,Alto
EMP_RJ_01334,Comércio varejista de combustíveis (postos),4731,Ativa,Baixo,0,6001,Não informado,,,0,0,0.0650650655655588,0,0.727674944025283,0.272325055974717,-1,1,1.3882683345310511,-1.2938510728614872,0.0,0.3361625279873585,383,Médio
EMP_RJ_01335,Comércio varejista de combustíveis (postos),4731,Ativa,Médio,0,5833,Não informado,,,3,4,-0.0013166063853834453,1,0.5487910649246364,0.45120893507536364,-1,1,3.0327689792488948,-1.7689111358568745,0.3333333333333333,0.5256044675376819,125,Alto
EMP_RJ_01336,Comércio varejista de combustíveis (postos),4731,Ativa,Baixo,0,5883,Não informado,,,0,0,0.09047197377237332,0,0.7961409251073477,0.20385907489265231,27,0,0.04781242402368225,-2.4258526652095096,0.0,0.10192953744632616,1200,Baixo
EMP_RJ_01337,Comércio atacadista de combustíveis,4681,Ativa,Baixo,0,6001,Não informado,,,0,0,0.048216836651908124,0,0.6822727048910106,0.31772729510898945,-1,1,2.582150325372434,-0.9145031897151453,0.0,0.35886364755449474,359,Médio
EMP_RJ_01338,Comércio varejista de combustíveis (postos),4731,Ativa,Baixo,0,5869,Não informado,,,0,1,0.01549454532938721,0,0.5940933892335223,0.4059066107664777,-1,1,1.7632970750161738,-1.0767897186359925,0.08333333333333333,0.42795330538323884,223,Médio
EMP_RJ_01339,Comércio varejista de combustíveis (postos),4731,Ativa,Baixo,0,5879,Não informado,,,3,2,-0.03612161887320087,1,0.45499927777940685,0.5450007222205931,-1,1,2.4977312716998696,-1.6862909176025203,0.16666666666666666,0.5225003611102965,132,Alto
EMP_RJ_01340,Comércio varejista de combustíveis (postos),4731,Ativa,Baixo,0,6001,Não informado,,,0,0,0.08067573249641491,0,0.7697422281696693,0.2302577718303307,-1,1,1.3903845700581094,-1.2958006904462722,0.0,0.31512888591516536,416,Médio
EMP_RJ_01341,Comércio varejista de combustíveis (postos),4731,Ativa,Baixo,0,770,Não informado,,,0,1,0.002233405091060514,0,0.5583575582818302,0.4416424417181698,26,0,0.006232579405942524,-2.178487120301186,0.08333333333333333,0.2458212208590849,679,Baixo
EMP_RJ_01342,Extração de petróleo e gás natural,0600,Ativa,Médio,0,6001,Não informado,,,3,4,0.06724341393656325,0,0.7335451096174638,0.2664548903825362,25,0,4.169195306065476,1.424429657847322,0.3333333333333333,0.2332274451912681,739,Baixo
EMP_RJ_01343,Comércio varejista de combustíveis (postos),4731,Inapta,Médio,0,1116,Não informado,,,4,4,0.0392101445165981,0,0.6580016677255076,0.3419983322744924,-1,1,-0.9825094349109734,-2.302137911218516,0.3333333333333333,0.4709991661372462,181,Médio
EMP_RJ_01344,Comércio varejista de combustíveis (postos),4731,Ativa,Baixo,0,1116,Não informado,,,0,1,-0.008090433262460284,1,0.5305371042677969,0.4694628957322031,-1,1,1.1190360950973857,-2.060933115739263,0.08333333333333333,0.4597314478661016,191,Médio
EMP_RJ_01345,Extração de petróleo e gás natural,0600,Ativa,Médio,0,6001,Não informado,,,3,4,0.06724341393656325,0,0.7335451096174638,0.2664548903825362,25,0,4.1707653522535555,1.4216538150195865,0.3333333333333333,0.2332274451912681,739,Baixo
EMP_RJ_01346,Comércio varejista de combustíveis (postos),4731,Ativa,Médio,0,5897,Não informado,,,3,4,-0.01794004246244041,1,0.5039945926145807,0.4960054073854193,-1,1,4.0471838936652125,-1.4435675135599944,0.3333333333333333,0.5480027036927096,102,Alto
EMP_RJ_01347,Comércio varejista de combustíveis (postos),4731,Ativa,Baixo,0,5819,Não informado,S,N,0,0,0.07640962565636761,0,0.7582460166736793,0.2417539833263207,27,0,0.21481168181223403,-2.2492069025681274,0.0,0.12087699166316035,1100,Baixo
EMP_RJ_01348,Comércio varejista de combustíveis (postos),4731,Ativa,Médio,0,5879,Não informado,,,3,4,-0.05307924253962637,1,0.40930224405568694,0.5906977559443131,-1,1,3.074151795858551,-1.4062032454021738,0.3333333333333333,0.5953488779721565,68,Alto
EMP_RJ_01349,Comércio varejista de combustíveis (postos),4731,Ativa,Baixo,0,5847,Não informado,,,0,0,0.03678038544750184,0,0.6514540060775587,0.34854599392244134,27,0,1.3043349024705388,-1.548283922736868,0.0,0.17427299696122067,881,Baixo
EMP_RJ_01350,Comércio varejista de combustíveis (postos),4731,Ativa,Baixo,0,5833,Não informado,,,0,1,0.0020446700641247872,0,0.5578489592551986,0.4421510407448014,29,0,1.9026222347064388,-3.9838911394653906,0.08333333333333333,0.24607552037240069,671,Baixo
EMP_RJ_01351,Comércio varejista de combustíveis (postos),4731,Ativa,Baixo,0,5897,Não informado,S,N,0,0,0.0395566762844653,0,0.6589354939616636,0.3410645060383364,29,0,1.4877943580948982,-4.116610687807746,0.0,0.1705322530191682,901,Baixo
EMP_RJ_01352,Comércio varejista de combustíveis (postos),4731,Ativa,Médio,0,6001,Não informado,,,3,4,-0.10947664548990088,1,0.25732375489676546,0.7426762451032345,-1,1,6.500733942800583,-1.7779180015186271,0.3333333333333333,0.6713381225516173,23,Alto
EMP_RJ_01353,Comércio varejista de combustíveis (postos),4731,Ativa,Médio,0,5833,Não informado,,,3,4,-0.09384421865704695,1,0.29944967714959075,0.7005503228504093,-1,1,5.299445812984154,-2.780751243403172,0.3333333333333333,0.6502751614252047,30,Alto
EMP_RJ_01354,Comércio varejista de combustíveis (postos),4731,Ativa,Médio,0,5901,Não informado,,,3,4,-0.09257805137748865,1,0.30286171706815573,0.6971382829318442,-1,1,5.1152823529056075,-2.927302437768369,0.3333333333333333,0.648569141465922,32,Alto
EMP_RJ_01355,Comércio atacadista de combustíveis,4681,Inapta,Alto,0,5901,Não informado,S,N,4,6,-0.02919431388592375,1,0.4736668278940405,0.5263331721059594,-1,1,0.4432514497171664,-4.2237604149883685,0.5,0.6131665860529798,50,Alto
EMP_RJ_01356,Comércio varejista de combustíveis (postos),4731,Ativa,Baixo,0,5915,Não informado,,,0,0,0.02775913255525375,0,0.6271437309024188,0.3728562690975812,29,0,1.463505563899631,-4.257653710435614,0.0,0.1864281345487906,836,Baixo
EMP_RJ_01357,Comércio varejista de combustíveis (postos),4731,Ativa,Baixo,0,782,Não informado,,,0,1,-0.052893823803323525,1,0.40980190641478365,0.5901980935852164,-1,1,2.731566557458514,-3.1461259186422246,0.08333333333333333,0.5200990467926082,135,Alto
EMP_RJ_01358,Comércio atacadista de combustíveis,4681,Ativa,Baixo,0,5897,Não informado,N,N,0,0,0.012910612477037287,0,0.5871302634432357,0.4128697365567643,30,0,1.2411335398417107,-4.0115515902222825,0.0,0.20643486827838214,789,Baixo
EMP_RJ_01359,Comércio varejista de combustíveis (postos),4731,Ativa,Médio,0,6001,Não informado,,,3,4,-0.0860235898760423,1,0.3205245367039894,0.6794754632960106,-1,1,6.78375263209751,-2.20514387666998,0.3333333333333333,0.6397377316480053,38,Alto
EMP_RJ_01360,Extração de petróleo e gás natural,0600,Ativa,Alto,0,6001,Não informado,,,5,8,-0.059279185513632426,1,0.3925947732011921,0.6074052267988079,-1,1,8.423850625367173,0.6585633684102012,0.6666666666666666,0.703702613399404,6,Crítico
EMP_RJ_01361,Comércio varejista de combustíveis (postos),4731,Ativa,Baixo,0,6001,Não informado,,,3,2,-0.040409129078343264,1,0.4434453889628328,0.5565546110371672,-1,1,5.7802765002648195,-1.9511641383798017,0.16666666666666666,0.5282773055185837,120,Alto
EMP_RJ_01362,Comércio atacadista de combustíveis,4681,Ativa,Baixo,0,6001,Não informado,,,0,0,0.03128432819910976,0,0.6366433510961931,0.3633566489038069,-1,1,2.8112390973469767,-3.0833572212617733,0.0,0.3816783244519035,284,Médio
EMP_RJ_01363,Comércio varejista de combustíveis (postos),4731,Ativa,Baixo,0,6001,Não informado,,,0,0,0.012118553299634294,0,0.5849958396788595,0.4150041603211405,-1,1,2.8114804166128713,-3.087367681868063,0.0,0.40750208016057027,253,Médio
EMP_RJ_01364,Comércio varejista de combustíveis (postos),4731,Ativa,Médio,0,5897,Não informado,,,3,4,-0.060526163261174104,1,0.3892344448142046,0.6107655551857953,-1,1,5.467780951204512,-3.2330269413532258,0.3333333333333333,0.6053827775928977,57,Alto
EMP_RJ_01365,Comércio atacadista de combustíveis,4681,Ativa,Baixo,0,5925,Não informado,S,N,0,2,-0.006398601274976601,1,0.5350962161402923,0.46490378385970765,-1,1,0.9541119996066614,-4.493050841574326,0.16666666666666666,0.4824518919298538,165,Médio
EMP_RJ_01366,Comércio varejista de combustíveis (postos),4731,Suspensa,Baixo,0,5867,Não informado,,,2,2,-0.018983004296885597,1,0.5011840418523559,0.4988159581476441,-1,1,1.2647254265486485,-4.347822992183403,0.16666666666666666,0.49940797907382206,152,Médio
EMP_RJ_01367,Extração de petróleo e gás natural,0600,Ativa,Baixo,0,6001,Não informado,,,0,0,-0.09638213031665088,1,0.2926105682639299,0.70738943173607,-1,1,4.024351337390137,-2.9902523913361367,0.0,0.553694715868035,98,Alto
EMP_RJ_01368,Comércio varejista de combustíveis (postos),4731,Ativa,Baixo,0,5833,Não informado,,,0,0,-0.027008289089284543,1,0.47955767975028807,0.5204423202497119,-1,1,2.4807538171374786,-2.971481203476796,0.0,0.460221160124856,190,Médio
EMP_RJ_01369,Comércio varejista de combustíveis (postos),4731,Ativa,Médio,0,6003,Não informado,,,2,3,-0.14127038087013621,1,0.17164669150313636,0.8283533084968636,-1,1,7.873360994362156,0.16296660939107357,0.25,0.6891766542484319,16,Alto
EMP_RJ_01370,Extração de petróleo e gás natural,0600,Ativa,Baixo,0,6001,Não informado,,,0,2,0.03278056272446306,0,0.640675371201642,0.359324628798358,-1,1,2.7302072669680477,-0.41761167222089307,0.16666666666666666,0.429662314399179,221,Médio
EMP_RJ_01371,Comércio atacadista de combustíveis,4681,Ativa,Baixo,0,6009,Não informado,S,N,0,2,-0.03641637440503187,1,0.45420497701278456,0.5457950229872155,-1,1,0.679756181233121,-4.735651386442946,0.16666666666666666,0.5228975114936077,129,Alto
EMP_RJ_01372,Comércio varejista de combustíveis (postos),4731,Ativa,Baixo,0,5901,Não informado,,,0,0,0.03720613100155867,0,0.6526012958938776,0.3473987041061224,29,0,1.4300580510566214,-4.243875810520201,0.0,0.1736993520530612,883,Baixo
EMP_RJ_01373,Comércio varejista de combustíveis (postos),4731,Ativa,Médio,0,5897,Não informado,,,3,4,-0.06456511021182298,1,0.37835037882460815,0.6216496211753919,-1,1,5.0745009579404465,-2.9680996297694913,0.3333333333333333,0.6108248105876959,53,Alto
EMP_RJ_01374,Comércio varejista de combustíveis (postos),4731,Ativa,Baixo,0,5923,Não informado,,,0,0,0.018113435722809768,0,0.6011507178416517,0.39884928215834825,29,0,0.9745414755537024,-4.403006453627792,0.0,0.19942464107917413,802,Baixo
EMP_RJ_01375,Comércio atacadista de combustíveis,4681,Ativa,Baixo,0,5807,Não informado,S,N,0,2,-0.008430498657475582,1,0.5296207034719088,0.4703792965280912,-1,1,0.8653653317212323,-4.4792464744100355,0.16666666666666666,0.4851896482640456,162,Médio
EMP_RJ_01376,Comércio varejista de combustíveis (postos),4731,Ativa,Médio,0,5811,Não informado,,,3,4,-0.05630339410940344,1,0.40061387085477695,0.599386129145223,-1,1,3.882641416795643,-3.9028915964367097,0.3333333333333333,0.5996930645726115,63,Alto
EMP_RJ_01377,Comércio varejista de combustíveis (postos),4731,Ativa,Baixo,0,5811,Não informado,,,0,1,-0.046088942277093925,1,0.42813955246160035,0.5718604475383997,-1,1,2.528482427113865,-3.9498794096356216,0.08333333333333333,0.5109302237691999,143,Alto
EMP_RJ_01378,Comércio varejista de combustíveis (postos),4731,Ativa,Baixo,0,5807,Não informado,,,0,0,0.008136188861976756,0,0.5742642510089159,0.42573574899108413,-1,1,1.4503328712954495,-3.5520796619953576,0.0,0.4128678744955421,244,Médio
EMP_RJ_01379,Comércio atacadista de combustíveis,4681,Ativa,Baixo,0,6001,Não informado,S,N,0,2,-0.03331016385604235,1,0.46257552532794655,0.5374244746720535,-1,1,2.3169265545776248,-3.359824033928718,0.16666666666666666,0.5187122373360267,137,Alto
EMP_RJ_01380,Extração de petróleo e gás natural,0600,Ativa,Médio,0,6001,Não informado,,,0,3,0.016316113554804224,0,0.5963073333356992,0.4036926666643008,31,0,4.0844508578475525,-0.7724625774824051,0.25,0.2768463333321504,534,Baixo
EMP_RJ_01381,Extração de petróleo e gás natural,0600,Ativa,Médio,0,6001,Não informado,,,0,3,0.016316113554804224,0,0.5963073333356992,0.4036926666643008,31,0,4.084478643221383,-0.7725117026932465,0.25,0.2768463333321504,534,Baixo
EMP_RJ_01382,Comércio varejista de combustíveis (postos),4731,Ativa,Médio,0,6001,Não informado,,,3,4,-0.09223656953517745,1,0.30378193487526683,0.6962180651247332,-1,1,6.79374320698537,-2.230960673482406,0.3333333333333333,0.6481090325623666,33,Alto
EMP_RJ_01383,Comércio varejista de combustíveis (postos),4731,Ativa,Baixo,0,5905,Não informado,,,0,0,-0.003966140475544555,1,0.5416511583521161,0.4583488416478839,30,0,0.7552584646294082,-4.346644876513189,0.0,0.22917442082394196,752,Baixo
EMP_RJ_01384,Comércio varejista de combustíveis (postos),4731,Ativa,Baixo,0,5915,Não informado,,,0,1,0.004286283826287596,0,0.5638896110410925,0.4361103889589075,29,0,2.037869893392366,-3.8761458115833305,0.08333333333333333,0.24305519447945376,695,Baixo
EMP_RJ_01385,Comércio varejista de combustíveis (postos),4731,Ativa,Médio,0,5833,Não informado,,,3,4,-0.040263628292683706,1,0.44383748130076317,0.5561625186992368,-1,1,4.463817227017525,-3.576282127981511,0.3333333333333333,0.5780812593496184,77,Alto
EMP_RJ_01386,Comércio atacadista de combustíveis,4681,Ativa,Baixo,0,5833,Não informado,,,0,0,0.04747466578547871,0,0.6802727190569614,0.3197272809430386,29,0,1.6183325144461982,-4.106515719582299,0.0,0.1598636404715193,958,Baixo
EMP_RJ_01387,Comércio varejista de combustíveis (postos),4731,Ativa,Médio,0,5897,Não informado,,,3,4,-0.06400879310350394,1,0.3798495300122991,0.620150469987701,-1,1,5.078030045550229,-2.974339068376742,0.3333333333333333,0.6100752349938505,54,Alto
EMP_RJ_01388,Comércio varejista de combustíveis (postos),4731,Ativa,Médio,0,6001,Não informado,,,3,4,-0.06317261693061094,1,0.38210283929214334,0.6178971607078567,-1,1,6.792622292991725,-2.2084880778955958,0.3333333333333333,0.6089485803539283,55,Alto
EMP_RJ_01389,Comércio varejista de combustíveis (postos),4731,Ativa,Baixo,0,786,Não informado,,,0,0,0.0031566513061321855,0,0.5608455020088136,0.43915449799118644,29,0,1.4648889780101944,-4.171575520858439,0.0,0.21957724899559322,769,Baixo
EMP_RJ_01390,Comércio varejista de combustíveis (postos),4731,Ativa,Baixo,0,2925,Não informado,,,0,0,0.0006036228316845804,0,0.553965656660822,0.446034343339178,29,0,1.1824632157796466,-4.486379048343403,0.0,0.223017171669589,762,Baixo
EMP_RJ_01391,Comércio varejista de combustíveis (postos),4731,Ativa,Baixo,0,5877,Não informado,,,0,0,-0.01242120508004807,1,0.5188666350032929,0.4811333649967071,-1,1,1.8339630911702514,-3.2511148814965565,0.0,0.44056668249835357,206,Médio
EMP_RJ_01392,Comércio varejista de combustíveis (postos),4731,Ativa,Baixo,0,5847,Não informado,,,0,0,0.022199119448299165,0,0.6121607290708665,0.3878392709291335,30,0,1.172548468398892,-4.144425036742932,0.0,0.19391963546456675,821,Baixo
EMP_RJ_01393,Fabricação de produtos do refino de petróleo,1921,Ativa,Baixo,0,5869,Não informado,,,0,0,0.04635770797370137,0,0.677262765551871,0.32273723444812896,29,0,1.7319482982725296,-3.8873951754809895,0.0,0.16136861722406448,949,Baixo
EMP_RJ_01394,Comércio varejista de combustíveis (postos),4731,Ativa,Baixo,0,5865,Não informado,,,3,2,-0.047864077755250145,1,0.4233559561626635,0.5766440438373365,-1,1,4.567677051200342,-3.2955510652722992,0.16666666666666666,0.5383220219186682,109,Alto
EMP_RJ_01395,Comércio varejista de combustíveis (postos),4731,Ativa,Baixo,0,5869,Não informado,,,0,0,0.04294724945702455,0,0.6680723364613557,0.33192766353864434,29,0,1.800270218580318,-3.87896740874581,0.0,0.16596383176932217,921,Baixo
EMP_RJ_01396,Comércio varejista de combustíveis (postos),4731,Ativa,Baixo,0,5847,Não informado,,,0,0,0.0175831549798387,0,0.599721728882393,0.40027827111760705,30,0,1.24678135201723,-4.145315468515249,0.0,0.20013913555880353,799,Baixo
EMP_RJ_01397,Comércio varejista de combustíveis (postos),4731,Ativa,Médio,0,6001,Não informado,,,3,4,-0.06489435413337274,1,0.3774631394989603,0.6225368605010397,-1,1,6.406609591361858,-1.9525531918059675,0.3333333333333333,0.6112684302505198,52,Alto
EMP_RJ_01398,Comércio varejista de combustíveis (postos),4731,Suspensa,Baixo,0,6001,Não informado,,,2,2,0.019675045416582382,0,0.6053589095224768,0.39464109047752316,-1,1,1.4501500915575738,-1.4737352029177937,0.16666666666666666,0.4473205452387616,195,Médio
EMP_RJ_01399,Extração de petróleo e gás natural,0600,Ativa,Médio,0,6001,Não informado,,,0,3,0.017750274232326113,0,0.6001720781923567,0.39982792180764326,31,0,4.096621886985224,-0.7939810303221183,0.25,0.27491396090382164,539,Baixo
EMP_RJ_01400,Comércio varejista de combustíveis (postos),4731,Ativa,Baixo,0,6001,Não informado,,,0,1,-0.01772682076832044,1,0.5045691777768945,0.4954308222231055,-1,1,4.32273872730399,-2.63577903008272,0.08333333333333333,0.4727154111115528,179,Médio
EMP_RJ_01401,Comércio varejista de combustíveis (postos),4731,Ativa,Médio,0,5897,Não informado,,,3,4,-0.059145836760629455,1,0.39295411850704753,0.6070458814929525,-1,1,5.486245885214746,-3.2656730596941066,0.3333333333333333,0.6035229407464762,60,Alto
EMP_RJ_01402,Comércio atacadista de combustíveis,4681,Ativa,Baixo,0,6001,Não informado,,,0,0,-0.05693294984697661,1,0.39891735780927273,0.6010826421907273,-1,1,3.5244239200015217,-3.507682886650019,0.0,0.5005413210953636,150,Alto
EMP_RJ_01403,Comércio varejista de combustíveis (postos),4731,Ativa,Baixo,0,5813,Não informado,,,0,0,0.008989702664961796,0,0.5765642813554963,0.4234357186445037,29,0,1.3751639686574222,-4.185475703236426,0.0,0.21171785932225184,775,Baixo
EMP_RJ_01404,Extração de petróleo e gás natural,0600,Ativa,Baixo,0,6001,Não informado,,,0,2,0.04942105816565023,0,0.6855178147134001,0.3144821852865999,31,0,3.8682302941036615,-0.888663883633387,0.16666666666666666,0.20724109264329993,788,Baixo
EMP_RJ_01405,Comércio varejista de combustíveis (postos),4731,Ativa,Baixo,0,5847,Não informado,,,0,0,0.028563308706019752,0,0.6293108072218517,0.37068919277814827,29,0,1.9669824610544708,-3.6819169516169157,0.0,0.18534459638907413,838,Baixo
EMP_RJ_01406,Extração de petróleo e gás natural,0600,Ativa,Alto,0,6001,Não informado,,,3,6,0.008591574089145793,0,0.5754914131686959,0.4245085868313041,32,0,6.581643990531521,-0.38563545020596485,0.5,0.3622542934156521,342,Médio
EMP_RJ_01407,Extração de petróleo e gás natural,0600,Ativa,Alto,0,6001,Não informado,,,3,6,0.008932321494125595,0,0.5764096518301342,0.42359034816986585,32,0,6.581727346653013,-0.38578282583848916,0.5,0.3617951740849329,350,Médio
EMP_RJ_01408,Extração de petróleo e gás natural,0600,Ativa,Alto,0,6001,Não informado,,,3,6,0.008932321494125595,0,0.5764096518301342,0.42359034816986585,32,0,6.581727346653013,-0.38578282583848916,0.5,0.3617951740849329,350,Médio
EMP_RJ_01409,Extração de petróleo e gás natural,0600,Ativa,Alto,0,6001,Não informado,,,3,6,0.008591574089145793,0,0.5754914131686959,0.4245085868313041,32,0,6.581755132026843,-0.3858319510493304,0.5,0.3622542934156521,342,Médio
EMP_RJ_01410,Comércio atacadista de combustíveis,4681,Ativa,Baixo,0,5819,Não informado,,,0,0,0.01854494906989962,0,0.6023135505806069,0.39768644941939313,29,0,1.856391338829119,-3.794595168943874,0.0,0.19884322470969656,805,Baixo
EMP_RJ_01411,Extração de petróleo e gás natural,0600,Ativa,Alto,0,6001,Não informado,,,3,6,0.008591574089145793,0,0.5754914131686959,0.4245085868313041,32,0,6.581755132026843,-0.3858319510493304,0.5,0.3622542934156521,342,Médio
EMP_RJ_01412,Extração de petróleo e gás natural,0600,Ativa,Alto,0,6001,Não informado,,,3,6,0.008797309573436496,0,0.5760458246563392,0.42395417534366076,32,0,6.581949629643654,-0.38617582752522045,0.5,0.36197708767183034,346,Médio
EMP_RJ_01413,Extração de petróleo e gás natural,0600,Ativa,Alto,0,6001,Não informado,,,5,8,-0.052514745016389086,1,0.4108234396467534,0.5891765603532466,-1,1,8.314468265189477,0.5912445230176682,0.6666666666666666,0.6945882801766232,11,Alto
EMP_RJ_01414,Extração de petróleo e gás natural,0600,Ativa,Alto,0,6001,Não informado,,,5,8,-0.052514745016389086,1,0.4108234396467534,0.5891765603532466,-1,1,8.314496050563308,0.5911953978068267,0.6666666666666666,0.6945882801766232,11,Alto
EMP_RJ_01415,Extração de petróleo e gás natural,0600,Ativa,Alto,0,6001,Não informado,,,3,6,0.008797309573436496,0,0.5760458246563392,0.42395417534366076,32,0,6.581977415017485,-0.3862249527360619,0.5,0.36197708767183034,346,Médio
EMP_RJ_01416,Extração de petróleo e gás natural,0600,Ativa,Alto,0,6001,Não informado,,,3,6,0.008797309573436496,0,0.5760458246563392,0.42395417534366076,32,0,6.581977415017485,-0.3862249527360619,0.5,0.36197708767183034,346,Médio
EMP_RJ_01417,Extração de petróleo e gás natural,0600,Ativa,Alto,0,6001,Não informado,,,3,6,0.008797309573436496,0,0.5760458246563392,0.42395417534366076,32,0,6.581977415017485,-0.3862249527360619,0.5,0.36197708767183034,346,Médio
EMP_RJ_01418,Extração de petróleo e gás natural,0600,Ativa,Alto,0,6001,Não informado,,,3,6,0.00862691900773982,0,0.5755866598830189,0.42441334011698106,32,0,6.582005200391315,-0.3862740779469033,0.5,0.3622066700584905,345,Médio
EMP_RJ_01419,Extração de petróleo e gás natural,0600,Ativa,Baixo,0,6001,Não informado,,,0,2,0.049296904097048344,0,0.6851832470421603,0.31481675295783973,31,0,3.8690638553185686,-0.8901376399586299,0.16666666666666666,0.20740837647891985,787,Baixo
EMP_RJ_01420,Comércio varejista de combustíveis (postos),4731,Ativa,Baixo,0,5837,Não informado,,,0,0,0.0473292823395694,0,0.6798809429236261,0.3201190570763739,29,0,1.516968970304098,-4.247916453952769,0.0,0.16005952853818695,956,Baixo
EMP_RJ_01421,Comércio varejista de combustíveis (postos),4731,Ativa,Baixo,0,5877,Não informado,,,0,0,0.021695968686477052,0,0.6108048493920042,0.3891951506079958,-1,1,2.6900461352035707,-3.8524946711145587,0.0,0.3945975753039979,267,Médio
EMP_RJ_01422,Comércio varejista de combustíveis (postos),4731,Ativa,Baixo,0,6001,Não informado,,,3,2,-0.035310133294277235,1,0.4571860513861243,0.5428139486138757,-1,1,4.776688001384986,-2.6004836478584097,0.16666666666666666,0.5214069743069378,133,Alto
EMP_RJ_01423,Extração de petróleo e gás natural,0600,Ativa,Alto,0,6001,Não informado,,,3,6,0.008105328034686221,0,0.5741810879258579,0.42581891207414213,32,0,6.583158465971941,-0.3883130426120171,0.5,0.36290945603707103,339,Médio
EMP_RJ_01424,Comércio varejista de combustíveis (postos),4731,Ativa,Baixo,0,5869,Não informado,,,0,0,0.04654802093333266,0,0.677775616757052,0.322224383242948,29,0,1.7398956054546622,-3.9014460594424163,0.0,0.161112191621474,952,Baixo
EMP_RJ_01425,Comércio atacadista de combustíveis,4681,Ativa,Baixo,0,6001,Não informado,,,0,0,0.006017045525692488,0,0.5685536298506395,0.4314463701493605,-1,1,2.51922267950885,-3.0306131940905288,0.0,0.41572318507468026,243,Médio
EMP_RJ_01426,Comércio varejista de combustíveis (postos),4731,Ativa,Baixo,0,5919,Não informado,,,0,0,-0.04954790774411144,1,0.418818407901208,0.5811815920987919,-1,1,0.6409449061279584,-5.304042029857191,0.0,0.490590796049396,157,Médio
EMP_RJ_01427,Comércio atacadista de combustíveis,4681,Ativa,Baixo,0,5833,Não informado,,,0,0,-0.04343301281774792,1,0.43529669313525815,0.5647033068647418,-1,1,2.8318315321465777,-3.810731404893482,0.0,0.4823516534323709,166,Médio
EMP_RJ_01428,Comércio varejista de combustíveis (postos),4731,Ativa,Baixo,0,5865,Não informado,,,0,0,0.04619812109593047,0,0.6768327143207071,0.32316728567929287,29,0,1.6383109791933606,-4.17203368992232,0.0,0.16158364283964644,946,Baixo
EMP_RJ_01429,Comércio varejista de combustíveis (postos),4731,Ativa,Baixo,0,5869,Não informado,,,0,0,-0.00021656153421689694,1,0.5517554417530295,0.4482445582469705,29,0,2.2088348495675465,-3.3349833635897994,0.0,0.22412227912348526,761,Baixo
EMP_RJ_01430,Comércio varejista de combustíveis (postos),4731,Ativa,Baixo,0,5869,Não informado,,,0,1,0.008708631251377885,0,0.5758068562517213,0.42419314374827866,29,0,2.0403978989772673,-3.8084312722373053,0.08333333333333333,0.23709657187413932,714,Baixo
EMP_RJ_01431,Comércio varejista de combustíveis (postos),4731,Ativa,Baixo,0,6001,Não informado,,,0,0,0.012873864235755372,0,0.5870312350855966,0.4129687649144034,-1,1,2.8380871554220493,-3.1344085606462606,0.0,0.4064843824572017,254,Médio
EMP_RJ_01432,Comércio varejista de combustíveis (postos),4731,Ativa,Baixo,0,5801,Não informado,,,0,0,-0.0004302862217534509,1,0.5511795011350474,0.44882049886495257,-1,1,2.3330344594440646,-3.815389804036102,0.0,0.4244102494324763,231,Médio
EMP_RJ_01433,Comércio varejista de combustíveis (postos),4731,Ativa,Baixo,0,6001,Não informado,,,0,0,0.004588798179910314,0,0.564704820111145,0.435295179888855,-1,1,2.5220035847226896,-3.0357687850248647,0.0,0.4176475899444275,241,Médio
EMP_RJ_01434,Comércio varejista de combustíveis (postos),4731,Ativa,Médio,0,2921,Não informado,,,3,4,-0.09159509728024084,1,0.3055105602913802,0.6944894397086199,-1,1,4.930078279308585,-3.0373834731573033,0.3333333333333333,0.6472447198543099,34,Alto
EMP_RJ_01435,Comércio atacadista de combustíveis,4681,Ativa,Baixo,0,6001,Não informado,,,0,2,-0.030714238687493456,1,0.46957096774988805,0.530429032250112,-1,1,2.049558306177484,-3.981647378587239,0.16666666666666666,0.515214516125056,140,Alto
EMP_RJ_01436,Comércio varejista de combustíveis (postos),4731,Ativa,Baixo,0,6001,Não informado,,,3,2,-0.048489812501979035,1,0.4216697398397959,0.5783302601602041,-1,1,5.892111778794438,-1.7340709947464568,0.16666666666666666,0.539165130080102,108,Alto
EMP_RJ_01437,Extração de petróleo e gás natural,0600,Ativa,Baixo,0,6001,Não informado,S,N,0,2,-0.029714657634435926,1,0.47226461693032123,0.5277353830696787,-1,1,2.5391454502960236,-3.11468571970364,0.16666666666666666,0.5138676915348394,142,Alto
EMP_RJ_01438,Comércio atacadista de combustíveis,4681,Ativa,Médio,0,5833,Não informado,,,3,4,-0.0541842530290364,1,0.40632448593385695,0.593675514066143,-1,1,4.485199108702558,-3.6200584473292183,0.3333333333333333,0.5968377570330715,66,Alto
EMP_RJ_01439,Comércio varejista de combustíveis (postos),4731,Ativa,Baixo,0,5869,Não informado,,,0,1,0.014709843146746004,0,0.5919787909378762,0.4080212090621238,29,0,2.0427858283496447,-3.8103883180956606,0.08333333333333333,0.2290106045310619,753,Baixo
EMP_RJ_01440,Comércio varejista de combustíveis (postos),4731,Ativa,Baixo,0,6001,Não informado,,,0,0,0.00278406274506926,0,0.5598414584957077,0.44015854150429234,-1,1,2.7241350651012364,-2.7555687698684124,0.0,0.4200792707521462,236,Médio
EMP_RJ_01441,Comércio varejista de combustíveis (postos),4731,Ativa,Médio,0,5897,Não informado,,,3,4,-0.06008465742042224,1,0.3904242051067392,0.6095757948932607,-1,1,5.496190885043522,-3.2838220842722565,0.3333333333333333,0.6047878974466303,58,Alto
EMP_RJ_01442,Comércio varejista de combustíveis (postos),4731,Ativa,Baixo,0,2909,Não informado,,,0,0,0.011529783001449023,0,0.5834092343442355,0.4165907656557645,30,0,1.2506082575863982,-4.204610615631034,0.0,0.20829538282788224,783,Baixo
EMP_RJ_01443,Comércio varejista de combustíveis (postos),4731,Ativa,Baixo,0,5925,Não informado,,,0,1,-0.0327100624824842,1,0.4641926653968957,0.5358073346031043,-1,1,3.7662819531269878,-3.464056661297471,0.08333333333333333,0.49290366730155216,155,Médio
EMP_RJ_01444,Comércio varejista de combustíveis (postos),4731,Ativa,Baixo,0,5925,Não informado,,,0,1,-0.0327100624824842,1,0.4641926653968957,0.5358073346031043,-1,1,3.7662819531269878,-3.464056661297471,0.08333333333333333,0.49290366730155216,155,Médio
EMP_RJ_01445,Comércio varejista de combustíveis (postos),4731,Ativa,Médio,0,6001,Não informado,,,3,4,-0.05097781336658558,1,0.41496512947391817,0.5850348705260818,-1,1,6.814864082251316,-2.24452172796054,0.3333333333333333,0.5925174352630409,72,Alto
EMP_RJ_01446,Comércio varejista de combustíveis (postos),4731,Ativa,Baixo,0,786,Não informado,,,0,1,-0.026819380601532106,1,0.48006674621533835,0.5199332537846617,29,0,1.7862642538406068,-4.112067014831288,0.08333333333333333,0.2849666268923309,478,Baixo
EMP_RJ_01447,Comércio varejista de combustíveis (postos),4731,Ativa,Baixo,0,5819,Não informado,,,0,0,0.013082865890018114,0,0.5875944481767131,0.41240555182328686,29,0,1.5997921654950154,-4.11026196280467,0.0,0.20620277591164343,790,Baixo
EMP_RJ_01448,Comércio varejista de combustíveis (postos),4731,Ativa,Baixo,0,5819,Não informado,,,0,0,0.009321759063250057,0,0.577459099682005,0.42254090031799496,30,0,1.284048589095052,-4.010670324294011,0.0,0.21127045015899748,777,Baixo
EMP_RJ_01449,Comércio varejista de combustíveis (postos),4731,Ativa,Baixo,0,5813,Não informado,,,0,0,-0.03302097780646773,1,0.4633548175754803,0.5366451824245198,-1,1,2.064606487309061,-4.014290511622058,0.0,0.4683225912122599,183,Médio
EMP_RJ_01450,Extração de petróleo e gás natural,0600,Ativa,Baixo,0,6001,Não informado,,,0,2,0.04803264284333614,0,0.6817763434403977,0.3182236565596023,31,0,3.8803457524936724,-0.9100840860514176,0.16666666666666666,0.20911182827980113,782,Baixo
EMP_RJ_01451,Extração de petróleo e gás natural,0600,Ativa,Médio,0,6001,Não informado,,,3,4,-0.0010627996085289526,1,0.5494750178810988,0.45052498211890124,-1,1,5.624113260754335,-0.42514311137243715,0.3333333333333333,0.5252624910594506,126,Alto
EMP_RJ_01452,Extração de petróleo e gás natural,0600,Ativa,Médio,0,6001,Não informado,,,3,4,-0.0010627996085289526,1,0.5494750178810988,0.45052498211890124,-1,1,5.624307758371146,-0.4254869878483272,0.3333333333333333,0.5252624910594506,126,Alto
EMP_RJ_01453,Comércio varejista de combustíveis (postos),4731,Ativa,Baixo,0,5897,Não informado,,,0,1,-0.019529161276164442,1,0.4997122699583985,0.5002877300416015,-1,1,3.05115180519183,-3.435875869433823,0.08333333333333333,0.4751438650208008,174,Médio
EMP_RJ_01454,Comércio varejista de combustíveis (postos),4731,Ativa,Baixo,0,5833,Não informado,,,2,1,-0.018267770057014854,1,0.5031114394537335,0.4968885605462665,-1,1,1.9213735150642992,-4.237213085002565,0.08333333333333333,0.4734442802731333,177,Médio
EMP_RJ_01455,Comércio varejista de combustíveis (postos),4731,Ativa,Baixo,0,5819,Não informado,,,5,2,-0.08956974135344886,1,0.31096844518785866,0.6890315548121413,-1,1,4.001176314610999,-3.6149173143699396,0.16666666666666666,0.5945157774060706,69,Alto
EMP_RJ_01456,Comércio varejista de combustíveis (postos),4731,Ativa,Baixo,0,5843,Não informado,,,2,0,-0.05646525236253308,1,0.40017769877092707,0.5998223012290729,-1,1,1.6871453305527575,-4.480519214046051,0.0,0.49991115061453645,151,Médio
EMP_RJ_01457,Comércio atacadista de combustíveis,4681,Ativa,Baixo,0,6001,Não informado,,,2,0,-0.013897973690937815,1,0.5148870712188004,0.4851129287811996,-1,1,2.558996811212076,-3.6301793184737816,0.0,0.4425564643905998,203,Médio
EMP_RJ_01458,Comércio varejista de combustíveis (postos),4731,Ativa,Baixo,0,6001,Não informado,,,2,1,-0.0509928021745053,1,0.41492473796184903,0.585075262038151,-1,1,4.083567709305579,-2.8799139627419543,0.08333333333333333,0.5175376310190756,139,Alto
EMP_RJ_01459,Comércio varejista de combustíveis (postos),4731,Ativa,Médio,0,5833,Não informado,,,5,4,-0.07453834699400064,1,0.35147471826421056,0.6485252817357894,-1,1,5.332337830889694,-3.745073988558712,0.3333333333333333,0.6242626408678946,43,Alto
EMP_RJ_01460,Comércio varejista de combustíveis (postos),4731,Ativa,Baixo,0,5893,Não informado,,,2,0,-0.028229269464529194,1,0.47626740851411103,0.523732591485889,-1,1,0.8832930227547883,-4.642243969097535,0.0,0.4618662957429445,189,Médio
EMP_RJ_01461,Comércio varejista de combustíveis (postos),4731,Ativa,Médio,0,5909,Não informado,,,5,4,-0.09287561311522363,1,0.3020598541991804,0.6979401458008196,-1,1,4.402915134021705,-3.7990588136070196,0.3333333333333333,0.6489700729004098,31,Alto
EMP_RJ_01462,Comércio varejista de combustíveis (postos),4731,Ativa,Baixo,0,5869,Não informado,,,2,1,-0.036512735008361275,1,0.4539453065644599,0.5460546934355401,-1,1,2.788739347665507,-3.940481004244113,0.08333333333333333,0.4980273467177701,153,Médio
EMP_RJ_01463,Comércio varejista de combustíveis (postos),4731,Ativa,Baixo,0,6001,Não informado,,,2,0,-0.01570922930559504,1,0.5100061391652637,0.4899938608347363,-1,1,2.5609997259586685,-3.6339594035045577,0.0,0.44499693041736815,200,Médio
EMP_RJ_01464,Comércio varejista de combustíveis (postos),4731,Ativa,Baixo,0,6001,Não informado,,,2,1,-0.059465514634974626,1,0.3920926575563837,0.6079073424436163,-1,1,2.6102278297177275,-3.422004770935941,0.08333333333333333,0.5289536712218081,118,Alto
EMP_RJ_01465,Comércio varejista de combustíveis (postos),4731,Ativa,Baixo,0,6001,Não informado,,,2,0,-0.015887911668159393,1,0.5095246298389243,0.4904753701610757,-1,1,2.564528813568451,-3.6401988421118086,0.0,0.44523768508053785,199,Médio
EMP_RJ_01466,Comércio varejista de combustíveis (postos),4731,Ativa,Baixo,0,5877,Não informado,S,N,2,0,-0.001425507258312697,1,0.5484976012318052,0.45150239876819476,-1,1,0.910717348550039,-4.650461882280905,0.0,0.4257511993840974,227,Médio
EMP_RJ_01467,Comércio varejista de combustíveis (postos),4731,Ativa,Baixo,0,5825,Não informado,,,2,1,-0.0513876316059122,1,0.4138607602373144,0.5861392397626857,-1,1,1.106217648989993,-4.843801007560965,0.08333333333333333,0.5180696198813428,138,Alto
EMP_RJ_01468,Comércio varejista de combustíveis (postos),4731,Ativa,Baixo,0,5877,Não informado,,,2,0,0.01434617631757501,0,0.5909987895129284,0.4090012104870716,-1,1,1.2287175295503079,-4.749384272421414,0.0,0.4045006052435358,257,Médio
EMP_RJ_01469,Comércio atacadista de combustíveis,4681,Ativa,Baixo,0,5833,Não informado,,,2,0,-0.0067169017342254556,1,0.5342384670177329,0.4657615329822671,-1,1,1.049295935315122,-4.553202546861457,0.0,0.43288076649113355,217,Médio
EMP_RJ_01470,Comércio varejista de combustíveis (postos),4731,Ativa,Médio,0,5915,Não informado,,,2,3,0.0067682929727711505,0,0.5705780750558944,0.4294219249441056,33,0,1.3529910979861206,-4.247511468748268,0.25,0.2897109624720528,465,Baixo
EMP_RJ_01471,Comércio atacadista de combustíveis,4681,Inapta,Alto,0,5801,Não informado,,,4,8,-0.09071191970158754,1,0.307890527932463,0.6921094720675369,-1,1,-2.0250244583270933,-3.3108966838536897,0.6666666666666666,0.7460547360337684,2,Crítico
EMP_RJ_01472,Comércio varejista de combustíveis (postos),4731,Ativa,Médio,0,6001,Não informado,,,2,3,0.009458246233090772,0,0.5778269023249788,0.4221730976750212,-1,1,2.7001236845927536,-3.073956469647939,0.25,0.4860865488375106,161,Médio
EMP_RJ_01473,Comércio varejista de combustíveis (postos),4731,Ativa,Médio,0,5819,Não informado,,,2,3,0.010659054928482625,0,0.5810628153590498,0.4189371846409502,33,0,1.4562074714974678,-4.037482322226231,0.25,0.2844685923204751,479,Baixo
EMP_RJ_01474,Comércio varejista de combustíveis (postos),4731,Ativa,Médio,0,5913,Não informado,,,2,3,-0.007850457627775143,1,0.5311837853645588,0.4688162146354412,33,0,1.1338948006113834,-4.105940348800575,0.25,0.3094081073177206,426,Médio
EMP_RJ_01475,Comércio varejista de combustíveis (postos),4731,Ativa,Médio,0,5813,Não informado,,,2,4,-0.055839005660808905,1,0.4018652946989295,0.5981347053010705,-1,1,2.5673093388478567,-3.6736857620978856,0.3333333333333333,0.5990673526505352,65,Alto
EMP_RJ_01476,Comércio varejista de combustíveis (postos),4731,Ativa,Médio,0,5833,Não informado,,,2,4,-0.01517510460408078,1,0.5114454867400123,0.48855451325998767,33,0,1.7979579209301333,-3.9841040751579935,0.3333333333333333,0.3442772566299938,370,Médio
EMP_RJ_01477,Comércio varejista de combustíveis (postos),4731,Ativa,Médio,0,6001,Não informado,,,2,3,-0.008028874205221692,1,0.5307029922701473,0.4692970077298527,-1,1,2.7673079111291528,-3.0641767536655338,0.25,0.5096485038649263,144,Alto
EMP_RJ_01478,Comércio varejista de combustíveis (postos),4731,Ativa,Médio,0,5819,Não informado,,,2,4,-0.055946992220067715,1,0.40157429487859925,0.5984257051214008,-1,1,3.127978604913753,-2.761844017773792,0.3333333333333333,0.5992128525607003,64,Alto
EMP_RJ_01479,Comércio varejista de combustíveis (postos),4731,Ativa,Médio,0,1116,Não informado,,,2,4,-0.04606414068381404,1,0.4282063872532438,0.5717936127467562,33,0,1.1033875344827857,-4.25003870781398,0.3333333333333333,0.3858968063733781,278,Médio
EMP_RJ_01480,Comércio varejista de combustíveis (postos),4731,Ativa,Médio,0,5901,Não informado,,,2,3,0.01950726726956231,0,0.6049067846379237,0.3950932153620763,33,0,1.5171355371309503,-3.945302065884219,0.25,0.27254660768103817,548,Baixo
EMP_RJ_01481,Comércio atacadista de combustíveis,4681,Ativa,Médio,0,5897,Não informado,,,2,3,0.01466264347132984,0,0.5918515982839012,0.4081484017160988,33,0,1.3844588031987781,-4.120128545170505,0.25,0.2790742008580494,516,Baixo
EMP_RJ_01482,Comércio varejista de combustíveis (postos),4731,Ativa,Médio,0,5847,Não informado,,,2,3,0.02680816105033712,0,0.6245810736701728,0.3754189263298272,33,0,1.5711863467696165,-3.9337353940326443,0.25,0.2627094631649136,593,Baixo
EMP_RJ_01483,Comércio varejista de combustíveis (postos),4731,Ativa,Médio,0,5833,Não informado,,,2,3,0.02530737751176937,0,0.6205367949833118,0.3794632050166882,33,0,1.503119872101769,-4.089273740254179,0.25,0.2647316025083441,586,Baixo
EMP_RJ_01484,Comércio atacadista de combustíveis,4681,Ativa,Médio,0,5877,Não informado,,,2,3,0.032049025942318676,0,0.6387040418655641,0.36129595813443593,33,0,1.3663921016292606,-4.188610726040205,0.25,0.255647979067218,622,Baixo
EMP_RJ_01485,Comércio varejista de combustíveis (postos),4731,Ativa,Médio,0,6001,Não informado,,,5,5,-0.06306085523819527,1,0.38240401225881615,0.6175959877411838,-1,1,5.707976736753036,-2.201828813315803,0.4166666666666667,0.633797993870592,40,Alto
EMP_RJ_01486,Comércio varejista de combustíveis (postos),4731,Ativa,Médio,0,6001,Não informado,,,5,5,-0.06306085523819527,1,0.38240401225881615,0.6175959877411838,-1,1,5.707976736753036,-2.201828813315803,0.4166666666666667,0.633797993870592,40,Alto
EMP_RJ_01487,Extração de petróleo e gás natural,0600,Ativa,Alto,0,6001,Não informado,,,2,6,0.007899740312886316,0,0.5736270746253461,0.4263729253746539,-1,1,4.038750156803171,-0.7465697626835973,0.5,0.5631864626873269,91,Alto
EMP_RJ_01488,Comércio varejista de combustíveis (postos),4731,Ativa,Médio,0,6001,Não informado,,,2,3,-0.05254492742381445,1,0.4107421047547242,0.5892578952452758,-1,1,3.8665711245836953,-2.466831430164775,0.25,0.5696289476226379,86,Alto
EMP_RJ_01489,Extração de petróleo e gás natural,0600,Ativa,Alto,0,6001,Não informado,,,2,6,0.007899740312886316,0,0.5736270746253461,0.4263729253746539,-1,1,4.038889083672322,-0.7468153887378043,0.5,0.5631864626873269,91,Alto
EMP_RJ_01490,Extração de petróleo e gás natural,0600,Ativa,Alto,0,6001,Não informado,,,2,6,0.007899740312886316,0,0.5736270746253461,0.4263729253746539,-1,1,4.038889083672322,-0.7468153887378043,0.5,0.5631864626873269,91,Alto
EMP_RJ_01491,Extração de petróleo e gás natural,0600,Ativa,Alto,0,6001,Não informado,,,5,7,-0.01738933802892495,1,0.5054786188888507,0.4945213811111493,-1,1,5.4847004033699065,-0.3639204078495251,0.5833333333333334,0.6222606905555748,45,Alto
EMP_RJ_01492,Extração de petróleo e gás natural,0600,Ativa,Alto,0,6001,Não informado,,,5,7,-0.01738933802892495,1,0.5054786188888507,0.4945213811111493,-1,1,5.4847004033699065,-0.3639204078495251,0.5833333333333334,0.6222606905555748,45,Alto
EMP_RJ_01493,Extração de petróleo e gás natural,0600,Ativa,Alto,0,6001,Não informado,,,5,7,-0.01738933802892495,1,0.5054786188888507,0.4945213811111493,-1,1,5.4847004033699065,-0.3639204078495251,0.5833333333333334,0.6222606905555748,45,Alto
EMP_RJ_01494,Extração de petróleo e gás natural,0600,Ativa,Alto,0,6001,Não informado,,,5,7,-0.017568588856922807,1,0.5049955776742824,0.4950044223257176,-1,1,5.484728188743737,-0.36396953306036633,0.5833333333333334,0.6225022111628589,44,Alto
EMP_RJ_01495,Extração de petróleo e gás natural,0600,Ativa,Médio,0,6001,Não informado,,,2,5,0.030198969662853403,0,0.6337185506283166,0.3662814493716834,-1,1,3.6749529577851714,-0.8625622120368711,0.4166666666666667,0.5081407246858417,147,Alto
EMP_RJ_01496,Comércio varejista de combustíveis (postos),4731,Ativa,Médio,0,5905,Não informado,,,2,3,-0.021116040918509937,1,0.4954359813723202,0.5045640186276799,-1,1,0.7088688053839849,-4.319414543613362,0.25,0.52728200931384,123,Alto
EMP_RJ_01497,Comércio varejista de combustíveis (postos),4731,Ativa,Médio,0,5901,Não informado,,,2,3,0.02789522038914366,0,0.6275104574235981,0.3724895425764019,33,0,1.3212226377482446,-4.233369332877062,0.25,0.26124477128820095,601,Baixo
EMP_RJ_01498,Comércio varejista de combustíveis (postos),4731,Ativa,Médio,0,6001,Não informado,,,2,4,-0.03853086724573229,1,0.4485068879083918,0.5514931120916082,-1,1,3.0047445060258133,-2.985485498559123,0.3333333333333333,0.5757465560458042,78,Alto
EMP_RJ_01499,Comércio varejista de combustíveis (postos),4731,Ativa,Alto,0,6001,Não informado,,,5,7,-0.07569832418924827,1,0.3483488370645395,0.6516511629354604,-1,1,6.28353591432298,-1.9202182595793724,0.5833333333333334,0.7008255814677302,8,Crítico
EMP_RJ_01500,Comércio atacadista de combustíveis,4681,Ativa,Baixo,0,6001,Não informado,,,0,0,0.06570587691239133,0,0.7294017884406787,0.2705982115593213,28,0,1.179347039171694,0.35426695702926814,0.0,0.13529910577966064,1040,Baixo
EMP_RJ_01501,Comércio varejista de combustíveis (postos),4731,Ativa,Baixo,0,6001,Não informado,,,0,0,0.06039213596424503,0,0.7150824354415131,0.28491756455848694,28,0,0.9817387783862386,0.0608710993351836,0.0,0.14245878227924347,1016,Baixo
EMP_RJ_01502,Comércio varejista de combustíveis (postos),4731,Ativa,Baixo,0,5847,Não informado,,,0,2,0.13730337500544776,0,0.9223411618606832,0.07765883813931684,2,0,-0.8993957877909466,1.0144350483165219,0.16666666666666666,0.08882941906965841,1261,Baixo
EMP_RJ_01503,Comércio varejista de combustíveis (postos),4731,Ativa,Baixo,0,6001,Não informado,,,0,0,0.06585274798398427,0,0.729797573395201,0.270202426604799,28,0,1.0499769074912695,0.07352371242236762,0.0,0.1351012133023995,1041,Baixo
EMP_RJ_01504,Comércio varejista de combustíveis (postos),4731,Ativa,Baixo,0,5881,Não informado,N,N,0,0,-0.009893192173211052,1,0.5256790689462901,0.47432093105370987,-1,1,0.033643467951387014,0.19617187910545295,0.0,0.43716046552685495,210,Médio
EMP_RJ_01505,Comércio varejista de combustíveis (postos),4731,Inapta,Crítico,0,6001,Não informado,,,4,10,0.06960857915943958,0,0.7399187051800271,0.2600812948199729,1,0,-1.5936654198675846,0.8972685156926743,0.8333333333333334,0.38004064740998644,290,Médio
EMP_RJ_01506,Comércio varejista de combustíveis (postos),4731,Ativa,Baixo,0,6001,Não informado,S,N,0,2,0.15535695209377348,0,0.9709915469186091,0.029008453081390884,0,0,0.04022174531736344,1.5726094102686559,0.16666666666666666,0.06450422654069543,1422,Baixo
EMP_RJ_01507,Comércio varejista de combustíveis (postos),4731,Ativa,Baixo,0,5823,Não informado,,,0,0,0.02280579847417752,0,0.6137955944535631,0.38620440554643687,-1,1,-1.310176973308428,-1.1341796474065446,0.0,0.39310220277321845,271,Médio
EMP_RJ_01508,Comércio atacadista de combustíveis,4681,Ativa,Baixo,0,5833,Não informado,,,0,0,0.016321786901464852,0,0.5963226217463148,0.4036773782536852,-1,1,-0.211456677982224,-1.006393970025934,0.0,0.4018386891268426,261,Médio
EMP_RJ_01509,Comércio varejista de combustíveis (postos),4731,Inapta,Alto,0,6001,Não informado,,,4,6,0.02963196842042859,0,0.6321906080694911,0.3678093919305089,-1,1,-0.28312190034847934,0.6937798618715411,0.5,0.5339046959652545,113,Alto
EMP_RJ_01510,Comércio atacadista de combustíveis,4681,Inapta,Alto,0,6001,Não informado,N,N,4,8,0.1192066239976835,0,0.873574432668026,0.12642556733197396,4,0,-1.1137495760236493,1.830416956747924,0.6666666666666666,0.263212783665987,592,Baixo
EMP_RJ_01511,Comércio varejista de combustíveis (postos),4731,Inapta,Alto,0,5819,Não informado,,,4,8,0.08032256972985213,0,0.7687905328631192,0.23120946713688084,3,0,-1.5532490898203226,1.993637327205426,0.6666666666666666,0.31560473356844043,414,Médio
EMP_RJ_01512,Comércio varejista de combustíveis (postos),4731,Inapta,Alto,0,5877,Não informado,N,N,4,8,0.13709773604656356,0,0.9217870104875963,0.07821298951240374,3,0,-2.2470197795016604,0.9970924644595917,0.6666666666666666,0.23910649475620185,708,Baixo
EMP_RJ_01513,Comércio varejista de combustíveis (postos),4731,Ativa,Baixo,0,6001,Não informado,,,0,2,0.15535695209377348,0,0.9709915469186091,0.029008453081390884,0,0,0.05015587929502934,1.555045805316872,0.16666666666666666,0.06450422654069543,1422,Baixo
EMP_RJ_01514,Comércio atacadista de combustíveis,4681,Inapta,Alto,0,6001,Não informado,,,4,6,0.010697477729546323,0,0.5811663562837989,0.41883364371620113,-1,1,-0.47389590893496575,0.392791629983374,0.5,0.5594168218581006,95,Alto
EMP_RJ_01515,Comércio varejista de combustíveis (postos),4731,Inapta,Crítico,0,5901,Não informado,,,4,10,0.08723543432970715,0,0.7874191693372574,0.21258083066274258,6,0,-2.964792441586375,-0.27744184565218655,0.8333333333333334,0.3562904153313713,362,Médio
EMP_RJ_01516,Comércio varejista de combustíveis (postos),4731,Inapta,Crítico,0,5913,Não informado,,,4,10,0.05098970962002897,0,0.6897449823768406,0.31025501762315943,6,0,-3.4084290878525505,-0.46346541073189623,0.8333333333333334,0.4051275088115797,255,Médio
EMP_RJ_01517,Comércio atacadista de combustíveis,4681,Inapta,Alto,0,2907,Não informado,N,N,4,6,-0.01423480368572061,1,0.5139793891087637,0.48602061089123627,-1,1,-2.6840590766047705,-0.8290597201439434,0.5,0.5930103054456182,71,Alto
EMP_RJ_01518,Comércio varejista de combustíveis (postos),4731,Ativa,Baixo,0,5919,Não informado,,,0,1,0.006889579244551691,0,0.5709049146509229,0.42909508534907714,-1,1,-0.6293893091369159,-1.1264002205616428,0.08333333333333333,0.43954754267453855,207,Médio
EMP_RJ_01519,Comércio atacadista de combustíveis,4681,Ativa,Baixo,0,5847,Não informado,,,0,0,-0.04682062350284322,1,0.4261678338820521,0.573832166117948,-1,1,-0.5172135345461324,-2.609272511703763,0.0,0.486916083058974,160,Médio
